"ID","Record","Collection","Locator","Original","Directed replacement","Note","Source URL"
"CR-01","rule-1","dpdp","p. 24, line 22","of this Gazette","in the Official Gazette","Rule 1(3), first occurrence.","https://www.meity.gov.in/static/uploads/2025/12/3c7ebbae0e5456f493f486e6845df86b.pdf"
"CR-02","rule-1","dpdp","p. 24, line 24","of this Gazette","in the Official Gazette","Rule 1(4), second occurrence.","https://www.meity.gov.in/static/uploads/2025/12/3c7ebbae0e5456f493f486e6845df86b.pdf"
"CR-03","rule-13","dpdp","p. 29, line 44","Department","Departments","Committee definition; exact targeted phrase.","https://www.meity.gov.in/static/uploads/2025/12/3c7ebbae0e5456f493f486e6845df86b.pdf"
"CR-04","rule-23","dpdp","p. 32, line 4","given in such","given in such order","Completes the information-order wording.","https://www.meity.gov.in/static/uploads/2025/12/3c7ebbae0e5456f493f486e6845df86b.pdf"
"CR-05","schedule-first","dpdp","p. 34, line 1","everybody","every body","Corporate ownership disclosure.","https://www.meity.gov.in/static/uploads/2025/12/3c7ebbae0e5456f493f486e6845df86b.pdf"
"CR-06","schedule-first","dpdp","p. 34, line 26","(18 or 2013)","(18 of 2013)","Specified Companies Act citation only.","https://www.meity.gov.in/static/uploads/2025/12/3c7ebbae0e5456f493f486e6845df86b.pdf"
"CR-07","schedule-fourth","dpdp","p. 38, line 2",".",";","Advertisement definition terminator only.","https://www.meity.gov.in/static/uploads/2025/12/3c7ebbae0e5456f493f486e6845df86b.pdf"
"CR-08","schedule-fourth","dpdp","p. 38, lines 1–15","(a) to (f)","(a) to (g)","Seven definition labels in the Schedule's note, not global replacement.","https://www.meity.gov.in/static/uploads/2025/12/3c7ebbae0e5456f493f486e6845df86b.pdf"
"SGI-CR-01","sgi-user-notices","sgi","Gazette p. 10, lines 10-11","the Bharatiya Nagarik Suraksha Sanhita, 2023 (46 of 2023)","the Bharatiya Nyaya Sanhita, 2023 (45 of 2023) read with the Bharatiya Nagarik Suraksha Sanhita, 2023 (46 of 2023)","English-text criminal-law reference correction; not a global replacement.","https://www.meity.gov.in/static/uploads/2026/03/20c30107195f68865104dd4e16176f4d.pdf"
"SGI-CR-02","sgi-user-notices","sgi","Gazette p. 10, lines 42-43","the Bharatiya Nagarik Suraksha Sanhita, 2023 (46 of 2023)","the Bharatiya Nyaya Sanhita, 2023 (45 of 2023) read with the Bharatiya Nagarik Suraksha Sanhita, 2023 (46 of 2023)","English-text criminal-law reference correction; not a global replacement.","https://www.meity.gov.in/static/uploads/2026/03/20c30107195f68865104dd4e16176f4d.pdf"