"Gap ID","Record","Collection","Label","Kind","Dimension","Status","Statement","Supporting URLs","Records to verify"
"rule-1-limit","rule-1","dpdp","Rule 1","Record limit","Scope and interpretation","Limit retained","13 versus 14 November appears in official metadata and explanations. Do not treat a computed compliance date as settled.","https://www.meity.gov.in/static/uploads/2025/02/f8a8e97a91091543fe19139cac7514a1.pdf#page=28 | https://www.meity.gov.in/static/uploads/2025/11/53450e6e5dc0bfa85ebd78686cadad39.pdf#page=24",""
"rule-2-limit","rule-2","dpdp","Rule 2","Record limit","Scope and interpretation","Limit retained","Analyst review is not legal advice. No claim of actual compliance or real-world harm is made.","https://www.meity.gov.in/static/uploads/2025/02/f8a8e97a91091543fe19139cac7514a1.pdf#page=28 | https://www.meity.gov.in/static/uploads/2025/11/53450e6e5dc0bfa85ebd78686cadad39.pdf#page=24",""
"rule-3-limit","rule-3","dpdp","Rule 3","Record limit","Scope and interpretation","Limit retained","Wording change alone does not establish unlimited bundled consent.","https://www.meity.gov.in/static/uploads/2025/02/f8a8e97a91091543fe19139cac7514a1.pdf#page=28 | https://www.meity.gov.in/static/uploads/2025/11/53450e6e5dc0bfa85ebd78686cadad39.pdf#page=24",""
"rule-4-limit","rule-4","dpdp","Rule 4","Record limit","Scope and interpretation","Limit retained","Analyst review is not legal advice. No claim of actual compliance or real-world harm is made.","https://www.meity.gov.in/static/uploads/2025/02/f8a8e97a91091543fe19139cac7514a1.pdf#page=29 | https://www.meity.gov.in/static/uploads/2025/11/53450e6e5dc0bfa85ebd78686cadad39.pdf#page=25",""
"rule-5-limit","rule-5","dpdp","Rule 5","Record limit","Scope and interpretation","Limit retained","Do not infer unrestricted state processing from a shortened rule.","https://www.meity.gov.in/static/uploads/2025/02/f8a8e97a91091543fe19139cac7514a1.pdf#page=29 | https://www.meity.gov.in/static/uploads/2025/11/53450e6e5dc0bfa85ebd78686cadad39.pdf#page=25",""
"rule-6-limit","rule-6","dpdp","Rule 6","Record limit","Scope and interpretation","Limit retained","This is not a blanket exemption for small organizations.","https://www.meity.gov.in/static/uploads/2025/02/f8a8e97a91091543fe19139cac7514a1.pdf#page=30 | https://www.meity.gov.in/static/uploads/2025/11/53450e6e5dc0bfa85ebd78686cadad39.pdf#page=26",""
"rule-7-limit","rule-7","dpdp","Rule 7","Record limit","Scope and interpretation","Limit retained","The 72-hour detailed Board report is not a 72-hour grace period for every notification.","https://www.meity.gov.in/static/uploads/2025/02/f8a8e97a91091543fe19139cac7514a1.pdf#page=30 | https://www.meity.gov.in/static/uploads/2025/11/53450e6e5dc0bfa85ebd78686cadad39.pdf#page=26",""
"rule-8-limit","rule-8","dpdp","Rule 8","Record limit","Scope and interpretation","Limit retained","Rule 8(1)'s changed conditional syntax requires legal review. These duties are in the delayed-commencement group. The draft sub-rule (3) user-account definition moved to final Rule 2; comparing its excerpt with the new retention sub-rule does not mean that definition was abolished.","https://www.meity.gov.in/static/uploads/2025/02/f8a8e97a91091543fe19139cac7514a1.pdf#page=31 | https://www.meity.gov.in/static/uploads/2025/11/53450e6e5dc0bfa85ebd78686cadad39.pdf#page=27",""
"rule-9-limit","rule-9","dpdp","Rule 9","Record limit","Scope and interpretation","Limit retained","Analyst review is not legal advice. No claim of actual compliance or real-world harm is made.","https://www.meity.gov.in/static/uploads/2025/02/f8a8e97a91091543fe19139cac7514a1.pdf#page=32 | https://www.meity.gov.in/static/uploads/2025/11/53450e6e5dc0bfa85ebd78686cadad39.pdf#page=27",""
"rule-10-limit","rule-10","dpdp","Rule 10","Record limit","Scope and interpretation","Limit retained","The draft source rule contains both children and disability provisions; the final splits them.","https://www.meity.gov.in/static/uploads/2025/02/f8a8e97a91091543fe19139cac7514a1.pdf#page=32 | https://www.meity.gov.in/static/uploads/2025/11/53450e6e5dc0bfa85ebd78686cadad39.pdf#page=27",""
"rule-11-limit","rule-11","dpdp","Rule 11","Record limit","Scope and interpretation","Limit retained","A diagnosis alone should not be treated by this tool as a legal-capacity finding. This is a split of draft rule 10.","https://www.meity.gov.in/static/uploads/2025/02/f8a8e97a91091543fe19139cac7514a1.pdf#page=33 | https://www.meity.gov.in/static/uploads/2025/11/53450e6e5dc0bfa85ebd78686cadad39.pdf#page=28",""
"rule-12-limit","rule-12","dpdp","Rule 12","Record limit","Scope and interpretation","Limit retained","Analyst review is not legal advice. No claim of actual compliance or real-world harm is made.","https://www.meity.gov.in/static/uploads/2025/02/f8a8e97a91091543fe19139cac7514a1.pdf#page=34 | https://www.meity.gov.in/static/uploads/2025/11/53450e6e5dc0bfa85ebd78686cadad39.pdf#page=29",""
"rule-13-limit","rule-13","dpdp","Rule 13","Record limit","Scope and interpretation","Limit retained","This duty concerns Significant Data Fiduciaries; it is not a general AI licensing rule.","https://www.meity.gov.in/static/uploads/2025/02/f8a8e97a91091543fe19139cac7514a1.pdf#page=34 | https://www.meity.gov.in/static/uploads/2025/11/53450e6e5dc0bfa85ebd78686cadad39.pdf#page=29",""
"rule-14-limit","rule-14","dpdp","Rule 14","Record limit","Scope and interpretation","Limit retained","Do not describe this as a universal ninety-day deadline for every access, correction or erasure request.","https://www.meity.gov.in/static/uploads/2025/02/f8a8e97a91091543fe19139cac7514a1.pdf#page=34 | https://www.meity.gov.in/static/uploads/2025/11/53450e6e5dc0bfa85ebd78686cadad39.pdf#page=29",""
"rule-15-limit","rule-15","dpdp","Rule 15","Record limit","Scope and interpretation","Limit retained","Read section 16 of the Act. This is not proof of unrestricted international transfers.","https://www.meity.gov.in/static/uploads/2025/02/f8a8e97a91091543fe19139cac7514a1.pdf#page=35 | https://www.meity.gov.in/static/uploads/2025/11/53450e6e5dc0bfa85ebd78686cadad39.pdf#page=30",""
"rule-16-limit","rule-16","dpdp","Rule 16","Record limit","Scope and interpretation","Limit retained","Read section 17(2)(b) of the Act and the changed Second Schedule.","https://www.meity.gov.in/static/uploads/2025/02/f8a8e97a91091543fe19139cac7514a1.pdf#page=35 | https://www.meity.gov.in/static/uploads/2025/11/53450e6e5dc0bfa85ebd78686cadad39.pdf#page=30",""
"rule-17-limit","rule-17","dpdp","Rule 17","Record limit","Scope and interpretation","Limit retained","Analyst review is not legal advice. No claim of actual compliance or real-world harm is made.","https://www.meity.gov.in/static/uploads/2025/02/f8a8e97a91091543fe19139cac7514a1.pdf#page=35 | https://www.meity.gov.in/static/uploads/2025/11/53450e6e5dc0bfa85ebd78686cadad39.pdf#page=30",""
"rule-18-limit","rule-18","dpdp","Rule 18","Record limit","Scope and interpretation","Limit retained","Analyst review is not legal advice. No claim of actual compliance or real-world harm is made.","https://www.meity.gov.in/static/uploads/2025/02/f8a8e97a91091543fe19139cac7514a1.pdf#page=36 | https://www.meity.gov.in/static/uploads/2025/11/53450e6e5dc0bfa85ebd78686cadad39.pdf#page=30",""
"rule-19-limit","rule-19","dpdp","Rule 19","Record limit","Scope and interpretation","Limit retained","Analyst review is not legal advice. No claim of actual compliance or real-world harm is made.","https://www.meity.gov.in/static/uploads/2025/02/f8a8e97a91091543fe19139cac7514a1.pdf#page=36 | https://www.meity.gov.in/static/uploads/2025/11/53450e6e5dc0bfa85ebd78686cadad39.pdf#page=30",""
"rule-20-limit","rule-20","dpdp","Rule 20","Record limit","Scope and interpretation","Limit retained","Analyst review is not legal advice. No claim of actual compliance or real-world harm is made.","https://www.meity.gov.in/static/uploads/2025/02/f8a8e97a91091543fe19139cac7514a1.pdf#page=36 | https://www.meity.gov.in/static/uploads/2025/11/53450e6e5dc0bfa85ebd78686cadad39.pdf#page=31",""
"rule-21-limit","rule-21","dpdp","Rule 21","Record limit","Scope and interpretation","Limit retained","Analyst review is not legal advice. No claim of actual compliance or real-world harm is made.","https://www.meity.gov.in/static/uploads/2025/02/f8a8e97a91091543fe19139cac7514a1.pdf#page=37 | https://www.meity.gov.in/static/uploads/2025/11/53450e6e5dc0bfa85ebd78686cadad39.pdf#page=31",""
"rule-22-limit","rule-22","dpdp","Rule 22","Record limit","Scope and interpretation","Limit retained","Analyst review is not legal advice. No claim of actual compliance or real-world harm is made.","https://www.meity.gov.in/static/uploads/2025/02/f8a8e97a91091543fe19139cac7514a1.pdf#page=37 | https://www.meity.gov.in/static/uploads/2025/11/53450e6e5dc0bfa85ebd78686cadad39.pdf#page=31",""
"rule-23-limit","rule-23","dpdp","Rule 23","Record limit","Scope and interpretation","Limit retained","A removed cross-reference is not proof that statutory power disappears.","https://www.meity.gov.in/static/uploads/2025/02/f8a8e97a91091543fe19139cac7514a1.pdf#page=37 | https://www.meity.gov.in/static/uploads/2025/11/53450e6e5dc0bfa85ebd78686cadad39.pdf#page=32",""
"schedule-first-limit","schedule-first","dpdp","First Schedule","Record limit","Scope and interpretation","Limit retained","Analyst review is not legal advice. No claim of actual compliance or real-world harm is made.","https://www.meity.gov.in/static/uploads/2025/02/f8a8e97a91091543fe19139cac7514a1.pdf#page=38 | https://www.meity.gov.in/static/uploads/2025/11/53450e6e5dc0bfa85ebd78686cadad39.pdf#page=32",""
"schedule-second-limit","schedule-second","dpdp","Second Schedule","Record limit","Scope and interpretation","Limit retained","This standard does not prove that a particular dataset is faulty.","https://www.meity.gov.in/static/uploads/2025/02/f8a8e97a91091543fe19139cac7514a1.pdf#page=41 | https://www.meity.gov.in/static/uploads/2025/11/53450e6e5dc0bfa85ebd78686cadad39.pdf#page=34",""
"schedule-third-limit","schedule-third","dpdp","Third Schedule","Record limit","Scope and interpretation","Limit retained","Flattened PDF table reading order creates false token differences. No automatic table highlighting is shown.","https://www.meity.gov.in/static/uploads/2025/02/f8a8e97a91091543fe19139cac7514a1.pdf#page=42 | https://www.meity.gov.in/static/uploads/2025/11/53450e6e5dc0bfa85ebd78686cadad39.pdf#page=35",""
"schedule-fourth-limit","schedule-fourth","dpdp","Fourth Schedule","Record limit","Scope and interpretation","Limit retained","These are exemptions from specified section 9 obligations, not all privacy duties or a general targeted-ad permission.","https://www.meity.gov.in/static/uploads/2025/02/f8a8e97a91091543fe19139cac7514a1.pdf#page=44 | https://www.meity.gov.in/static/uploads/2025/11/53450e6e5dc0bfa85ebd78686cadad39.pdf#page=36",""
"schedule-fifth-limit","schedule-fifth","dpdp","Fifth Schedule","Record limit","Scope and interpretation","Limit retained","Analyst review is not legal advice. No claim of actual compliance or real-world harm is made.","https://www.meity.gov.in/static/uploads/2025/02/f8a8e97a91091543fe19139cac7514a1.pdf#page=46 | https://www.meity.gov.in/static/uploads/2025/11/53450e6e5dc0bfa85ebd78686cadad39.pdf#page=38",""
"schedule-sixth-limit","schedule-sixth","dpdp","Sixth Schedule","Record limit","Scope and interpretation","Limit retained","Analyst review is not legal advice. No claim of actual compliance or real-world harm is made.","https://www.meity.gov.in/static/uploads/2025/02/f8a8e97a91091543fe19139cac7514a1.pdf#page=49 | https://www.meity.gov.in/static/uploads/2025/11/53450e6e5dc0bfa85ebd78686cadad39.pdf#page=40",""
"schedule-seventh-limit","schedule-seventh","dpdp","Seventh Schedule","Record limit","Scope and interpretation","Limit retained","A listed purpose is not evidence of a specific information demand or deployment.","https://www.meity.gov.in/static/uploads/2025/02/f8a8e97a91091543fe19139cac7514a1.pdf#page=51 | https://www.meity.gov.in/static/uploads/2025/11/53450e6e5dc0bfa85ebd78686cadad39.pdf#page=40",""
"sgi-commencement-limit","sgi-commencement","sgi","Amendment 1","Record limit","Scope and interpretation","Limit retained","This verifies the instrument's date, not an exhaustive court-order or later-amendment chain.","https://www.meity.gov.in/static/uploads/2025/10/9de47fb06522b9e40a61e4731bc7de51.pdf | https://www.meity.gov.in/static/uploads/2026/02/f55fe52418b03f58b0669f6a8bc03b6d.pdf",""
"sgi-definition-limit","sgi-definition","sgi","Rule 2(1)(wa)","Record limit","Scope and interpretation","Limit retained","The final also inserts Rule 2(1)(ca) defining audio/visual information. Scope is not an exemption from other applicable law.","https://www.meity.gov.in/static/uploads/2025/10/9de47fb06522b9e40a61e4731bc7de51.pdf | https://www.meity.gov.in/static/uploads/2026/02/f55fe52418b03f58b0669f6a8bc03b6d.pdf",""
"sgi-exclusions-limit","sgi-exclusions","sgi","Rule 2(1)(wa) proviso","Record limit","Scope and interpretation","Limit retained","Read all three limbs: material distortion, false records and material manipulation remain limiting conditions.","https://www.meity.gov.in/static/uploads/2025/10/9de47fb06522b9e40a61e4731bc7de51.pdf | https://www.meity.gov.in/static/uploads/2026/02/f55fe52418b03f58b0669f6a8bc03b6d.pdf",""
"sgi-unlawfulreferences-limit","sgi-unlawfulreferences","sgi","Rule 2(1A)","Record limit","Scope and interpretation","Limit retained","The qualifying context and underlying applicable law still matter.","https://www.meity.gov.in/static/uploads/2025/10/9de47fb06522b9e40a61e4731bc7de51.pdf | https://www.meity.gov.in/static/uploads/2026/02/f55fe52418b03f58b0669f6a8bc03b6d.pdf",""
"sgi-removal-safeharbour-limit","sgi-removal-safeharbour","sgi","Rule 2(1B)","Record limit","Scope and interpretation","Limit retained","Do not treat this limited clarification as removing all other safe-harbour conditions or legal remedies.","https://www.meity.gov.in/static/uploads/2025/10/9de47fb06522b9e40a61e4731bc7de51.pdf | https://www.meity.gov.in/static/uploads/2026/02/f55fe52418b03f58b0669f6a8bc03b6d.pdf",""
"sgi-user-notices-limit","sgi-user-notices","sgi","Rule 3(1)(c), (ca), (cb)","Record limit","Scope and interpretation","Limit retained","This is prior-law-to-amended-law context, not an October draft proposal. The two English criminal-law citations were later corrected; identity disclosure is expressly subject to applicable law.","https://www.meity.gov.in/static/uploads/2025/10/708f6a344c74249c2e1bbb6890342f80.pdf | https://www.meity.gov.in/static/uploads/2026/02/f55fe52418b03f58b0669f6a8bc03b6d.pdf",""
"sgi-takedown-limit","sgi-takedown","sgi","Rule 3(1)(d)","Record limit","Scope and interpretation","Limit retained","The October draft did not propose this change. Read the underlying court/government actual-knowledge conditions; not every complaint starts this clock.","https://www.meity.gov.in/static/uploads/2025/10/708f6a344c74249c2e1bbb6890342f80.pdf | https://www.meity.gov.in/static/uploads/2026/02/f55fe52418b03f58b0669f6a8bc03b6d.pdf",""
"sgi-grievance-limit","sgi-grievance","sgi","Rule 3(2)","Record limit","Scope and interpretation","Limit retained","These substitutions were absent from the October draft. The two-hour category retains the underlying complaint-content requirements; acknowledgement remains a separate matter.","https://www.meity.gov.in/static/uploads/2025/10/708f6a344c74249c2e1bbb6890342f80.pdf | https://www.meity.gov.in/static/uploads/2026/02/f55fe52418b03f58b0669f6a8bc03b6d.pdf",""
"sgi-prevention-limit","sgi-prevention","sgi","Rule 3(3)(a)(i)","Record limit","Scope and interpretation","Limit retained","The duties are tied to the final definition and applicable-law context. This desk does not decide whether a particular tool is an intermediary or a particular item is unlawful.","https://www.meity.gov.in/static/uploads/2025/10/9de47fb06522b9e40a61e4731bc7de51.pdf | https://www.meity.gov.in/static/uploads/2026/02/f55fe52418b03f58b0669f6a8bc03b6d.pdf",""
"sgi-label-limit","sgi-label","sgi","Rule 3(3)(a)(ii)","Record limit","Scope and interpretation","Limit retained","This obligation applies through the defined SGI and covered-service conditions, not every edited asset.","https://www.meity.gov.in/static/uploads/2025/10/9de47fb06522b9e40a61e4731bc7de51.pdf | https://www.meity.gov.in/static/uploads/2026/02/f55fe52418b03f58b0669f6a8bc03b6d.pdf",""
"sgi-provenance-limit","sgi-provenance","sgi","Rule 3(3)(a)(ii), (b)","Record limit","Scope and interpretation","Limit retained","The no-removal limb is retained in revised wording. Metadata does not by itself prove that a depicted event is true.","https://www.meity.gov.in/static/uploads/2025/10/9de47fb06522b9e40a61e4731bc7de51.pdf | https://www.meity.gov.in/static/uploads/2026/02/f55fe52418b03f58b0669f6a8bc03b6d.pdf",""
"sgi-declarations-limit","sgi-declarations","sgi","Rule 4(1A)","Record limit","Scope and interpretation","Limit retained","The difference between the operative clause and retained explanation must be read together. Not every intermediary is an SSMI.","https://www.meity.gov.in/static/uploads/2025/10/9de47fb06522b9e40a61e4731bc7de51.pdf | https://www.meity.gov.in/static/uploads/2026/02/f55fe52418b03f58b0669f6a8bc03b6d.pdf",""
"sgi-proactive-limit","sgi-proactive","sgi","Rule 4(4)","Record limit","Scope and interpretation","Limit retained","Read the unchanged Rule 4(4) category limits and safeguards in the consolidated rules. This was not an October SGI draft amendment.","https://www.meity.gov.in/static/uploads/2025/10/708f6a344c74249c2e1bbb6890342f80.pdf | https://www.meity.gov.in/static/uploads/2026/02/f55fe52418b03f58b0669f6a8bc03b6d.pdf",""
"sgi-criminal-limit","sgi-criminal","sgi","Rule 7","Record limit","Scope and interpretation","Limit retained","This final substitution was absent from the October draft. Legal liability depends on the applicable law and facts.","https://www.meity.gov.in/static/uploads/2025/10/708f6a344c74249c2e1bbb6890342f80.pdf | https://www.meity.gov.in/static/uploads/2026/02/f55fe52418b03f58b0669f6a8bc03b6d.pdf",""
"aig-principles-limit","aig-principles","aig","Part 1","Record limit","Scope and interpretation","Limit retained","Recommendation lineage, not a one-to-one legal deletion/insertion. A principle disappearing as a standalone heading does not establish that its substance or legal protection was abolished.","https://indiaai.s3.ap-south-1.amazonaws.com/docs/subcommittee-report-dec26.pdf | https://static.pib.gov.in/WriteReadData/specificdocs/documents/2025/nov/doc2025115685601.pdf",""
"aig-infrastructure-limit","aig-infrastructure","aig","Part 2.1","Record limit","Scope and interpretation","Limit retained","Recommendation lineage, not a one-to-one legal deletion/insertion. The historical infrastructure figures in the November report are not verified current inventory or scheme eligibility.","https://indiaai.s3.ap-south-1.amazonaws.com/docs/subcommittee-report-dec26.pdf | https://static.pib.gov.in/WriteReadData/specificdocs/documents/2025/nov/doc2025115685601.pdf",""
"aig-capacity-limit","aig-capacity","aig","Part 2.2","Record limit","Scope and interpretation","Limit retained","Recommendation lineage, not a one-to-one legal deletion/insertion. This is a thematic successor, not a claim that the earlier adjudication proposal was enacted.","https://indiaai.s3.ap-south-1.amazonaws.com/docs/subcommittee-report-dec26.pdf | https://static.pib.gov.in/WriteReadData/specificdocs/documents/2025/nov/doc2025115685601.pdf",""
"aig-policy-limit","aig-policy","aig","Part 2.3","Record limit","Scope and interpretation","Limit retained","Recommendation lineage, not a one-to-one legal deletion/insertion. The November document's DPDP discussion predates the final DPDP Rules. Copyright and other later policy developments require separate current-law checks.","https://indiaai.s3.ap-south-1.amazonaws.com/docs/subcommittee-report-dec26.pdf | https://static.pib.gov.in/WriteReadData/specificdocs/documents/2025/nov/doc2025115685601.pdf",""
"aig-risk-limit","aig-risk","aig","Part 2.4","Record limit","Scope and interpretation","Limit retained","Recommendation lineage, not a one-to-one legal deletion/insertion. This is a recommended framework, not a verified operational classification system or binding risk-tier schedule.","https://indiaai.s3.ap-south-1.amazonaws.com/docs/subcommittee-report-dec26.pdf | https://static.pib.gov.in/WriteReadData/specificdocs/documents/2025/nov/doc2025115685601.pdf",""
"aig-incidents-limit","aig-incidents","aig","Part 2.4","Record limit","Scope and interpretation","Limit retained","Recommendation lineage, not a one-to-one legal deletion/insertion. Both documents discourage punitive reporting design. Recommendations and launch rhetoric do not prove the database is live; grievance channels are separately recommended.","https://indiaai.s3.ap-south-1.amazonaws.com/docs/subcommittee-report-dec26.pdf | https://static.pib.gov.in/WriteReadData/specificdocs/documents/2025/nov/doc2025115685601.pdf",""
"aig-voluntary-limit","aig-voluntary","aig","Part 2.4","Record limit","Scope and interpretation","Limit retained","Recommendation lineage, not a one-to-one legal deletion/insertion. Any eventual mandatory measure needs its own legal basis and instrument. Adoption and enforcement are not established here.","https://indiaai.s3.ap-south-1.amazonaws.com/docs/subcommittee-report-dec26.pdf | https://static.pib.gov.in/WriteReadData/specificdocs/documents/2025/nov/doc2025115685601.pdf",""
"aig-techno-limit","aig-techno","aig","Part 2.4","Record limit","Scope and interpretation","Limit retained","Recommendation lineage, not a one-to-one legal deletion/insertion. No product efficacy is certified by this collection; a recommendation or architecture diagram does not prove compliance in deployment.","https://indiaai.s3.ap-south-1.amazonaws.com/docs/subcommittee-report-dec26.pdf | https://static.pib.gov.in/WriteReadData/specificdocs/documents/2025/nov/doc2025115685601.pdf",""
"aig-accountability-limit","aig-accountability","aig","Part 2.5","Record limit","Scope and interpretation","Limit retained","Recommendation lineage, not a one-to-one legal deletion/insertion. The report's '9-12 months' possible schedule is not treated as a statutory deadline. Liability and mandatory redress require applicable legal authority.","https://indiaai.s3.ap-south-1.amazonaws.com/docs/subcommittee-report-dec26.pdf | https://static.pib.gov.in/WriteReadData/specificdocs/documents/2025/nov/doc2025115685601.pdf",""
"aig-institutions-limit","aig-institutions","aig","Part 2.6","Record limit","Scope and interpretation","Limit retained","Recommendation lineage, not a one-to-one legal deletion/insertion. Do not call every institution merely proposed: the November report describes AISI as recently established. Current establishment and operational status need separate records.","https://indiaai.s3.ap-south-1.amazonaws.com/docs/subcommittee-report-dec26.pdf | https://static.pib.gov.in/WriteReadData/specificdocs/documents/2025/nov/doc2025115685601.pdf",""
"aig-action-plan-limit","aig-action-plan","aig","Part 3","Record limit","Scope and interpretation","Limit retained","Recommendation lineage, not a one-to-one legal deletion/insertion. The table's qualitative timelines should not be converted into invented dates. Flattened table extraction is not automatically diff-highlighted.","https://indiaai.s3.ap-south-1.amazonaws.com/docs/subcommittee-report-dec26.pdf | https://static.pib.gov.in/WriteReadData/specificdocs/documents/2025/nov/doc2025115685601.pdf",""
"aig-practical-limit","aig-practical","aig","Part 4","Record limit","Scope and interpretation","Limit retained","Recommendation lineage, not a one-to-one legal deletion/insertion. Existing legal obligations remain binding through their own instruments. Recommendations to comply with them do not change their commencement or exemptions.","https://indiaai.s3.ap-south-1.amazonaws.com/docs/subcommittee-report-dec26.pdf | https://static.pib.gov.in/WriteReadData/specificdocs/documents/2025/nov/doc2025115685601.pdf",""
"impl-aigeg-limit","impl-aigeg","impl","AIGEG","Record limit","Scope and interpretation","Limit retained","The reviewed order and announcement do not establish meeting activity or outcomes. OCR errors are visible in the order snapshot; use the original for quoting names and exact wording.","https://www.meity.gov.in/static/uploads/2026/04/43a4ec455c26b0f061cc7cca98770a45.pdf | https://www.pib.gov.in/PressReleasePage.aspx?PRID=2252739&reg=1&lang=1 | https://www.meity.gov.in/static/uploads/2026/04/43a4ec455c26b0f061cc7cca98770a45.pdf","Constitution order and subsequent revisions | Meeting dates, agendas and releasable minutes | Issued decisions and implementation roadmap | Secretariat staffing and allocated expenditure"
"impl-aigeg-queue","impl-aigeg","impl","AIGEG","Implementation record queue","Records to verify","Formal constitution documented","What agendas, minutes, guidelines and deploy/pilot/defer decisions has AIGEG issued?","https://www.meity.gov.in/static/uploads/2026/04/43a4ec455c26b0f061cc7cca98770a45.pdf | https://www.pib.gov.in/PressReleasePage.aspx?PRID=2252739&reg=1&lang=1 | https://www.meity.gov.in/static/uploads/2026/04/43a4ec455c26b0f061cc7cca98770a45.pdf","Constitution order and subsequent revisions | Meeting dates, agendas and releasable minutes | Issued decisions and implementation roadmap | Secretariat staffing and allocated expenditure"
"impl-tpec-limit","impl-tpec","impl","TPEC","Record limit","Scope and interpretation","Limit retained","This verifies the order, not completion of work, attendance or the currently serving individuals. No inference about legitimacy follows solely from the composition. OCR text needs checking against the PDF.","https://d12aarmt01l54a.cloudfront.net/cms/files/constitution-of-tpec/1776447206.pdf | https://d12aarmt01l54a.cloudfront.net/cms/files/constitution-of-tpec/1776447206.pdf | https://www.pib.gov.in/PressReleasePage.aspx?PRID=2253322&reg=1&lang=1","Current membership and substitutions | Conflict-of-interest and disclosure arrangements | Delivered assessments and recommendations | Record of AIGEG action on those recommendations"
"impl-tpec-queue","impl-tpec","impl","TPEC","Implementation record queue","Records to verify","Formal constitution documented","What risk assessments or recommendations has TPEC delivered, and how are expertise and conflicts managed?","https://d12aarmt01l54a.cloudfront.net/cms/files/constitution-of-tpec/1776447206.pdf | https://d12aarmt01l54a.cloudfront.net/cms/files/constitution-of-tpec/1776447206.pdf | https://www.pib.gov.in/PressReleasePage.aspx?PRID=2253322&reg=1&lang=1","Current membership and substitutions | Conflict-of-interest and disclosure arrangements | Delivered assessments and recommendations | Record of AIGEG action on those recommendations"
"impl-aisi-status-limit","impl-aisi-status","impl","AISI status","Record limit","Scope and interpretation","Limit retained","The statements may describe different stages rather than a factual contradiction. This ledger does not declare the institute nonexistent or fully operational.","https://www.pib.gov.in/PressReleasePage.aspx?PRID=2289946&reg=3&lang=1 | https://www.pib.gov.in/PressReleasePage.aspx?PRID=2291062&reg=48&lang=1","Instrument defining legal/administrative location and remit | Operational launch milestones and dates | Staff, testing capacity and budget | Published evaluation programme and reports"
"impl-aisi-status-queue","impl-aisi-status","impl","AISI status","Implementation record queue","Records to verify","Official wording unresolved","What precise milestones distinguish announcement, constitution, staffing and operational launch?","https://www.pib.gov.in/PressReleasePage.aspx?PRID=2289946&reg=3&lang=1 | https://www.pib.gov.in/PressReleasePage.aspx?PRID=2291062&reg=48&lang=1","Instrument defining legal/administrative location and remit | Operational launch milestones and dates | Staff, testing capacity and budget | Published evaluation programme and reports"
"impl-aisi-leadership-limit","impl-aisi-leadership","impl","AISI leadership","Record limit","Scope and interpretation","Limit retained","A past deadline is not an open job listing. The appointment outcome was not verified in the reviewed corpus.","https://dic.gov.in/jobs/director-indiaai-safety-institute/ | https://dic.gov.in/jobs/director-indiaai-safety-institute/","Appointment outcome and joining date | Term and delegated responsibilities | Approved organisational structure and staff positions | Institute programme of work"
"impl-aisi-leadership-queue","impl-aisi-leadership","impl","AISI leadership","Implementation record queue","Records to verify","Process documented; outcome unverified","Was the recruitment completed, and what authority and resources were delegated to the appointee?","https://dic.gov.in/jobs/director-indiaai-safety-institute/ | https://dic.gov.in/jobs/director-indiaai-safety-institute/","Appointment outcome and joining date | Term and delegated responsibilities | Approved organisational structure and staff positions | Institute programme of work"
"impl-aisi-partners-limit","impl-aisi-partners","impl","AISI partners","Record limit","Scope and interpretation","Limit retained","Do not treat an expired EOI as an open application window or its funding rules as disbursement evidence. Confidential-output exceptions also limit what can legitimately be inferred from missing public reports.","https://indiaai.s3.ap-south-1.amazonaws.com/docs/sg-call-for-partnerships-indiaai-safety-institute.pdf | https://indiaai.s3.ap-south-1.amazonaws.com/docs/sg-call-for-partnerships-indiaai-safety-institute.pdf | https://indiaai.s3.ap-south-1.amazonaws.com/docs/sg-call-for-partnerships-indiaai-safety-institute.pdf | https://indiaai.s3.ap-south-1.amazonaws.com/docs/sg-call-for-partnerships-indiaai-safety-institute.pdf","Selected partners and executed agreements | Assigned scopes of work and Safety Cell staffing | Sanctions, disbursements and utilisation records | Released collective outputs and publication policy"
"impl-aisi-partners-queue","impl-aisi-partners","impl","AISI partners","Implementation record queue","Records to verify","Process documented; outcome unverified","Which partner cells were contracted, funded and assigned work, and what outputs became public?","https://indiaai.s3.ap-south-1.amazonaws.com/docs/sg-call-for-partnerships-indiaai-safety-institute.pdf | https://indiaai.s3.ap-south-1.amazonaws.com/docs/sg-call-for-partnerships-indiaai-safety-institute.pdf | https://indiaai.s3.ap-south-1.amazonaws.com/docs/sg-call-for-partnerships-indiaai-safety-institute.pdf | https://indiaai.s3.ap-south-1.amazonaws.com/docs/sg-call-for-partnerships-indiaai-safety-institute.pdf","Selected partners and executed agreements | Assigned scopes of work and Safety Cell staffing | Sanctions, disbursements and utilisation records | Released collective outputs and publication policy"
"impl-projects-limit","impl-projects","impl","Responsible AI portfolio","Record limit","Scope and interpretation","Limit retained","The mission-wide financial outlay is not an institute-specific or project-specific expenditure figure. No portfolio-wide effectiveness score is assigned.","https://www.pib.gov.in/PressReleasePage.aspx?PRID=2289946&reg=3&lang=1 | https://www.pib.gov.in/PressReleasePage.aspx?PRID=2291062&reg=48&lang=1","Complete awarded-project list and scopes | Project-level sanctions and spending | Milestones and acceptance reports | Evaluation datasets, benchmarks and released artefacts"
"impl-projects-queue","impl-projects","impl","Responsible AI portfolio","Implementation record queue","Records to verify","Programme activity reported","For each approved project, what was funded, delivered, evaluated and released?","https://www.pib.gov.in/PressReleasePage.aspx?PRID=2289946&reg=3&lang=1 | https://www.pib.gov.in/PressReleasePage.aspx?PRID=2291062&reg=48&lang=1","Complete awarded-project list and scopes | Project-level sanctions and spending | Milestones and acceptance reports | Evaluation datasets, benchmarks and released artefacts"
"impl-tool-delivery-limit","impl-tool-delivery","impl","Technical tools","Record limit","Scope and interpretation","Limit retained","The October 2025 selection predates the November framework; it is relevant programme lineage, not an outcome caused by that framework. The five selections are a subset, not five additional projects beyond the reported thirteen.","https://www.pib.gov.in/PressReleasePage.aspx?PRID=2175698 | https://www.pib.gov.in/PressReleasePage.aspx?PRID=2289946&reg=3&lang=1","Repository or usable release and licence | Evaluation data, baselines and reproducibility instructions | Error rates across languages and demographic groups | Completion, acceptance and deployment records"
"impl-tool-delivery-queue","impl-tool-delivery","impl","Technical tools","Implementation record queue","Records to verify","Programme activity reported","Can a reporter reproduce a stated benchmark and inspect false-positive rates before describing a tool as effective?","https://www.pib.gov.in/PressReleasePage.aspx?PRID=2175698 | https://www.pib.gov.in/PressReleasePage.aspx?PRID=2289946&reg=3&lang=1","Repository or usable release and licence | Evaluation data, baselines and reproducibility instructions | Error rates across languages and demographic groups | Completion, acceptance and deployment records"
"impl-incident-repository-limit","impl-incident-repository","impl","Incident reporting","Record limit","Scope and interpretation","Limit retained","No verified national repository launch or public intake endpoint was found in this bounded review. That is not proof of absence. The six-hour cyber duty is not a universal deadline for every AI harm, and current legal advice requires checking later instruments.","https://static.pib.gov.in/WriteReadData/specificdocs/documents/2025/nov/doc2025115685601.pdf | https://www.cert-in.org.in/PDF/CERT-In_Directions_70B_28.04.2022.pdf | https://www.cert-in.org.in/PDF/CERT-In_Directions_70B_28.04.2022.pdf","Operator, launch instrument and production intake URL | Incident taxonomy and schema | Confidentiality and data-sharing rules | Relationship to existing cyber reporting and complaint routes"
"impl-incident-repository-queue","impl-incident-repository","impl","Incident reporting","Implementation record queue","Records to verify","Implementation not established by reviewed records","Who operates the national repository, what schema and intake endpoint exist, and how does reporting overlap with CERT-In?","https://static.pib.gov.in/WriteReadData/specificdocs/documents/2025/nov/doc2025115685601.pdf | https://www.cert-in.org.in/PDF/CERT-In_Directions_70B_28.04.2022.pdf | https://www.cert-in.org.in/PDF/CERT-In_Directions_70B_28.04.2022.pdf","Operator, launch instrument and production intake URL | Incident taxonomy and schema | Confidentiality and data-sharing rules | Relationship to existing cyber reporting and complaint routes"
"impl-redress-limit","impl-redress","impl","Grievance redress","Record limit","Scope and interpretation","Limit retained","The reviewed records do not establish universal AI-specific redress. Other sectoral, consumer, constitutional or legal remedies may exist; their eligibility and current procedures require separate verification.","https://www.pib.gov.in/PressReleasePage.aspx?PRID=2291671&reg=3&lang=1 | https://static.pib.gov.in/WriteReadData/specificdocs/documents/2025/nov/doc2025115685601.pdf","Decision-specific complaint and appeal policy | Responsible decision-maker and human-review procedure | Jurisdiction, eligibility and remedies | Outcome records and accessibility of the route"
"impl-redress-queue","impl-redress","impl","Grievance redress","Implementation record queue","Records to verify","Limited-scope route documented","For a particular AI decision, which body has jurisdiction, what remedy is available and where is that procedure documented?","https://www.pib.gov.in/PressReleasePage.aspx?PRID=2291671&reg=3&lang=1 | https://static.pib.gov.in/WriteReadData/specificdocs/documents/2025/nov/doc2025115685601.pdf","Decision-specific complaint and appeal policy | Responsible decision-maker and human-review procedure | Jurisdiction, eligibility and remedies | Outcome records and accessibility of the route"
"impl-voluntary-limit","impl-voluntary","impl","Voluntary commitments","Record limit","Scope and interpretation","Limit retained","The ledger verifies the official reporting of commitments, not every signatory, exact commitment text, follow-through or legal enforceability. No compliance ranking is inferred from pledges.","https://www.pib.gov.in/PressReleasePage.aspx?PRID=2234343&reg=3&lang=1 | https://www.pib.gov.in/PressReleasePage.aspx?PRID=2289946&reg=3&lang=1","Exact commitment instrument and signatory list | Specified deliverables and dates | Public progress reports and released evaluations | Independent assurance or verification method"
"impl-voluntary-queue","impl-voluntary","impl","Voluntary commitments","Implementation record queue","Records to verify","Commitments reported; compliance unverified","Which companies committed to what, on which timetable, and what public compliance or assurance evidence followed?","https://www.pib.gov.in/PressReleasePage.aspx?PRID=2234343&reg=3&lang=1 | https://www.pib.gov.in/PressReleasePage.aspx?PRID=2289946&reg=3&lang=1","Exact commitment instrument and signatory list | Specified deliverables and dates | Public progress reports and released evaluations | Independent assurance or verification method"
"service-upsc-limit","service-upsc","service","UPSC face authentication","Record limit","Scope and interpretation","Limit retained","Do not equate the 2024 biometric/CCTV procurement package with the 2026 in-house mobile application. Tender requirements are not current deployed behaviour. No candidate case or device inspection was undertaken.","https://www.pib.gov.in/PressReleasePage.aspx?PRID=2268879&reg=3&lang=1 | https://www.pib.gov.in/PressReleaseDetail.aspx?PRID=2317336&reg=48&lang=1 | https://www.pib.gov.in/PressReleasePage.aspx?PRID=2268879&reg=3&lang=1 | https://upsc.gov.in/sites/default/files/Tender-AadhaarQRFaceRecgAI-Corrgn_Eng-180724.pdf | https://www.pib.gov.in/PressReleasePage.aspx?PRID=2268879&reg=3&lang=1 | https://upsc.gov.in/sites/default/files/Tender-AadhaarQRFaceRecgAI-Corrgn_Eng-180724.pdf | https://upsc.gov.in/sites/default/files/Tender-AadhaarQRFaceRecgAI-Corrgn_Eng-180724.pdf","Current face-authentication SOP, including mismatch and offline fallback | Contract/award lineage distinguishing biometric CCTV tender from mobile app | False-rejection/acceptance and subgroup test results | Data-flow, device deletion and retention policy | Candidate review route and anonymised error-resolution records"
"service-upsc-field-1","service-upsc","service","UPSC face authentication","Accountability gap","Decision role & affected people","Partial","Mobile identity matching concerns examination candidates; detailed adverse-decision rules are not verified.","https://www.pib.gov.in/PressReleaseDetail.aspx?PRID=2317336&reg=48&lang=1 | https://www.pib.gov.in/PressReleasePage.aspx?PRID=2268879&reg=3&lang=1","Current face-authentication SOP, including mismatch and offline fallback | Contract/award lineage distinguishing biometric CCTV tender from mobile app | False-rejection/acceptance and subgroup test results | Data-flow, device deletion and retention policy | Candidate review route and anonymised error-resolution records"
"service-upsc-field-3","service-upsc","service","UPSC face authentication","Accountability gap","Procurement & supplier","Partial","A 2024 PSU tender covered biometrics, facial recognition, QR scans and AI CCTV; the June record describes in-house development. The contract link between them is unverified.","https://upsc.gov.in/sites/default/files/Tender-AadhaarQRFaceRecgAI-Corrgn_Eng-180724.pdf | https://www.pib.gov.in/PressReleasePage.aspx?PRID=2268879&reg=3&lang=1","Current face-authentication SOP, including mismatch and offline fallback | Contract/award lineage distinguishing biometric CCTV tender from mobile app | False-rejection/acceptance and subgroup test results | Data-flow, device deletion and retention policy | Candidate review route and anonymised error-resolution records"
"service-upsc-field-4","service-upsc","service","UPSC face authentication","Accountability gap","Funding & contract","Not verified","n.a. Awarded supplier, current application budget and contract value were not verified; the tender alone is not an award.","","Current face-authentication SOP, including mismatch and offline fallback | Contract/award lineage distinguishing biometric CCTV tender from mobile app | False-rejection/acceptance and subgroup test results | Data-flow, device deletion and retention policy | Candidate review route and anonymised error-resolution records"
"service-upsc-field-5","service-upsc","service","UPSC face authentication","Accountability gap","Data & integration","Partial","Invigilators' Android phones were used. The current data-flow diagram and device/data lifecycle were not verified.","https://www.pib.gov.in/PressReleasePage.aspx?PRID=2268879&reg=3&lang=1","Current face-authentication SOP, including mismatch and offline fallback | Contract/award lineage distinguishing biometric CCTV tender from mobile app | False-rejection/acceptance and subgroup test results | Data-flow, device deletion and retention policy | Candidate review route and anonymised error-resolution records"
"service-upsc-field-6","service-upsc","service","UPSC face authentication","Accountability gap","Evaluation & error rates","Partial","UPSC reports six-to-eight-second typical authentication; no independent false-accept/reject or subgroup evaluation was verified.","https://www.pib.gov.in/PressReleasePage.aspx?PRID=2268879&reg=3&lang=1","Current face-authentication SOP, including mismatch and offline fallback | Contract/award lineage distinguishing biometric CCTV tender from mobile app | False-rejection/acceptance and subgroup test results | Data-flow, device deletion and retention policy | Candidate review route and anonymised error-resolution records"
"service-upsc-field-7","service-upsc","service","UPSC face authentication","Accountability gap","Human review & overrides","Partial","The older tender requires physical photo verification. The current mismatch/technical-failure SOP was not verified.","https://upsc.gov.in/sites/default/files/Tender-AadhaarQRFaceRecgAI-Corrgn_Eng-180724.pdf","Current face-authentication SOP, including mismatch and offline fallback | Contract/award lineage distinguishing biometric CCTV tender from mobile app | False-rejection/acceptance and subgroup test results | Data-flow, device deletion and retention policy | Candidate review route and anonymised error-resolution records"
"service-upsc-field-8","service-upsc","service","UPSC face authentication","Accountability gap","Privacy & retention","Partial","The older tender specifies encrypted cloud holding for at least one year or 30 days after final results, whichever is later. Applying it to the current mobile system is not established.","https://upsc.gov.in/sites/default/files/Tender-AadhaarQRFaceRecgAI-Corrgn_Eng-180724.pdf","Current face-authentication SOP, including mismatch and offline fallback | Contract/award lineage distinguishing biometric CCTV tender from mobile app | False-rejection/acceptance and subgroup test results | Data-flow, device deletion and retention policy | Candidate review route and anonymised error-resolution records"
"service-upsc-field-9","service-upsc","service","UPSC face authentication","Accountability gap","Complaints & appeal","Not verified","n.a. A system-specific candidate mismatch appeal, deadline and non-biometric fallback were not verified.","","Current face-authentication SOP, including mismatch and offline fallback | Contract/award lineage distinguishing biometric CCTV tender from mobile app | False-rejection/acceptance and subgroup test results | Data-flow, device deletion and retention policy | Candidate review route and anonymised error-resolution records"
"service-upsc-field-10","service-upsc","service","UPSC face authentication","Accountability gap","Public outputs & access","Partial","UPSC publishes implementation descriptions; the actual current failure-handling SOP, audit and test report were not obtained.","https://www.pib.gov.in/PressReleasePage.aspx?PRID=2268879&reg=3&lang=1 | https://www.pib.gov.in/PressReleaseDetail.aspx?PRID=2317336&reg=48&lang=1","Current face-authentication SOP, including mismatch and offline fallback | Contract/award lineage distinguishing biometric CCTV tender from mobile app | False-rejection/acceptance and subgroup test results | Data-flow, device deletion and retention policy | Candidate review route and anonymised error-resolution records"
"service-upsc-field-11","service-upsc","service","UPSC face authentication","Accountability gap","Current-status limits","Partial","The October source confirms reported scaled use, not independently audited accuracy or every current operational detail.","https://www.pib.gov.in/PressReleaseDetail.aspx?PRID=2317336&reg=48&lang=1","Current face-authentication SOP, including mismatch and offline fallback | Contract/award lineage distinguishing biometric CCTV tender from mobile app | False-rejection/acceptance and subgroup test results | Data-flow, device deletion and retention policy | Candidate review route and anonymised error-resolution records"
"service-cyberguard-limit","service-cyberguard","service","I4C CyberGuard","Record limit","Scope and interpretation","Limit retained","Winner selection is not proof of the deployed supplier or a service contract. Integration does not establish measured operational accuracy, complaint outcomes, or automatic adverse decisions.","https://www.pib.gov.in/PressReleasePage.aspx?PRID=2132817&reg=3&lang=1 | https://www.pib.gov.in/PressReleasePage.aspx?PRID=2291062&reg=48&lang=1 | https://www.pib.gov.in/PressReleasePage.aspx?PRID=2132817&reg=3&lang=1 | https://www.pib.gov.in/PressReleasePage.aspx?PRID=2132817&reg=3&lang=1","Production supplier and acceptance/award documents | Classification taxonomy and human routing/override SOP | Production evaluation across Indian languages and error severity | Retention, access and training-use rules | Mechanism to correct a misclassified complaint"
"service-cyberguard-field-1","service-cyberguard","service","I4C CyberGuard","Accountability gap","Decision role & affected people","Partial","The task is complaint classification/pattern support; effects on registration, prioritisation and investigations are not specified in the reviewed record.","https://www.pib.gov.in/PressReleasePage.aspx?PRID=2132817&reg=3&lang=1","Production supplier and acceptance/award documents | Classification taxonomy and human routing/override SOP | Production evaluation across Indian languages and error severity | Retention, access and training-use rules | Mechanism to correct a misclassified complaint"
"service-cyberguard-field-3","service-cyberguard","service","I4C CyberGuard","Accountability gap","Procurement & supplier","Partial","The results list winning organisations. Which finalist supplied the integrated production system and on what contract is not verified.","https://www.pib.gov.in/PressReleasePage.aspx?PRID=2132817&reg=3&lang=1","Production supplier and acceptance/award documents | Classification taxonomy and human routing/override SOP | Production evaluation across Indian languages and error severity | Retention, access and training-use rules | Mechanism to correct a misclassified complaint"
"service-cyberguard-field-4","service-cyberguard","service","I4C CyberGuard","Accountability gap","Funding & contract","Not verified","n.a. Production award, fees, ongoing support terms and project-specific expenditure were not verified.","","Production supplier and acceptance/award documents | Classification taxonomy and human routing/override SOP | Production evaluation across Indian languages and error severity | Retention, access and training-use rules | Mechanism to correct a misclassified complaint"
"service-cyberguard-field-5","service-cyberguard","service","I4C CyberGuard","Accountability gap","Data & integration","Partial","The challenge description mentions handwritten FIRs, screenshots and audio calls. The production ingestion schema and access controls were not verified.","https://www.pib.gov.in/PressReleasePage.aspx?PRID=2132817&reg=3&lang=1","Production supplier and acceptance/award documents | Classification taxonomy and human routing/override SOP | Production evaluation across Indian languages and error severity | Retention, access and training-use rules | Mechanism to correct a misclassified complaint"
"service-cyberguard-field-6","service-cyberguard","service","I4C CyberGuard","Accountability gap","Evaluation & error rates","Not verified","n.a. 'Improved speed and accuracy' is an official qualitative claim, not a production benchmark with error distributions.","https://www.pib.gov.in/PressReleasePage.aspx?PRID=2132817&reg=3&lang=1","Production supplier and acceptance/award documents | Classification taxonomy and human routing/override SOP | Production evaluation across Indian languages and error severity | Retention, access and training-use rules | Mechanism to correct a misclassified complaint"
"service-cyberguard-field-7","service-cyberguard","service","I4C CyberGuard","Accountability gap","Human review & overrides","Not verified","n.a. Human correction, routing overrides and audit-log procedures were not verified.","","Production supplier and acceptance/award documents | Classification taxonomy and human routing/override SOP | Production evaluation across Indian languages and error severity | Retention, access and training-use rules | Mechanism to correct a misclassified complaint"
"service-cyberguard-field-8","service-cyberguard","service","I4C CyberGuard","Accountability gap","Privacy & retention","Not verified","n.a. System-specific retention, training reuse, processors and minimisation rules were not verified.","","Production supplier and acceptance/award documents | Classification taxonomy and human routing/override SOP | Production evaluation across Indian languages and error severity | Retention, access and training-use rules | Mechanism to correct a misclassified complaint"
"service-cyberguard-field-9","service-cyberguard","service","I4C CyberGuard","Accountability gap","Complaints & appeal","Not verified","n.a. A classifier-specific correction/appeal route was not verified; ordinary cybercrime reporting is not proof of an AI-error appeal.","","Production supplier and acceptance/award documents | Classification taxonomy and human routing/override SOP | Production evaluation across Indian languages and error severity | Retention, access and training-use rules | Mechanism to correct a misclassified complaint"
"service-cyberguard-field-10","service-cyberguard","service","I4C CyberGuard","Accountability gap","Public outputs & access","Partial","The winner table and integration statement are public; no production model card or evaluation report was verified.","https://www.pib.gov.in/PressReleasePage.aspx?PRID=2132817&reg=3&lang=1 | https://www.pib.gov.in/PressReleasePage.aspx?PRID=2291062&reg=48&lang=1","Production supplier and acceptance/award documents | Classification taxonomy and human routing/override SOP | Production evaluation across Indian languages and error severity | Retention, access and training-use rules | Mechanism to correct a misclassified complaint"
"service-cyberguard-field-11","service-cyberguard","service","I4C CyberGuard","Accountability gap","Current-status limits","Partial","Official integration is documented as a source claim; live access, coverage and decision impact were not independently tested.","https://www.pib.gov.in/PressReleasePage.aspx?PRID=2291062&reg=48&lang=1","Production supplier and acceptance/award documents | Classification taxonomy and human routing/override SOP | Production evaluation across Indian languages and error severity | Retention, access and training-use rules | Mechanism to correct a misclassified complaint"
"service-suvas-limit","service-suvas","service","SUVAS judicial translation","Record limit","Scope and interpretation","Limit retained","The 2023 Allahabad process is jurisdiction-specific and historical. Do not infer that its remuneration, panel or disclaimer governs every court or every current SUVAS output.","https://www.pib.gov.in/PressReleasePage.aspx?PRID=2226283&reg=48&lang=2 | https://www.pib.gov.in/PressReleasePage.aspx?PRID=2226283&reg=48&lang=2 | https://www.allahabadhighcourt.in/event/event_16290_18-09-2023.pdf | https://cdnbbsr.s3waas.gov.in/s3ec03ac73001b1d44f4925449ce09d9f5/uploads/2023/09/2023092013.pdf | https://www.allahabadhighcourt.in/event/event_16290_18-09-2023.pdf | https://cdnbbsr.s3waas.gov.in/s3ec03ac73001b1d44f4925449ce09d9f5/uploads/2023/09/2023092013.pdf | https://www.allahabadhighcourt.in/event/event_16290_18-09-2023.pdf | https://www.allahabadhighcourt.in/event/event_16290_18-09-2023.pdf","Current court-specific translation SOP and disclaimer | Error correction route and turnaround | Language-specific validation and approved-version logs | Vendor/model/procurement and data-processing records | Handling of sealed, sensitive or personal data"
"service-suvas-field-3","service-suvas","service","SUVAS judicial translation","Accountability gap","Procurement & supplier","Not verified","n.a. Software/model contract, procurement award and current supplier chain were not verified.","","Current court-specific translation SOP and disclaimer | Error correction route and turnaround | Language-specific validation and approved-version logs | Vendor/model/procurement and data-processing records | Handling of sealed, sensitive or personal data"
"service-suvas-field-4","service-suvas","service","SUVAS judicial translation","Accountability gap","Funding & contract","Partial","The historical Allahabad notice quotes Re. 1 per English-source word. Circulated scheme guidance describes High Court grants sanctioned by State Governments for translator remuneration; neither is a national software budget or verified expenditure.","https://www.allahabadhighcourt.in/event/event_16290_18-09-2023.pdf | https://cdnbbsr.s3waas.gov.in/s3ec03ac73001b1d44f4925449ce09d9f5/uploads/2023/09/2023092013.pdf","Current court-specific translation SOP and disclaimer | Error correction route and turnaround | Language-specific validation and approved-version logs | Vendor/model/procurement and data-processing records | Handling of sealed, sensitive or personal data"
"service-suvas-field-5","service-suvas","service","SUVAS judicial translation","Accountability gap","Data & integration","Partial","English judgments/orders are translated; model training, confidential-case exclusions and processor access were not verified.","https://www.pib.gov.in/PressReleasePage.aspx?PRID=2226283&reg=48&lang=2","Current court-specific translation SOP and disclaimer | Error correction route and turnaround | Language-specific validation and approved-version logs | Vendor/model/procurement and data-processing records | Handling of sealed, sensitive or personal data"
"service-suvas-field-6","service-suvas","service","SUVAS judicial translation","Accountability gap","Evaluation & error rates","Not verified","n.a. Independent legal-semantic error rates by language, case type and model version were not verified.","","Current court-specific translation SOP and disclaimer | Error correction route and turnaround | Language-specific validation and approved-version logs | Vendor/model/procurement and data-processing records | Handling of sealed, sensitive or personal data"
"service-suvas-field-8","service-suvas","service","SUVAS judicial translation","Accountability gap","Privacy & retention","Not verified","n.a. Tool-specific retention, confidential-document handling and training-data reuse rules were not verified.","","Current court-specific translation SOP and disclaimer | Error correction route and turnaround | Language-specific validation and approved-version logs | Vendor/model/procurement and data-processing records | Handling of sealed, sensitive or personal data"
"service-suvas-field-9","service-suvas","service","SUVAS judicial translation","Accountability gap","Complaints & appeal","Partial","The notice requires a disclaimer but does not establish a national translation-error appeal route.","https://www.allahabadhighcourt.in/event/event_16290_18-09-2023.pdf","Current court-specific translation SOP and disclaimer | Error correction route and turnaround | Language-specific validation and approved-version logs | Vendor/model/procurement and data-processing records | Handling of sealed, sensitive or personal data"
"service-suvas-field-11","service-suvas","service","SUVAS judicial translation","Accountability gap","Current-status limits","Partial","The reviewed records support assistive translation use, not perfect equivalence or current uniform governance across courts.","https://www.pib.gov.in/PressReleasePage.aspx?PRID=2226283&reg=48&lang=2","Current court-specific translation SOP and disclaimer | Error correction route and turnaround | Language-specific validation and approved-version logs | Vendor/model/procurement and data-processing records | Handling of sealed, sensitive or personal data"
"service-supace-limit","service-supace","service","SUPACE research assistance","Record limit","Scope and interpretation","Limit retained","The June court-AI instrument is a consultation draft in this corpus, not verified enacted regulation. The February deployment description does not establish October status; no court-registry confirmation was requested.","https://www.pib.gov.in/PressReleasePage.aspx?PRID=2226283&reg=48&lang=2 | https://cdnbbsr.s3waas.gov.in/s3ec0490f1f4972d133619a60c30f3559e/uploads/2026/06/2026060342.pdf | https://cdnbbsr.s3waas.gov.in/s3ec0490f1f4972d133619a60c30f3559e/uploads/2026/06/2026060342.pdf","Current deployment confirmation and pilot-to-production decision | System-specific model/citation evaluation | Current applicable final instrument, if adopted | Confidentiality, provider terms and logs | Human verification and party objection procedure"
"service-supace-field-1","service-supace","service","SUPACE research assistance","Accountability gap","Decision role & affected people","Partial","The stated role is assistance with relevant material, not autonomous adjudication; operational influence on actual cases is unverified.","https://www.pib.gov.in/PressReleasePage.aspx?PRID=2226283&reg=48&lang=2","Current deployment confirmation and pilot-to-production decision | System-specific model/citation evaluation | Current applicable final instrument, if adopted | Confidentiality, provider terms and logs | Human verification and party objection procedure"
"service-supace-field-3","service-supace","service","SUPACE research assistance","Accountability gap","Procurement & supplier","Not verified","n.a. Current supplier, procurement award, GPU/infrastructure contract and production acceptance were not verified.","","Current deployment confirmation and pilot-to-production decision | System-specific model/citation evaluation | Current applicable final instrument, if adopted | Confidentiality, provider terms and logs | Human verification and party objection procedure"
"service-supace-field-4","service-supace","service","SUPACE research assistance","Accountability gap","Funding & contract","Not verified","n.a. SUPACE-specific budget and expenditure were not verified; an eCourts-wide allocation is not a system budget.","","Current deployment confirmation and pilot-to-production decision | System-specific model/citation evaluation | Current applicable final instrument, if adopted | Confidentiality, provider terms and logs | Human verification and party objection procedure"
"service-supace-field-5","service-supace","service","SUPACE research assistance","Accountability gap","Data & integration","Partial","The source describes precedent and factual-matrix assistance; actual ingestion, training and access-control configuration are unverified.","https://www.pib.gov.in/PressReleasePage.aspx?PRID=2226283&reg=48&lang=2","Current deployment confirmation and pilot-to-production decision | System-specific model/citation evaluation | Current applicable final instrument, if adopted | Confidentiality, provider terms and logs | Human verification and party objection procedure"
"service-supace-field-6","service-supace","service","SUPACE research assistance","Accountability gap","Evaluation & error rates","Not verified","n.a. Current independent citation, omission and hallucination tests or courtroom outcome evaluations were not verified.","","Current deployment confirmation and pilot-to-production decision | System-specific model/citation evaluation | Current applicable final instrument, if adopted | Confidentiality, provider terms and logs | Human verification and party objection procedure"
"service-supace-field-7","service-supace","service","SUPACE research assistance","Accountability gap","Human review & overrides","Partial","The June draft proposes assistive operation and human primacy; this proposal is not proof of an enacted or implemented operational SOP.","https://cdnbbsr.s3waas.gov.in/s3ec0490f1f4972d133619a60c30f3559e/uploads/2026/06/2026060342.pdf","Current deployment confirmation and pilot-to-production decision | System-specific model/citation evaluation | Current applicable final instrument, if adopted | Confidentiality, provider terms and logs | Human verification and party objection procedure"
"service-supace-field-8","service-supace","service","SUPACE research assistance","Accountability gap","Privacy & retention","Not verified","n.a. System-specific confidential-case handling, data retention and model-provider terms were not verified.","","Current deployment confirmation and pilot-to-production decision | System-specific model/citation evaluation | Current applicable final instrument, if adopted | Confidentiality, provider terms and logs | Human verification and party objection procedure"
"service-supace-field-9","service-supace","service","SUPACE research assistance","Accountability gap","Complaints & appeal","Not verified","n.a. A system-output correction/objection route was not verified; ordinary judicial remedies are not analysed here.","","Current deployment confirmation and pilot-to-production decision | System-specific model/citation evaluation | Current applicable final instrument, if adopted | Confidentiality, provider terms and logs | Human verification and party objection procedure"
"service-supace-field-10","service-supace","service","SUPACE research assistance","Accountability gap","Public outputs & access","Partial","Official descriptions and a draft governance instrument are public; no current public operational/test record was verified.","https://www.pib.gov.in/PressReleasePage.aspx?PRID=2226283&reg=48&lang=2 | https://cdnbbsr.s3waas.gov.in/s3ec0490f1f4972d133619a60c30f3559e/uploads/2026/06/2026060342.pdf","Current deployment confirmation and pilot-to-production decision | System-specific model/citation evaluation | Current applicable final instrument, if adopted | Confidentiality, provider terms and logs | Human verification and party objection procedure"
"service-supace-field-11","service-supace","service","SUPACE research assistance","Accountability gap","Current-status limits","Not verified","n.a. A later final regulation or routine SUPACE deployment was not verified after recency searches. This is not proof that neither exists.","https://cdnbbsr.s3waas.gov.in/s3ec0490f1f4972d133619a60c30f3559e/uploads/2026/06/2026060342.pdf | https://www.pib.gov.in/PressReleasePage.aspx?PRID=2226283&reg=48&lang=2","Current deployment confirmation and pilot-to-production decision | System-specific model/citation evaluation | Current applicable final instrument, if adopted | Confidentiality, provider terms and logs | Human verification and party objection procedure"
"service-esanjeevani-limit","service-esanjeevani","service","eSanjeevani clinical support","Record limit","Scope and interpretation","Limit retained","Not clinical advice. Components are not all established as machine learning. The study abstract was retrieved, but full manuscript access was blocked; no independent numeric accuracy is assigned. March/April integration wording is retained. The undated privacy policy's treatment-output carve-out matters; historical practice guidance is not certification of current compliance.","https://cdac.in/index.aspx?id=product_details&productId=eSanjeevaniNationalTelemedicineService | https://sansad.in/getFile/lsapps/loksabhaquestions/annex/188/AS284_ZZWF4R.pdf?source=lsapps | https://sansad.in/getFile/lsapps/loksabhaquestions/annex/188/AS284_ZZWF4R.pdf?source=lsapps | https://sansad.in/getFile/lsapps/loksabhaquestions/annex/188/AS284_ZZWF4R.pdf?source=lsapps | https://www.wadhwaniai.org/impact/healthcare/ | https://solve.mit.edu/solutions/73043 | https://doi.org/10.1101/2025.11.22.25340800 | https://esanjeevani.mohfw.gov.in/assets/guidelines/esanjeevani2.0_Private_Policy.pdf | https://doi.org/10.1101/2025.11.22.25340800 | https://solve.mit.edu/solutions/73043 | https://doi.org/10.1101/2025.11.22.25340800 | https://doi.org/10.1101/2025.11.22.25340800 | https://nihrjodhpur.icmr.org.in/uploads/policybriefs/1782386587_1.PolicyBrief_Telemedicine.pdf | https://esanjeevani.mohfw.gov.in/assets/guidelines/Telemedicine_Practice_Guidelines.pdf | https://esanjeevani.mohfw.gov.in/assets/guidelines/Telemedicine_Practice_Guidelines.pdf | https://esanjeevani.mohfw.gov.in/assets/guidelines/esanjeevani2.0_Private_Policy.pdf | https://esanjeevani.mohfw.gov.in/assets/guidelines/esanjeevani2.0_Private_Policy.pdf | https://esanjeevani.mohfw.gov.in/assets/guidelines/esanjeevani2.0_Private_Policy.pdf | https://esanjeevani.mohfw.gov.in/assets/guidelines/Telemedicine_Practice_Guidelines.pdf | https://www.nhsrcindia.org/sites/default/files/2025-09/Telemedicine%20Final%20Report%202025.pdf","Deployed CDSS version, component suppliers and intended use | Clinical validation, exclusions and subgroup safety evaluation | Doctor override/escalation and adverse-event SOP | Applicable retention rules including treatment-generated records | Patient complaint, clinical review and remedy procedures"
"service-esanjeevani-field-2","service-esanjeevani","service","eSanjeevani clinical support","Accountability gap","Deployment & date","Conflicting sources","The parliamentary response dates integration to April 2023 and usage through July 2026; the developer page says March 2023. These descriptions may refer to different components/stages; they are not silently reconciled.","https://sansad.in/getFile/lsapps/loksabhaquestions/annex/188/AS284_ZZWF4R.pdf?source=lsapps | https://www.wadhwaniai.org/impact/healthcare/","Deployed CDSS version, component suppliers and intended use | Clinical validation, exclusions and subgroup safety evaluation | Doctor override/escalation and adverse-event SOP | Applicable retention rules including treatment-generated records | Patient complaint, clinical review and remedy procedures"
"service-esanjeevani-field-3","service-esanjeevani","service","eSanjeevani clinical support","Accountability gap","Procurement & supplier","Partial","C-DAC is the platform developer; Wadhwani AI describes collaboration on the CDSS in a developer submission. Executed component contracts, production version and full supplier chain were not verified.","https://cdac.in/index.aspx?id=product_details&productId=eSanjeevaniNationalTelemedicineService | https://solve.mit.edu/solutions/73043","Deployed CDSS version, component suppliers and intended use | Clinical validation, exclusions and subgroup safety evaluation | Doctor override/escalation and adverse-event SOP | Applicable retention rules including treatment-generated records | Patient complaint, clinical review and remedy procedures"
"service-esanjeevani-field-4","service-esanjeevani","service","eSanjeevani clinical support","Accountability gap","Funding & contract","Partial","The retrieved study declares no funding for that study; this is not a zero-cost deployment claim. CDSS-specific contract, licensing, budget and maintenance expenditure remain unverified.","https://doi.org/10.1101/2025.11.22.25340800","Deployed CDSS version, component suppliers and intended use | Clinical validation, exclusions and subgroup safety evaluation | Doctor override/escalation and adverse-event SOP | Applicable retention rules including treatment-generated records | Patient complaint, clinical review and remedy procedures"
"service-esanjeevani-field-6","service-esanjeevani","service","eSanjeevani clinical support","Accountability gap","Evaluation & error rates","Partial","A national implementation-study abstract reports expert-clinician validation and implementation, but independent numeric error rates were not established in the retrieved text and full manuscript access was blocked. A separate local 4,401-record study's 90% figure is not the existing national system's score.","https://doi.org/10.1101/2025.11.22.25340800 | https://doi.org/10.1101/2025.11.22.25340800 | https://doi.org/10.1101/2025.11.22.25340800 | https://nihrjodhpur.icmr.org.in/uploads/policybriefs/1782386587_1.PolicyBrief_Telemedicine.pdf","Deployed CDSS version, component suppliers and intended use | Clinical validation, exclusions and subgroup safety evaluation | Doctor override/escalation and adverse-event SOP | Applicable retention rules including treatment-generated records | Patient complaint, clinical review and remedy procedures"
"service-esanjeevani-field-7","service-esanjeevani","service","eSanjeevani clinical support","Accountability gap","Human review & overrides","Partial","Differential diagnosis is supplied to a hub doctor. Historical practice guidance reserves final prescribing/counselling to an RMP and prohibits AI/ML platforms from independently doing it; actual override, escalation and safety-monitoring SOPs remain unverified.","https://sansad.in/getFile/lsapps/loksabhaquestions/annex/188/AS284_ZZWF4R.pdf?source=lsapps | https://esanjeevani.mohfw.gov.in/assets/guidelines/Telemedicine_Practice_Guidelines.pdf | https://esanjeevani.mohfw.gov.in/assets/guidelines/Telemedicine_Practice_Guidelines.pdf","Deployed CDSS version, component suppliers and intended use | Clinical validation, exclusions and subgroup safety evaluation | Doctor override/escalation and adverse-event SOP | Applicable retention rules including treatment-generated records | Patient complaint, clinical review and remedy procedures"
"service-esanjeevani-field-8","service-esanjeevani","service","eSanjeevani clinical support","Accountability gap","Privacy & retention","Partial","The policy ties some data retention to account existence and further interventions, but excludes medical reports/diagnoses generated in treatment from that clause; no single universal retention period follows.","https://esanjeevani.mohfw.gov.in/assets/guidelines/esanjeevani2.0_Private_Policy.pdf | https://esanjeevani.mohfw.gov.in/assets/guidelines/esanjeevani2.0_Private_Policy.pdf","Deployed CDSS version, component suppliers and intended use | Clinical validation, exclusions and subgroup safety evaluation | Doctor override/escalation and adverse-event SOP | Applicable retention rules including treatment-generated records | Patient complaint, clinical review and remedy procedures"
"service-esanjeevani-field-9","service-esanjeevani","service","eSanjeevani clinical support","Accountability gap","Complaints & appeal","Partial","The privacy policy has a privacy contact, and historical practice guidance calls for platform grievance mechanisms. A functioning current support form or CDSS clinical-error review/remedy procedure was not verified; the platform support page was blocked during this review.","https://esanjeevani.mohfw.gov.in/assets/guidelines/esanjeevani2.0_Private_Policy.pdf | https://esanjeevani.mohfw.gov.in/assets/guidelines/Telemedicine_Practice_Guidelines.pdf","Deployed CDSS version, component suppliers and intended use | Clinical validation, exclusions and subgroup safety evaluation | Doctor override/escalation and adverse-event SOP | Applicable retention rules including treatment-generated records | Patient complaint, clinical review and remedy procedures"
"service-esanjeevani-field-10","service-esanjeevani","service","eSanjeevani clinical support","Accountability gap","Public outputs & access","Partial","Developer, parliamentary and privacy records and a national implementation-study abstract are public; no complete national CDSS model card or independent validation dossier was verified.","https://cdac.in/index.aspx?id=product_details&productId=eSanjeevaniNationalTelemedicineService | https://sansad.in/getFile/lsapps/loksabhaquestions/annex/188/AS284_ZZWF4R.pdf?source=lsapps | https://esanjeevani.mohfw.gov.in/assets/guidelines/esanjeevani2.0_Private_Policy.pdf | https://doi.org/10.1101/2025.11.22.25340800","Deployed CDSS version, component suppliers and intended use | Clinical validation, exclusions and subgroup safety evaluation | Doctor override/escalation and adverse-event SOP | Applicable retention rules including treatment-generated records | Patient complaint, clinical review and remedy procedures"
"service-esanjeevani-field-11","service-esanjeevani","service","eSanjeevani clinical support","Accountability gap","Current-status limits","Partial","The dated response supports reported integrated use, not independent safety certification or all October operational details. The programme utilisation study raises privacy and access recommendations, but is not a deployed-CDSS accuracy study.","https://sansad.in/getFile/lsapps/loksabhaquestions/annex/188/AS284_ZZWF4R.pdf?source=lsapps | https://www.nhsrcindia.org/sites/default/files/2025-09/Telemedicine%20Final%20Report%202025.pdf","Deployed CDSS version, component suppliers and intended use | Clinical validation, exclusions and subgroup safety evaluation | Doctor override/escalation and adverse-event SOP | Applicable retention rules including treatment-generated records | Patient complaint, clinical review and remedy procedures"
"service-mahacrimeos-limit","service-mahacrimeos","service","MahaCrimeOS investigation support","Record limit","Scope and interpretation","Limit retained","The reviewed corpus did not establish a government procurement award, station-wise completed rollout, performance audit or tool-specific redress procedure. Count differences may reflect dates/denominators; do not choose a convenient number.","https://www.microsoft.com/en-in/aifirstmovers/FY26CrimeOS | https://news.microsoft.com/source/asia/features/a-race-against-time-maharashtra-police-get-an-ai-copilot-to-fight-cybercrime/ | https://news.microsoft.com/source/asia/features/a-race-against-time-maharashtra-police-get-an-ai-copilot-to-fight-cybercrime/ | https://www.microsoft.com/en-in/aifirstmovers/FY26CrimeOS | https://indianexpress.com/article/explained/mahacrimeos-ai-maharashtra-10418600/ | https://www.microsoft.com/en-in/aifirstmovers/FY26CrimeOS","Government authorisation, procurement and executed contract | Station-wise rollout with dates and active use | Officer verification, override and audit-log SOP | Independent error/bias/workload evaluations | Data-processing, hosting, retention and model-training terms | Subject/victim correction and grievance procedure"
"service-mahacrimeos-field-0","service-mahacrimeos","service","MahaCrimeOS investigation support","Accountability gap","Owner & purpose","Partial","Vendor material describes MARVEL adapting CyberEye's CrimeOS with Microsoft technology; the government-authorisation instrument was not verified.","https://www.microsoft.com/en-in/aifirstmovers/FY26CrimeOS","Government authorisation, procurement and executed contract | Station-wise rollout with dates and active use | Officer verification, override and audit-log SOP | Independent error/bias/workload evaluations | Data-processing, hosting, retention and model-training terms | Subject/victim correction and grievance procedure"
"service-mahacrimeos-field-1","service-mahacrimeos","service","MahaCrimeOS investigation support","Accountability gap","Decision role & affected people","Partial","The reported purpose is complaint processing and investigation assistance; legal consequences and decision boundaries were not verified.","https://news.microsoft.com/source/asia/features/a-race-against-time-maharashtra-police-get-an-ai-copilot-to-fight-cybercrime/","Government authorisation, procurement and executed contract | Station-wise rollout with dates and active use | Officer verification, override and audit-log SOP | Independent error/bias/workload evaluations | Data-processing, hosting, retention and model-training terms | Subject/victim correction and grievance procedure"
"service-mahacrimeos-field-2","service-mahacrimeos","service","MahaCrimeOS investigation support","Accountability gap","Deployment & date","Conflicting sources","Sources describe 23 and 25 pilot stations and an announcement to extend to 1,100; a completed station-wise rollout was not verified.","https://news.microsoft.com/source/asia/features/a-race-against-time-maharashtra-police-get-an-ai-copilot-to-fight-cybercrime/ | https://www.microsoft.com/en-in/aifirstmovers/FY26CrimeOS | https://indianexpress.com/article/explained/mahacrimeos-ai-maharashtra-10418600/","Government authorisation, procurement and executed contract | Station-wise rollout with dates and active use | Officer verification, override and audit-log SOP | Independent error/bias/workload evaluations | Data-processing, hosting, retention and model-training terms | Subject/victim correction and grievance procedure"
"service-mahacrimeos-field-3","service-mahacrimeos","service","MahaCrimeOS investigation support","Accountability gap","Procurement & supplier","Partial","CyberEye/Microsoft/MARVEL are named in vendor material. A named supplier is not a procurement award or proof of the current contract.","https://www.microsoft.com/en-in/aifirstmovers/FY26CrimeOS","Government authorisation, procurement and executed contract | Station-wise rollout with dates and active use | Officer verification, override and audit-log SOP | Independent error/bias/workload evaluations | Data-processing, hosting, retention and model-training terms | Subject/victim correction and grievance procedure"
"service-mahacrimeos-field-4","service-mahacrimeos","service","MahaCrimeOS investigation support","Accountability gap","Funding & contract","Not verified","n.a. Government contract, licence cost, funding, renewal and procurement evaluation were not verified.","","Government authorisation, procurement and executed contract | Station-wise rollout with dates and active use | Officer verification, override and audit-log SOP | Independent error/bias/workload evaluations | Data-processing, hosting, retention and model-training terms | Subject/victim correction and grievance procedure"
"service-mahacrimeos-field-5","service-mahacrimeos","service","MahaCrimeOS investigation support","Accountability gap","Data & integration","Partial","Vendor description lists PDFs, audio, handwritten notes and images as inputs, with Marathi adaptation; actual production data flows are not independently verified.","https://www.microsoft.com/en-in/aifirstmovers/FY26CrimeOS | https://www.microsoft.com/en-in/aifirstmovers/FY26CrimeOS","Government authorisation, procurement and executed contract | Station-wise rollout with dates and active use | Officer verification, override and audit-log SOP | Independent error/bias/workload evaluations | Data-processing, hosting, retention and model-training terms | Subject/victim correction and grievance procedure"
"service-mahacrimeos-field-6","service-mahacrimeos","service","MahaCrimeOS investigation support","Accountability gap","Evaluation & error rates","Not verified","n.a. Independent error, bias, accuracy and workload evaluations were not verified; vendor anecdotes are not benchmarks.","","Government authorisation, procurement and executed contract | Station-wise rollout with dates and active use | Officer verification, override and audit-log SOP | Independent error/bias/workload evaluations | Data-processing, hosting, retention and model-training terms | Subject/victim correction and grievance procedure"
"service-mahacrimeos-field-7","service-mahacrimeos","service","MahaCrimeOS investigation support","Accountability gap","Human review & overrides","Not verified","n.a. An enforceable officer verification/override SOP and audit trail were not verified.","","Government authorisation, procurement and executed contract | Station-wise rollout with dates and active use | Officer verification, override and audit-log SOP | Independent error/bias/workload evaluations | Data-processing, hosting, retention and model-training terms | Subject/victim correction and grievance procedure"
"service-mahacrimeos-field-8","service-mahacrimeos","service","MahaCrimeOS investigation support","Accountability gap","Privacy & retention","Not verified","n.a. Tool-specific processor, hosting, model-training use, access, retention and deletion terms were not verified.","","Government authorisation, procurement and executed contract | Station-wise rollout with dates and active use | Officer verification, override and audit-log SOP | Independent error/bias/workload evaluations | Data-processing, hosting, retention and model-training terms | Subject/victim correction and grievance procedure"
"service-mahacrimeos-field-9","service-mahacrimeos","service","MahaCrimeOS investigation support","Accountability gap","Complaints & appeal","Not verified","n.a. Tool-specific correction, access or complaint mechanisms were not verified; ordinary policing remedies are outside this case's verified scope.","","Government authorisation, procurement and executed contract | Station-wise rollout with dates and active use | Officer verification, override and audit-log SOP | Independent error/bias/workload evaluations | Data-processing, hosting, retention and model-training terms | Subject/victim correction and grievance procedure"
"service-mahacrimeos-field-10","service-mahacrimeos","service","MahaCrimeOS investigation support","Accountability gap","Public outputs & access","Partial","Public vendor descriptions and reporting exist. Authoritative station-wise deployment, procurement and audit artefacts were not verified.","https://news.microsoft.com/source/asia/features/a-race-against-time-maharashtra-police-get-an-ai-copilot-to-fight-cybercrime/ | https://www.microsoft.com/en-in/aifirstmovers/FY26CrimeOS | https://indianexpress.com/article/explained/mahacrimeos-ai-maharashtra-10418600/","Government authorisation, procurement and executed contract | Station-wise rollout with dates and active use | Officer verification, override and audit-log SOP | Independent error/bias/workload evaluations | Data-processing, hosting, retention and model-training terms | Subject/victim correction and grievance procedure"
"service-mahacrimeos-field-11","service-mahacrimeos","service","MahaCrimeOS investigation support","Accountability gap","Current-status limits","Not verified","n.a. A current government-confirmed rollout inventory and operational audit were not obtained. This is not proof of non-use.","https://news.microsoft.com/source/asia/features/a-race-against-time-maharashtra-police-get-an-ai-copilot-to-fight-cybercrime/ | https://www.microsoft.com/en-in/aifirstmovers/FY26CrimeOS","Government authorisation, procurement and executed contract | Station-wise rollout with dates and active use | Officer verification, override and audit-log SOP | Independent error/bias/workload evaluations | Data-processing, hosting, retention and model-training terms | Subject/victim correction and grievance procedure"