"Source ID","Title","Source type","Date","Publication basis","Source check","Status","URL","Snapshot","Snapshot kind","Hash type","SHA-256"
"draft","Consultation draft","Draft","3 January 2025","Gazette dated 3 January 2025","4 October 2026","Draft","https://www.meity.gov.in/static/uploads/2025/02/f8a8e97a91091543fe19139cac7514a1.pdf","snapshots/draft.txt","Extracted source text","SHA-256 of extracted UTF-8 text; not original PDF bytes","cc49c9e3174324bb98980a59687c669bbc7b7176dd0d1e443d72e6c75c7a14e2"
"final","Notified final Rules","Notified / phased","13 November 2025","Gazette dated 13 November; MeitY listing says 14 November 2025","4 October 2026","Notified / phased","https://www.meity.gov.in/static/uploads/2025/11/53450e6e5dc0bfa85ebd78686cadad39.pdf","snapshots/final.txt","Extracted source text","SHA-256 of extracted UTF-8 text; not original PDF bytes","faf626ebfbf12521d23e2fdbecedfcbb3082d795a1f838e57c795cde7cb755a5"
"corrigendum","English-text corrigenda","Correction","10 December 2025","Gazette dated 11 December; MeitY listing 16 December 2025","4 October 2026","Correction","https://www.meity.gov.in/static/uploads/2025/12/3c7ebbae0e5456f493f486e6845df86b.pdf","snapshots/corrigendum.txt","Extracted source text","SHA-256 of extracted UTF-8 text; not original PDF bytes","5e877853b2fd3438291382ca155144da1ff2d9106072cfba5d37bb13425f25d8"
"commencement","Act commencement instrument","Commencement","13 November 2025","Gazette dated 13 November; publication-date basis disputed","4 October 2026","Commencement","https://www.meity.gov.in/static/uploads/2025/11/c56ceae6c383460ca69577428d36828b.pdf","snapshots/commencement.txt","Extracted source text","SHA-256 of extracted UTF-8 text; not original PDF bytes","bda8a4ac77bb5e680376f60685ddd3e1a5c132f54e688c5687e21d8500713ed8"
"sgi-draft","Synthetic-media consultation draft","Consultation draft","22 October 2025","22 October 2025","5 October 2026","Consultation draft","https://www.meity.gov.in/static/uploads/2025/10/9de47fb06522b9e40a61e4731bc7de51.pdf","snapshots/sgi-draft.txt","Extracted source text","SHA-256 of extracted UTF-8 text, not original PDF bytes","b54dfd61df6a9c8c8e9f584eb437346a9237e293d342f78af44da79ca2507e36"
"sgi-final","Notified synthetic-media amendments","Notified amendment","10 February 2026","10 February 2026","5 October 2026","Notified amendment","https://www.meity.gov.in/static/uploads/2026/02/f55fe52418b03f58b0669f6a8bc03b6d.pdf","snapshots/sgi-final.txt","Extracted source text","SHA-256 of extracted UTF-8 text, not original PDF bytes","d31804a7666d165f44ed968fd5e4d10a816cc83602af63b1aa56a65b4a686e68"
"sgi-corrigendum","Synthetic-media English-text corrigenda","Correction","26 February 2026","26 February 2026","5 October 2026","Correction","https://www.meity.gov.in/static/uploads/2026/03/20c30107195f68865104dd4e16176f4d.pdf","snapshots/sgi-corrigendum.txt","Extracted source text","SHA-256 of extracted UTF-8 text, not original PDF bytes","a860908ed1cc7e95db871f483f2bb18de92f87bdf931a94d509537bdd286cb54"
"sgi-baseline","Prior consolidated IT Rules","Prior consolidated text","Updated 22 October 2025","Updated 22 October 2025","5 October 2026","Prior consolidated text","https://www.meity.gov.in/static/uploads/2025/10/708f6a344c74249c2e1bbb6890342f80.pdf","snapshots/sgi-baseline.txt","Extracted source text","SHA-256 of extracted UTF-8 text, not original PDF bytes","182a9b90e2a11fb06522e092e1b542a96f8a52f28f648bab7feb10c2eb3f952f"
"sgi-consolidated","IT Rules incorporating the SGI corrigenda","Corrected consolidation","26 February 2026 corrigenda","26 February 2026 corrigenda","5 October 2026","Corrected consolidation","https://www.meity.gov.in/static/uploads/2026/03/0b576f2071694b52e4cd6bb1b6dfab1e.pdf","snapshots/sgi-consolidated.txt","Extracted source text","SHA-256 of extracted UTF-8 text, not original PDF bytes","b5198b72c51d9d2ae94d38cd8d6f0214241abcca3473228e1aedb6547e722705"
"sgi-faq","MeitY synthetic-media FAQ","Official explanation","10 February 2026","10 February 2026","5 October 2026","Official explanation","https://www.meity.gov.in/static/uploads/2025/10/065b6deb585441b5ccdf8be42502a49c.pdf","snapshots/sgi-faq.txt","Extracted source text","SHA-256 of extracted UTF-8 text, not original PDF bytes","9cce731de8e47b91348581f7d9c751f6fb6cc1d64f8d63a4e2c32b61e82e6011"
"aig-consultation","AI Governance Guidelines Development report","Consultation report","Public consultation: 6 January 2025","Public consultation: 6 January 2025","5 October 2026","Consultation report","https://indiaai.s3.ap-south-1.amazonaws.com/docs/subcommittee-report-dec26.pdf","snapshots/aig-consultation.txt","Extracted source text","SHA-256 of extracted UTF-8 text, not original PDF bytes","a1f117015bd368b688690317f312d4bda110d3f3e42aa904ea487a383b43d347"
"aig-guidelines","India AI Governance Guidelines","Policy recommendations","Released 5 November 2025","Released 5 November 2025","5 October 2026","Policy recommendations","https://static.pib.gov.in/WriteReadData/specificdocs/documents/2025/nov/doc2025115685601.pdf","snapshots/aig-guidelines.txt","Extracted source text","SHA-256 of extracted UTF-8 text, not original PDF bytes","628806e4e519e7d832f270bec2d6ab858aaa3252c6d48dcf8941df01fe82acf4"
"aig-launch","Official AI guidelines launch record","Official launch record","5 November 2025","5 November 2025","5 October 2026","Official launch record","https://www.pib.gov.in/PressReleasePage.aspx?PRID=2186639&reg=3&lang=2","snapshots/aig-launch.txt","Extracted source text","SHA-256 of extracted UTF-8 text, not original PDF bytes","51c02d35ced11436f674d190d3d32be659354249dcd50cbda1d7a279ce39f276"
"impl-aigeg-order","AIGEG constitution memorandum","Constitution order","13 April 2026","13 April 2026","5 October 2026","Constitution order","https://www.meity.gov.in/static/uploads/2026/04/43a4ec455c26b0f061cc7cca98770a45.pdf","snapshots/impl-aigeg-order.txt","Extracted source text","SHA-256 of extracted UTF-8 text, not original PDF bytes","d3a050d627ec3021393b6d2a4ee735ff3206ccafcbd64fe69a9d0a374fad4302"
"impl-tpec-order","TPEC constitution memorandum","Constitution order","13 April 2026","13 April 2026","5 October 2026","Constitution order","https://d12aarmt01l54a.cloudfront.net/cms/files/constitution-of-tpec/1776447206.pdf","snapshots/impl-tpec-order.txt","Extracted source text","SHA-256 of extracted UTF-8 text, not original PDF bytes","8706c75e434a3dff62e8f4e03ff3444e4d8a7d1ccbfa2f3068c43094707e2513"
"impl-aigeg-release","AIGEG constitution announcement","Official announcement","16 April 2026","16 April 2026","5 October 2026","Official announcement","https://www.pib.gov.in/PressReleasePage.aspx?PRID=2252739&reg=1&lang=1","snapshots/impl-aigeg-release.txt","Extracted source text","SHA-256 of extracted UTF-8 text, not original PDF bytes","72d1d7b4e7e932ab5fe41c63a4793ae87e5b1f755d6845da530d0f119da017eb"
"impl-tpec-release","TPEC constitution announcement","Official announcement","18 April 2026","18 April 2026","5 October 2026","Official announcement","https://www.pib.gov.in/PressReleasePage.aspx?PRID=2253322&reg=1&lang=1","snapshots/impl-tpec-release.txt","Extracted source text","SHA-256 of extracted UTF-8 text, not original PDF bytes","13eb1267f72810c12e303353326639b35c2876ea9bc5b8773cdfbec2b3918ef5"
"impl-partners","IndiaAI Safety Institute partner EOI","Partnership call","Published 9 May 2025; deadline 9 June 2025","Published 9 May 2025; deadline 9 June 2025","5 October 2026","Partnership call","https://indiaai.s3.ap-south-1.amazonaws.com/docs/sg-call-for-partnerships-indiaai-safety-institute.pdf","snapshots/impl-partners.txt","Extracted source text","SHA-256 of extracted UTF-8 text, not original PDF bytes","dc1d68256f8aa317aea70ee70702c63c871bf530f6e4356c07acc2ab031804d0"
"impl-director","Safety Institute director recruitment","Recruitment notice","Application deadline 2 June 2026; posting date not certified","Application deadline 2 June 2026; posting date not certified","5 October 2026","Recruitment notice","https://dic.gov.in/jobs/director-indiaai-safety-institute/","snapshots/impl-director.txt","Extracted source text","SHA-256 of extracted UTF-8 text, not original PDF bytes","3ebb8a77360ba717f067ff967eef234f23c3970ff7d91ddf83f0c96c83758274"
"impl-safety-status","Safe & Trusted AI parliamentary explanation","Official self-report","27 July 2026","27 July 2026","5 October 2026","Official self-report","https://www.pib.gov.in/PressReleasePage.aspx?PRID=2289946&reg=3&lang=1","snapshots/impl-safety-status.txt","Extracted source text","SHA-256 of extracted UTF-8 text, not original PDF bytes","f9f82dd190323748b5cddacf8963e5f5cd6680171b80855ff05b8c43d075393d"
"impl-mission-status","IndiaAI Mission governance progress explanation","Official self-report","29 July 2026","29 July 2026","5 October 2026","Official self-report","https://www.pib.gov.in/PressReleasePage.aspx?PRID=2291062&reg=48&lang=1","snapshots/impl-mission-status.txt","Extracted source text","SHA-256 of extracted UTF-8 text, not original PDF bytes","9ee611bf8be80c79cb27f92083f8d3becda9c293c9d53a50f4f699f3befc6de9"
"impl-projects","Second Safe & Trusted AI EOI selections","Project selection announcement","7 October 2025","7 October 2025","5 October 2026","Project selection announcement","https://www.pib.gov.in/PressReleasePage.aspx?PRID=2175698","snapshots/impl-projects.txt","Extracted source text","SHA-256 of extracted UTF-8 text, not original PDF bytes","269765d4781774e71e895d703ba6fd75213225c6b4a6c27f61da83613a5de0cf"
"impl-commitments","AI Impact Summit deliverables","Official self-report","2 March 2026","2 March 2026","5 October 2026","Official self-report","https://www.pib.gov.in/PressReleasePage.aspx?PRID=2234343&reg=3&lang=1","snapshots/impl-commitments.txt","Extracted source text","SHA-256 of extracted UTF-8 text, not original PDF bytes","a5ef4f9b6d3bba0705146d84c5c1a4338af87100c221afcfef4a9950ffb33281"
"impl-redress","Deepfake safeguards and grievance explanation","Official explanation","30 July 2026","30 July 2026","5 October 2026","Official explanation","https://www.pib.gov.in/PressReleasePage.aspx?PRID=2291671&reg=3&lang=1","snapshots/impl-redress.txt","Extracted source text","SHA-256 of extracted UTF-8 text, not original PDF bytes","ffafee2530c1b187b615613d0910eddaad17a2f44a57df6c7e398cf028c67a1d"
"impl-cert-directions","CERT-In cyber incident directions","Directions","28 April 2022","28 April 2022","5 October 2026","Directions","https://www.cert-in.org.in/PDF/CERT-In_Directions_70B_28.04.2022.pdf","snapshots/impl-cert-directions.txt","Extracted source text","SHA-256 of extracted UTF-8 text, not original PDF bytes","7b5c2b023e5c083b65084ccd84d56fdc37a6bca7f08420e13ca9f61364c6170c"
"service-upsc-tender","UPSC biometric/AI tender specification","Official tender","18 July 2024 corrigendum filename; inspect instrument","18 July 2024 corrigendum filename; inspect instrument","5 October 2026","Official tender","https://upsc.gov.in/sites/default/files/Tender-AadhaarQRFaceRecgAI-Corrgn_Eng-180724.pdf","snapshots/service-upsc-tender.txt","Selected excerpts","SHA-256 of selected extracted UTF-8 excerpts, not original PDF bytes","98550a96d5b6e41de9b1ccf5186fdee04088b0348694e1ea5b5678a6ced7dd1c"
"service-upsc-live","UPSC face authentication implementation","Official self-report","4 June 2026","4 June 2026","5 October 2026","Official self-report","https://www.pib.gov.in/PressReleasePage.aspx?PRID=2268879&reg=3&lang=1","snapshots/service-upsc-live.txt","Selected excerpts","SHA-256 of selected extracted UTF-8 excerpts, not original PDF bytes","44077cba0721dfe9c096137ba5a9ab51f753f9d136eb12b6e69e4ec1c424b3ee"
"service-upsc-october","UPSC centenary current-status explanation","Official self-report","4 October 2026","4 October 2026","5 October 2026","Official self-report","https://www.pib.gov.in/PressReleaseDetail.aspx?PRID=2317336&reg=48&lang=1","snapshots/service-upsc-october.txt","Selected excerpts","SHA-256 of selected extracted UTF-8 excerpts, not original PDF bytes","eaf44ab97e964119abf0334fce5a5e37daf21e4d4dd3fb08aeae671b4c78c376"
"service-cyber-winners","CyberGuard hackathon results","Official announcement","30 May 2025 event; source date checked against release","30 May 2025 event; source date checked against release","5 October 2026","Official announcement","https://www.pib.gov.in/PressReleasePage.aspx?PRID=2132817&reg=3&lang=1","snapshots/service-cyber-winners.txt","Selected excerpts","SHA-256 of selected extracted UTF-8 excerpts, not original PDF bytes","c3119a67d3969a5778a18fb08c74703f32284a0cdda7de6e7a85eb65b2f5c2a4"
"service-judiciary","Official judicial AI backgrounder","Official explanation","11 February 2026","11 February 2026","5 October 2026","Official explanation","https://www.pib.gov.in/PressReleasePage.aspx?PRID=2226283&reg=48&lang=2","snapshots/service-judiciary.txt","Selected excerpts","SHA-256 of selected extracted UTF-8 excerpts, not original PDF bytes","788ba76efaad8b4ad1ab5643e45a76efc9125dc51b8d92acc532ce6ea9def21f"
"service-translation-vetting","Allahabad translation-vetting notice","Court administrative notice","September 2023; deadline 22 September 2023","September 2023; deadline 22 September 2023","5 October 2026","Court administrative notice","https://www.allahabadhighcourt.in/event/event_16290_18-09-2023.pdf","snapshots/service-translation-vetting.txt","Selected excerpts","SHA-256 of selected extracted UTF-8 excerpts, not original PDF bytes","e2f8b8aaaad032f4b14e57e25e03db53f5f627a014701d81786aa5e1c40c3e34"
"service-court-draft","Court AI consultation draft","Consultation draft","3 June 2026","3 June 2026","5 October 2026","Consultation draft","https://cdnbbsr.s3waas.gov.in/s3ec0490f1f4972d133619a60c30f3559e/uploads/2026/06/2026060342.pdf","snapshots/service-court-draft.txt","Selected excerpts","SHA-256 of selected extracted UTF-8 excerpts, not original PDF bytes","c2ea26525dfaa29be8afdfefd23fce944d9e412ff2d751ace4f1fa38a3dcacc4"
"service-health-platform","C-DAC eSanjeevani product description","Official developer description","Undated page; statistics labelled 16 August 2026","Undated page; statistics labelled 16 August 2026","5 October 2026","Official developer description","https://cdac.in/index.aspx?id=product_details&productId=eSanjeevaniNationalTelemedicineService","snapshots/service-health-platform.txt","Selected excerpts","SHA-256 of selected extracted UTF-8 excerpts, not original PDF bytes","4edd061a6c67e8e79f2aa273dd5881a9d0ebb39e0fb1c4c8713be78042327051"
"service-health-parliament","Lok Sabha telemedicine/CDSS response","Parliamentary response","7 August 2026","7 August 2026","5 October 2026","Parliamentary response","https://sansad.in/getFile/lsapps/loksabhaquestions/annex/188/AS284_ZZWF4R.pdf?source=lsapps","snapshots/service-health-parliament.txt","Selected excerpts","SHA-256 of selected extracted UTF-8 excerpts, not original PDF bytes","e8193a301fb5a53fab59f6944fecb3baec9b1566638fea7068a79d4a24718fd2"
"service-health-privacy","eSanjeevani privacy policy","Published privacy policy","Undated PDF; checked 5 October 2026","Undated PDF; checked 5 October 2026","5 October 2026","Published privacy policy","https://esanjeevani.mohfw.gov.in/assets/guidelines/esanjeevani2.0_Private_Policy.pdf","snapshots/service-health-privacy.txt","Selected excerpts","SHA-256 of selected extracted UTF-8 excerpts, not original PDF bytes","cd9e32fd8b67f69e121dc55951608a717004c119c71a9c56b69aa41349452743"
"service-health-local-study","ICMR local telemedicine research brief","Government research brief","2026 publication location; exact publication day not certified","2026 publication location; exact publication day not certified","5 October 2026","Government research brief","https://nihrjodhpur.icmr.org.in/uploads/policybriefs/1782386587_1.PolicyBrief_Telemedicine.pdf","snapshots/service-health-local-study.txt","Selected excerpts","SHA-256 of selected extracted UTF-8 excerpts, not original PDF bytes","686bc2c3e16246bc912070d8d8f13125582c1008da1e3b62e75a212c0e2fdbdb"
"service-health-report","NHSRC telemedicine utilisation study","Government programme study","2025 report","2025 report","5 October 2026","Government programme study","https://www.nhsrcindia.org/sites/default/files/2025-09/Telemedicine%20Final%20Report%202025.pdf","snapshots/service-health-report.txt","Selected excerpts","SHA-256 of selected extracted UTF-8 excerpts, not original PDF bytes","1bc02507e708d5b1259f86f933cab8754762427c67a53a1cb8b8270ad15b2154"
"service-police-vendor","Microsoft MahaCrimeOS feature","Vendor account","12 December 2025","12 December 2025","5 October 2026","Vendor account","https://news.microsoft.com/source/asia/features/a-race-against-time-maharashtra-police-get-an-ai-copilot-to-fight-cybercrime/","snapshots/service-police-vendor.txt","Selected excerpts","SHA-256 of selected extracted UTF-8 excerpts, not original PDF bytes","8c5e61d4c68510dd3992f9029b261acf2a19cb6ad955fc440003cae003957f28"
"service-police-summary","Microsoft CrimeOS customer story","Vendor account","Undated page; checked 5 October 2026","Undated page; checked 5 October 2026","5 October 2026","Vendor account","https://www.microsoft.com/en-in/aifirstmovers/FY26CrimeOS","snapshots/service-police-summary.txt","Selected excerpts","SHA-256 of selected extracted UTF-8 excerpts, not original PDF bytes","7747c779688352b6794a602e47f76d0a2b931d407301571b22ae9915ff0bf438"
"service-police-reporting","Indian Express MahaCrimeOS reporting","News reporting","14 December 2025","14 December 2025","5 October 2026","News reporting","https://indianexpress.com/article/explained/mahacrimeos-ai-maharashtra-10418600/","snapshots/service-police-reporting.txt","Selected excerpts","SHA-256 of selected extracted UTF-8 excerpts, not original PDF bytes","25a6211442c4e765724c7b74725b5ccb57f3c46add1816b2bb4d774e37b35129"
"service-health-implementation-study","National eSanjeevani CDSS implementation-study abstract","Research abstract; full manuscript not reviewed","DOI version 2025.11.22; exact publication day not certified","DOI version 2025.11.22; exact publication day not certified","5 October 2026","Research abstract; full manuscript not reviewed","https://doi.org/10.1101/2025.11.22.25340800","snapshots/service-health-implementation-study.txt","Selected excerpts","SHA-256 of selected extracted UTF-8 excerpts, not original PDF bytes","a1952697f30eb35a276197fb4547ec2659e750dd1a6919f71b3d6ee16f1aa3f1"
"service-health-developer-submission","Wadhwani AI eSanjeevani developer submission","Developer account","2023 programme context; page date not certified","2023 programme context; page date not certified","5 October 2026","Developer account","https://solve.mit.edu/solutions/73043","snapshots/service-health-developer-submission.txt","Selected excerpts","SHA-256 of selected extracted UTF-8 excerpts, not original PDF bytes","3e4891cd5e2ade8c4f77aa2c64dfb2edbb59cbcb0fb5ac83801a9d216348480d"
"service-health-developer-current","Wadhwani AI healthcare programme page","Developer account","Undated page; checked 5 October 2026","Undated page; checked 5 October 2026","5 October 2026","Developer account","https://www.wadhwaniai.org/impact/healthcare/","snapshots/service-health-developer-current.txt","Selected excerpts","SHA-256 of selected extracted UTF-8 excerpts, not original PDF bytes","7f54f436044fe843e592f72b49a0d501ea8de5575a2546eb96d7bcaeaeea54b8"
"service-translation-guidelines","Court translation scheme and Supreme Court AI Committee guidelines","Court administrative guidance","Guidelines dated 21 August 2023; historical circulated annexure","Guidelines dated 21 August 2023; historical circulated annexure","5 October 2026","Court administrative guidance","https://cdnbbsr.s3waas.gov.in/s3ec03ac73001b1d44f4925449ce09d9f5/uploads/2023/09/2023092013.pdf","snapshots/service-translation-guidelines.txt","Selected excerpts","SHA-256 of selected extracted UTF-8 excerpts, not original PDF bytes","488d3fb22c1d1c79e3113b768cadec5a623a18c6f49b558534d1f340479188d8"
"service-health-practice-guidelines","Telemedicine Practice Guidelines","Professional practice guidelines; historical text","25 March 2020; later-current status not exhaustively certified","25 March 2020; later-current status not exhaustively certified","5 October 2026","Professional practice guidelines; historical text","https://esanjeevani.mohfw.gov.in/assets/guidelines/Telemedicine_Practice_Guidelines.pdf","snapshots/service-health-practice-guidelines.txt","Selected excerpts","SHA-256 of selected extracted UTF-8 excerpts, not original PDF bytes","a3b894e4d924552925d1c514fd8a80a2d03d59de2c07e393f0b27e2fafd9496c"
"context-dpdp-act","Digital Personal Data Protection Act, 2023","Official statute","11 August 2023; Gazette code dated 12 August","Gazette statute, not a certification of all current commencement or court status","5 October 2026","Parent statute; contextual source","https://www.meity.gov.in/static/uploads/2024/06/2bf1f0e9f04e6fb4f8fef35e82c42aa5.pdf","snapshots/context-dpdp-act.txt","Extracted source text","SHA-256 of extracted UTF-8 text, not PDF bytes","4ec8b7bba359d6c2a8d10e51a4b2886ac9f89c31dd194b790a535cf583e42b29"