evidence_id,instrument_id,provision_id,source_id,quote,locator,supports
gov-aadhaar-regulations-status,gov-aadhaar-regulations,,govsrc-7edad807cdde66c7,These regulations shall come into force on the date of their publication in the Official Gazette.,Document status passage; see primary text,Status
gov-aadhaar-regulations-scope,gov-aadhaar-regulations,,govsrc-7edad807cdde66c7,"These regulations may be called the Aadhaar (Authentication and Offline Verification) Regulations, 2021.",Document scope passage; see primary text,Scope
gov-aadhaar-regulations-p1-ev,gov-aadhaar-regulations,gov-aadhaar-regulations-p1,govsrc-7edad807cdde66c7,"The Authority may undertake audit of the operations, infrastructure, systems and procedures, of requesting entities",Regulation 21(1),Oversight
gov-aadhaar-regulations-p4-ev,gov-aadhaar-regulations,gov-aadhaar-regulations-p4,govsrc-7edad807cdde66c7,The requesting entity shall not share the authentication logs with any person other than the concerned Aadhaar number holder upon his/her request or for grievance redressal and resolution of disputes,Regulation 18(4),Redress
gov-aadhaar-regulations-p5-ev,gov-aadhaar-regulations,gov-aadhaar-regulations-p5,govsrc-7edad807cdde66c7,"the core biometric information collected from the Aadhaar number holder is not stored, shared or published for any purpose whatsoever",Regulation 17(1)(a),Accountability and data
gov-ai-consultation-status,gov-ai-consultation,,govsrc-4e1902732135828f,publishing the report for wider public consultation to invite feedback,Document status passage; see primary text,Status
gov-ai-consultation-scope,gov-ai-consultation,,govsrc-4e1902732135828f,to analyse gaps and offer recommendations for developing a comprehensive framework for governance of Artificial Intelligence (AI).,Document scope passage; see primary text,Scope
gov-ai-consultation-p1-ev,gov-ai-consultation,gov-ai-consultation-p1,govsrc-4e1902732135828f,The Committee/ Group should have an ongoing status and should not be a limited duration mechanism.,"p. 13, IV. Recommendations, recommendation 1",Oversight
gov-ai-consultation-p2-ev,gov-ai-consultation,gov-ai-consultation-p2,govsrc-4e1902732135828f,"processes to test and monitor data quality, model robustness, and outcomes;","p. 17, IV. Recommendations, recommendation 4",Evaluation
gov-ai-consultation-p4-ev,gov-ai-consultation,gov-ai-consultation-p4,govsrc-4e1902732135828f,MeitY should consider introducing requirements for Grievance Appellate Committees (GACs) and Adjudicating Officers (AOs) to be “digital by design”,"p. 19, IV. Recommendations, recommendation 6",Redress
gov-ai-consultation-p5-ev,gov-ai-consultation,gov-ai-consultation-p5,govsrc-4e1902732135828f,"traceability of data, models, systems, and actors throughout the lifecycle of AI systems","p. 12, III. Gap Analysis, B. The need for transparency and responsibility across the AI ecosystem in India",Accountability and data
gov-ai-guidelines-status,gov-ai-guidelines,,govsrc-2e6f22e2653285d9,"The Committee recommends that India’s AI governance framework be guided by certain principles or ‘sutras’, applicable across sectors and technologies.",Document status passage; see primary text,Status
gov-ai-guidelines-scope,gov-ai-guidelines,,govsrc-2e6f22e2653285d9,"India’s approach in general is to govern the applications of AI by empowering the relevant sectoral regulators, and not to regulate the underlying technology itself.",Document scope passage; see primary text,Scope
gov-ai-guidelines-p1-ev,gov-ai-guidelines,gov-ai-guidelines-p1,govsrc-2e6f22e2653285d9,The Committee recommends the creation of an AI Governance Group (AIGG) to develop and oversee India’s position and strategy on AI governance.,"Printed p. 34, §2.6, A. AI Governance Group",Oversight
gov-ai-guidelines-p2-ev,gov-ai-guidelines,gov-ai-guidelines-p2,govsrc-2e6f22e2653285d9,"The AISI should be involved in research, risk assessment, and capacity-building. It should test and evaluate AI systems for risks","Printed p. 36, §2.6, B. AI Safety Institute",Evaluation
gov-ai-guidelines-p3-ev,gov-ai-guidelines,gov-ai-guidelines-p3,govsrc-2e6f22e2653285d9,to manage public procurements effectively,"Printed p. 17, §2.2, Capacity Building, Recommendations",Procurement
gov-ai-guidelines-p4-ev,gov-ai-guidelines,gov-ai-guidelines-p4,govsrc-2e6f22e2653285d9,Create a grievance redressal mechanism to enable reporting of AI-related harms and ensure resolution of such issues within a reasonable timeframe.,"Printed p. 42, Part 4, Guidelines for industry",Redress
gov-ai-guidelines-p5-ev,gov-ai-guidelines,gov-ai-guidelines-p5,govsrc-2e6f22e2653285d9,"The DPDP Act introduces obligations of consent, purpose limitation, and data minimisation that have direct bearing on AI model training and deployment.","Printed p. 51, Annexure 3, Overview of current laws in India relevant to AI systems",Accountability and data
gov-ai-guidelines-official-status,gov-ai-guidelines,,govsrc-944996a581177c67,The India AI Governance Guidelines were released on 5 November 2025.,Release paragraph; also explains principle-based non-prescriptive status,Status and date qualification
gov-aigeg-order-status,gov-aigeg-order,,govsrc-930d62850557facf,The undersigned is directed to convey constitution olAI Governance and Economic Group (AIGEG).,Document status passage; see primary text,Status
gov-aigeg-order-scope,gov-aigeg-order,,govsrc-930d62850557facf,Terms of Reference of AIGEG,Document scope passage; see primary text,Scope
gov-aigeg-order-p1-ev,gov-aigeg-order,gov-aigeg-order-p1,govsrc-930d62850557facf,"Coordinate policy across ministries, departments and sectoral regulators, and oversee cross- sectoral govemance issues.",Terms of Reference of AIGEG; printed page not established,Oversight
gov-aigeg-order-p2-ev,gov-aigeg-order,gov-aigeg-order-p2,govsrc-930d62850557facf,"Classi& AI use cases into categories such as ""deploy"", ""pilot"" and ""defer"" based on readiness in terms of data availability, skills, legal frameworks and capacity for labour adjustment.",Terms of Reference of AIGEG; printed page not established,Evaluation
gov-aigeg-order-p5-ev,gov-aigeg-order,gov-aigeg-order-p5,govsrc-930d62850557facf,Review existing mechanisms and issue guidelines to ensure that firms are held accountable for compliance with local laws.,Terms of Reference of AIGEG; printed page not established,Accountability and data
gov-ap-court-order-status,gov-ap-court-order,,govsrc-569d2cc75dfb3e9f,the High Court decided to extend the mandatory use of the Adalat.AI Plafform to all Courts in the State with effect from 01.10.2026.,Document status passage; see primary text,Status
gov-ap-court-order-scope,gov-ap-court-order,,govsrc-569d2cc75dfb3e9f,all Judicial Officers in the State shall mandatorily use the Adalat.AI platform for the following categories of judicial works:,Document scope passage; see primary text,Scope
gov-ap-court-order-p1-ev,gov-ap-court-order,gov-ap-court-order-p1,govsrc-569d2cc75dfb3e9f,The Unit Heads or Nodal Officers designated by the Unit Heads in each District shall closely monitor the implementation of these directions,"Printed pp. 2–3, para. 6(iv)",Oversight
gov-ap-court-order-p2-ev,gov-ap-court-order,gov-ap-court-order-p2,govsrc-569d2cc75dfb3e9f,Upon reviewing the implementation of the pilot project,"Printed p. 2, para. 3",Evaluation
gov-ap-court-order-p4-ev,gov-ap-court-order,gov-ap-court-order-p4,govsrc-569d2cc75dfb3e9f,"If the issue remains unresolved at the District level, the same shall be reported to the High Court for necessary action.","Printed p. 2, para. 6(ii)",Redress
gov-ap-court-order-p5-ev,gov-ap-court-order,gov-ap-court-order-p5,govsrc-569d2cc75dfb3e9f,The report shall specifically indicate: (a)Total number of Courts; (b)Number of Courts recording evidence through Adalat.AI Plafform;,"Printed p. 3, para. 6(iv)",Accountability and data
gov-cag-ai-eoi-status,gov-cag-ai-eoi,,govsrc-8f6a15786771c15d,"It is issued solely as a market engagement exercise to gauge the interest, capability, and readiness of qualified organisations in responding to the envisaged procurement.",Document status passage; see primary text,Status
gov-cag-ai-eoi-scope,gov-cag-ai-eoi,,govsrc-8f6a15786771c15d,CAG now seeks to establish a Sovereign AI & Data Platform that will serve as the central digital backbone for all present and future AI and analytics workloads.,Document scope passage; see primary text,Scope
gov-cag-ai-eoi-p1-ev,gov-cag-ai-eoi,gov-cag-ai-eoi-p1,govsrc-8f6a15786771c15d,the agent assists but does not sanction; all final decisions remain with designated officers.,"Section 6.1, Agent 1 – Pension Pre-Scrutiny Agent (AI-PARAS)",Oversight
gov-cag-ai-eoi-p2-ev,gov-cag-ai-eoi,gov-cag-ai-eoi-p2,govsrc-8f6a15786771c15d,The POC score will constitute 30% of the overall technical evaluation score in the RFP.,"Section 12.5, Agentic Use-Case Scoring Criteria",Evaluation
gov-cag-ai-eoi-p3-ev,gov-cag-ai-eoi,gov-cag-ai-eoi-p3,govsrc-8f6a15786771c15d,Responses to this EOI will be used only to inform the design of a subsequent Request for Proposal (RFP).,Disclaimer,Procurement
gov-cag-ai-eoi-p5-ev,gov-cag-ai-eoi,gov-cag-ai-eoi-p5,govsrc-8f6a15786771c15d,"All data, models, and AI processing must reside within institutionally controlled, India-based infrastructure.","Section 7, Guiding Principles – Sovereignty & Residency",Accountability and data
gov-cert-aibom-status,gov-cert-aibom,,govsrc-907a3b1248416291,Indian Computer Emergency Response Team (CERT-In) has released following technical SBOM guidelines,Document status passage; see primary text,Status
gov-cert-aibom-scope,gov-cert-aibom,,govsrc-907a3b1248416291,"All government, public sector, essential services organizations, and organizations involved in AI-driven development and services should include AIBOM requirements in all AI-related procurements and solutions.",Document scope passage; see primary text,Scope
gov-cert-aibom-p1-ev,gov-cert-aibom,gov-cert-aibom-p1,govsrc-907a3b1248416291,"Regular audits and assessments of the AIBOM process should be conducted to ensure its accuracy, completeness, and compliance with organizational and regulatory standards.","Printed p. 57, §9.4.1.10",Oversight
gov-cert-aibom-p2-ev,gov-cert-aibom,gov-cert-aibom-p2,govsrc-907a3b1248416291,"Metrics for evaluating the performance of the AI model, such as accuracy, precision, recall, F1 score, etc.","Printed p. 54, §9.3, Table 10",Evaluation
gov-cert-aibom-p3-ev,gov-cert-aibom,gov-cert-aibom-p3,govsrc-907a3b1248416291,"All government, public sector, essential services organizations, and organizations involved in AI-driven development and services should include AIBOM requirements in all AI-related procurements and solutions.","Printed p. 56, §9.4.1.1",Procurement
gov-cert-aibom-p5-ev,gov-cert-aibom,gov-cert-aibom-p5,govsrc-907a3b1248416291,"Information about the datasets used to train the model, including names, versions, formats, and limitations.","Printed p. 54, §9.3, Table 10",Accountability and data
gov-cert-directions-status,gov-cert-directions,,govsrc-44a3679573cd8e18,This direction will become effective after 60 days from the date on which it is issued.,Document status passage; see primary text,Status
gov-cert-directions-scope,gov-cert-directions,,govsrc-44a3679573cd8e18,"Any service provider, intermediary, data centre, body corporate and Government organisation shall mandatorily report cyber incidents as mentioned in Annexure I to CERT-In within 6 hours",Document scope passage; see primary text,Scope
gov-cert-directions-p1-ev,gov-cert-directions,gov-cert-directions-p1,govsrc-44a3679573cd8e18,"CERT-In is empowered and competent to call for information and give directions to the service providers, intermediaries, data centres, body corporate and any other person",Page 2,Oversight
gov-cert-directions-p5-ev,gov-cert-directions,gov-cert-directions-p5,govsrc-44a3679573cd8e18,"All service providers, intermediaries, data centres, body corporate and Government organisations shall mandatorily enable logs of all their ICT systems and maintain them securely for a rolling period of 180 days","Page 3, direction (iv)",Accountability and data
gov-cert-extension-status,gov-cert-extension,,govsrc-fb8ebf6a306a261c,"will become effective on 25th September, 2022 for Micro, Small & Medium Enterprises (MSMEs)",Document status passage; see primary text,Status
gov-cert-extension-scope,gov-cert-extension,,govsrc-fb8ebf6a306a261c,the requirement relating to the aspects of registration and maintenance of “Validated names of subscribers/customers hiring the services” and “Validated address and contact numbers”,Document scope passage; see primary text,Scope
gov-cert-extension-p5-ev,gov-cert-extension,gov-cert-extension-p5,govsrc-fb8ebf6a306a261c,“Validated names of subscribers/customers hiring the services” and “Validated address and contact numbers”,Page 2,Accountability and data
gov-dpdp-act-status,gov-dpdp-act,,govsrc-45167c1e39a57c29,different dates may be appointed for different provisions of this Act,Document status passage; see primary text,Status
gov-dpdp-act-scope,gov-dpdp-act,,govsrc-45167c1e39a57c29,"also apply to processing of digital personal data outside the territory of India, if such processing is in connection with any activity related to offering of goods or services to Data Principals within the territory",Document scope passage; see primary text,Scope
gov-dpdp-act-p1-ev,gov-dpdp-act,gov-dpdp-act-p1,govsrc-45167c1e39a57c29,"The Board shall function as an independent body and shall, as far as practicable, function as a digital office","Printed p. 14, section 28(1)",Oversight
gov-dpdp-act-p2-ev,gov-dpdp-act,gov-dpdp-act-p2,govsrc-45167c1e39a57c29,periodic Data Protection Impact Assessment,"Printed p. 9, section 10(2)(c)(i)",Evaluation
gov-dpdp-act-p3-ev,gov-dpdp-act,gov-dpdp-act-p3,govsrc-45167c1e39a57c29,only under a valid contract,"Printed p. 7, section 8(2)",Procurement
gov-dpdp-act-p4-ev,gov-dpdp-act,gov-dpdp-act-p4,govsrc-45167c1e39a57c29,The Data Principal shall exhaust the opportunity of redressing her grievance under this section before approaching the Board.,"Printed p. 10, section 13(3)",Redress
gov-dpdp-act-p5-ev,gov-dpdp-act,gov-dpdp-act-p5,govsrc-45167c1e39a57c29,A Data Fiduciary shall protect personal data in its possession or under its control,"Printed p. 7, section 8(5)",Accountability and data
gov-dpdp-commencement-status,gov-dpdp-commencement,,govsrc-43e8a665360c732d,the Central Government hereby appoints—,Document status passage; see primary text,Status
gov-dpdp-commencement-scope,gov-dpdp-commencement,,govsrc-43e8a665360c732d,(c) eighteen months from the date of publication of this gazette,Document scope passage; see primary text,Scope
gov-dpdp-correction-status,gov-dpdp-correction,,govsrc-fdb85473d7ef4dc6,"In the notification of the Government of India in the Ministry of Electronics and Information Technology, dated the 13th November, 2025",Document status passage; see primary text,Status
gov-dpdp-correction-scope,gov-dpdp-correction,,govsrc-fdb85473d7ef4dc6,"in page 24,– (a) line 22, for “of this Gazette”, read “in the Official Gazette""",Document scope passage; see primary text,Scope
gov-dpdp-draft-status,gov-dpdp-draft,,govsrc-5d28f4aa0893d572,"the said draft rules shall be taken into consideration after 18th February, 2025",Document status passage; see primary text,Status
gov-dpdp-draft-scope,gov-dpdp-draft,,govsrc-5d28f4aa0893d572,"Draft of rules proposed to be made by the Central Government in exercise of the powers conferred by sub-sections (1) and (2) of section 40 of the Digital Personal Data Protection Act, 2023",Document scope passage; see primary text,Scope
gov-dpdp-draft-p1-ev,gov-dpdp-draft,gov-dpdp-draft-p1,govsrc-5d28f4aa0893d572,suspend or cancel the registration of such Consent Manager,"Rule 4(5), Gazette p. 29",Oversight
gov-dpdp-draft-p2-ev,gov-dpdp-draft,gov-dpdp-draft-p2,govsrc-5d28f4aa0893d572,undertake a Data Protection Impact Assessment and an audit to ensure effective observance of the provisions of this Act and the rules made thereunder,"Rule 12(1), Gazette p. 34",Evaluation
gov-dpdp-draft-p4-ev,gov-dpdp-draft,gov-dpdp-draft-p4,govsrc-5d28f4aa0893d572,the period under its grievance redressal system for responding to the grievances of Data Principals,"Rule 13(3), Gazette p. 35",Redress
gov-dpdp-draft-p5-ev,gov-dpdp-draft,gov-dpdp-draft-p5,govsrc-5d28f4aa0893d572,"securing of such personal data through its encryption, obfuscation or masking or the use of virtual tokens mapped to that personal data","Rule 6(1)(a), Gazette p. 30",Accountability and data
gov-dpdp-rules-status,gov-dpdp-rules,,govsrc-765c44063e18762b,the Central Government hereby makes the following rules,Document status passage; see primary text,Status
gov-dpdp-rules-scope,gov-dpdp-rules,,govsrc-765c44063e18762b,A Data Fiduciary shall protect personal data in its possession or under its control,Document scope passage; see primary text,Scope
gov-dpdp-rules-p1-ev,gov-dpdp-rules,gov-dpdp-rules-p1,govsrc-765c44063e18762b,The inquiry by the Board shall be completed within a period of six months from the date of receipt,"Printed p. 31, Rule 19(9)",Oversight
gov-dpdp-rules-p2-ev,gov-dpdp-rules,gov-dpdp-rules-p2,govsrc-765c44063e18762b,"A Significant Data Fiduciary shall, once in every period of twelve months","Printed p. 29, Rule 13(1)",Evaluation
gov-dpdp-rules-p4-ev,gov-dpdp-rules,gov-dpdp-rules-p4,govsrc-765c44063e18762b,within a reasonable period not exceeding ninety days under its grievance redressal system,"Printed p. 30, Rule 14(3)",Redress
gov-dpdp-rules-p5-ev,gov-dpdp-rules,gov-dpdp-rules-p5,govsrc-765c44063e18762b,by taking reasonable security safeguards to prevent personal data breach,"Printed p. 26, Rule 6(1)",Accountability and data
gov-frt-approach-status,gov-frt-approach,,govsrc-5a98fb4d9c47d0cc,This draft discussion paper is being released for seeking public comments.,Document status passage; see primary text,Status
gov-frt-approach-scope,gov-frt-approach,,govsrc-5a98fb4d9c47d0cc,"This Paper seeks to discuss the use of FRT by public authorities for verification and identification purposes, and the consequences of this use.",Document scope passage; see primary text,Scope
gov-frt-approach-p1-ev,gov-frt-approach,gov-frt-approach-p1,govsrc-5a98fb4d9c47d0cc,such committees are constituted and given adequate autonomy to prescribe guidelines and codes of practice to ensure compliance with RAI principles.,"Printed p. 42, Part II, E.1.B(b), Policy reform",Oversight
gov-frt-approach-p2-ev,gov-frt-approach,gov-frt-approach-p2,govsrc-5a98fb4d9c47d0cc,The performance and use of the facial recognition system must be monitored by governmental and non-governmental independent agencies regularly against a set of defined criteria,"Printed p. 47, Part II, E.3(c)(iii), Recommendations for procurement",Evaluation
gov-frt-approach-p3-ev,gov-frt-approach,gov-frt-approach-p3,govsrc-5a98fb4d9c47d0cc,The procurement of the facial recognition technology must be carried out in a transparent manner with periodic public disclosures of the criteria and processes followed.,"Printed p. 46, Part II, E.3(a)(i), Recommendations for procurement",Procurement
gov-frt-approach-p4-ev,gov-frt-approach,gov-frt-approach-p4,govsrc-5a98fb4d9c47d0cc,it is crucial to establish an easy-to-use and accessible grievance redressal system.,"Printed p. 48, Part II, E.4(a)(i), Recommendations for Impacted consumers",Redress
gov-frt-approach-p5-ev,gov-frt-approach,gov-frt-approach-p5,govsrc-5a98fb4d9c47d0cc,"a document explaining the PBD policy and other privacy, and data protection principles used by the developers in developing the AI system must be made publicly accessible.","Printed p. 45, Part II, E.2(d)(i), Recommendations for developers and vendors",Accountability and data
gov-gfr-procurement-status,gov-gfr-procurement,,govsrc-73b24f340d15cf23,"they shall come into force at once and shall be applicable to all Central Government Ministries/Departments, attached and subordinate bodies.",Document status passage; see primary text,Status
gov-gfr-procurement-scope,gov-gfr-procurement,,govsrc-73b24f340d15cf23,"applicable to all Central Government Ministries/Departments, attached and subordinate bodies.",Document scope passage; see primary text,Scope
gov-gfr-procurement-p1-ev,gov-gfr-procurement,gov-gfr-procurement-p1,govsrc-73b24f340d15cf23,"Every authority delegated with the financial powers of procuring goods in public interest shall have the responsibility and accountability to bring efficiency, economy, and transparency","Printed p. 34, Rule 144",Oversight
gov-gfr-procurement-p2-ev,gov-gfr-procurement,gov-gfr-procurement-p2,govsrc-73b24f340d15cf23,Bids received should be evaluated in terms of the conditions already incorporated in the bidding documents; No new condition which was not incorporated in the bidding documents should be brought in for evaluation of the,"Printed p. 46, Rule 173(xii)",Evaluation
gov-gfr-procurement-p3-ev,gov-gfr-procurement,gov-gfr-procurement-p3,govsrc-73b24f340d15cf23,The Procurement of Goods and Services by Ministries or Departments will be mandatory for Goods or Services available on GeM.,"Printed p. 35, Rule 149",Procurement
gov-gfr-procurement-p4-ev,gov-gfr-procurement,gov-gfr-procurement-p4,govsrc-73b24f340d15cf23,"Suitable provision should be kept in the bidding document to enable a bidder to question the bidding conditions, bidding process and/ or rejection of its bid.","Printed p. 45, Rule 173(iv)",Redress
gov-gfr-procurement-p5-ev,gov-gfr-procurement,gov-gfr-procurement-p5,govsrc-73b24f340d15cf23,"It is mandatory for all Ministries/ Departments of the Central Government, their attached and Subordinate Offices and Autonomous /Statutory Bodies to publish their tender enquiries","Printed p. 38, Rule 159(i)",Accountability and data
gov-goa-draft-status,gov-goa-draft,,govsrc-8612442c39d5f850,(DRAFT) GOA ARTIFICIAL INTELLIGENCE POLICY 2026,Document status passage; see primary text,Status
gov-goa-draft-scope,gov-goa-draft,,govsrc-8612442c39d5f850,"All departments, directorates, boards, corporations, public sector undertakings (PSUs), autonomous bodies, and local self-government institutions under the Government of Goa.",Document scope passage; see primary text,Scope
gov-goa-draft-p1-ev,gov-goa-draft,gov-goa-draft-p1,govsrc-8612442c39d5f850,High-Risk AI systems shall not be placed into service unless: a) An AI Impact Assessment (AIIA) has been completed and approved b) A Human Oversight Plan is in place,"Section 4.4, p. 11",Oversight
gov-goa-draft-p2-ev,gov-goa-draft,gov-goa-draft-p2,govsrc-8612442c39d5f850,Annual third-party audits for high-risk systems; incident-triggered audits as required,"Pillar VI, p. 18",Evaluation
gov-goa-draft-p3-ev,gov-goa-draft,gov-goa-draft-p3,govsrc-8612442c39d5f850,Mandatory Technical Assessment Memorandum (TAM) for all AI procurements exceeding ₹10 lakh,"Pillar III, p. 15",Procurement
gov-goa-draft-p4-ev,gov-goa-draft,gov-goa-draft-p4,govsrc-8612442c39d5f850,acknowledgement of complaint within 24 hours; takedown request to relevant platform within 48 hours; investigation update to victim within 7 days.,"Section 10.8, p. 35",Redress
gov-goa-draft-p5-ev,gov-goa-draft,gov-goa-draft-p5,govsrc-8612442c39d5f850,"The State Chief Data Officer shall maintain a publicly accessible dataset catalogue, with mandatory standardisation of schema, metadata, and update frequency across all contributing departments.","Pillar IV, p. 16",Accountability and data
gov-goa-draft-official-status,gov-goa-draft,,govsrc-f45281b451df9bec,Draft Goa Artificial Intelligence (AI) Policy 2026,Official draft invitation; not final notification,Status and date qualification
gov-gujarat-taskforce-status,gov-gujarat-taskforce,,govsrc-a1e711bb0afc39cc,"After careful consideration, the State Government has resolved to constitute AI Taskforce, defining its objectives, vision, composition and key responsibilities to strategically guide Gujarat’s AI initiatives.",Document status passage; see primary text,Status
gov-gujarat-taskforce-scope,gov-gujarat-taskforce,,govsrc-a1e711bb0afc39cc,Strategic Planning: Develop a comprehensive AI roadmap and implementation strategies.,Document scope passage; see primary text,Scope
gov-gujarat-taskforce-p1-ev,gov-gujarat-taskforce,gov-gujarat-taskforce-p1,govsrc-a1e711bb0afc39cc,"The AI Taskforce will provide expert guidance, strategic oversight and collaborative opportunities to ensure state-wide adoption of AI across critical domains.","Preamble, p. 1/3",Oversight
gov-gujarat-taskforce-p2-ev,gov-gujarat-taskforce,gov-gujarat-taskforce-p2,govsrc-a1e711bb0afc39cc,"Oversee the rollout of AI solutions, advising on course corrections and ensuring ethical and effective AI practices.","Scope, p. 1/3",Evaluation
gov-gujarat-taskforce-p5-ev,gov-gujarat-taskforce,gov-gujarat-taskforce-p5,govsrc-a1e711bb0afc39cc,Support the development of AI-enabling infrastructure with careful consideration of privacy and data security aspects.,"Scope, p. 1/3",Accountability and data
gov-icmr-ai-status,gov-icmr-ai,,govsrc-1898bfc61c2db32b,The guidelines are a living document and will be updated as ethics in AI evolve.,Document status passage; see primary text,Status
gov-icmr-ai-scope,gov-icmr-ai,,govsrc-1898bfc61c2db32b,The purpose of these guidelines is to ensure ethical conduct and address emerging ethical challenges in the field of Artificial Intelligence (AI) in biomedical research and healthcare.,Document scope passage; see primary text,Scope
gov-icmr-ai-p1-ev,gov-icmr-ai,gov-icmr-ai-p1,govsrc-1898bfc61c2db32b,an ethics review process,Not established,Oversight
gov-icmr-ai-p5-ev,gov-icmr-ai,gov-icmr-ai-p5,govsrc-1898bfc61c2db32b,governance of AI use,Not established,Accountability and data
gov-indiaai-mission-status,gov-indiaai-mission,,govsrc-5b037ed8d974be63,"the Cabinet chaired by the Prime Minister Shri Narendra Modi has approved the comprehensive national-level IndiaAI mission with a budget outlay of Rs.10,371.92 crore.",Document status passage; see primary text,Status
gov-indiaai-mission-scope,gov-indiaai-mission,,govsrc-5b037ed8d974be63,The IndiaAI mission will establish a comprehensive ecosystem catalyzing AI innovation through strategic programs and partnerships across the public and private sectors.,Document scope passage; see primary text,Scope
gov-indiaai-mission-p1-ev,gov-indiaai-mission,gov-indiaai-mission-p1,govsrc-5b037ed8d974be63,The Mission will be implemented by ‘IndiaAI’ Independent Business Division (IBD) under Digital India Corporation (DIC),Implementation paragraph,Oversight
gov-indiaai-mission-p3-ev,gov-indiaai-mission,gov-indiaai-mission-p3,govsrc-5b037ed8d974be63,"AI compute infrastructure of 10,000 or more Graphics Processing Units (GPUs), built through public-private partnership.",IndiaAI Compute Capacity,Procurement
gov-indiaai-mission-p5-ev,gov-indiaai-mission,gov-indiaai-mission-p5,govsrc-5b037ed8d974be63,"including the development of indigenous tools and frameworks, self-assessment checklists for innovators, and other guidelines and governance frameworks.",Safe & Trusted AI,Accountability and data
gov-it-rules-consolidated-status,gov-it-rules-consolidated,,govsrc-d36ee5b660ada3ed,"the Central Government hereby makes the following rules, namely:—",Document status passage; see primary text,Status
gov-it-rules-consolidated-scope,gov-it-rules-consolidated,,govsrc-d36ee5b660ada3ed,PART II DUE DILIGENCE BY INTERMEDIARIES AND GRIEVANCE REDRESSAL MECHANISM,Document scope passage; see primary text,Scope
gov-it-rules-consolidated-p1-ev,gov-it-rules-consolidated,gov-it-rules-consolidated-p1,govsrc-d36ee5b660ada3ed,"The Ministry shall co-ordinate and facilitate the adherence to the Code of Ethics by publishers and self regulating bodies, develop an Oversight Mechanism",Rule 13(1),Oversight
gov-it-rules-consolidated-p2-ev,gov-it-rules-consolidated,gov-it-rules-consolidated-p2,govsrc-d36ee5b660ada3ed,the review of automated tools under this sub-rule shall evaluate the automated tools having regard to the accuracy and fairness of such tools,Rule 4(4),Evaluation
gov-it-rules-consolidated-p4-ev,gov-it-rules-consolidated,gov-it-rules-consolidated-p4,govsrc-d36ee5b660ada3ed,acknowledge the complaint within twenty-four hours and resolve such complaint within a period of 4[seven days],Rule 3(2)(a)(i),Redress
gov-it-rules-consolidated-p5-ev,gov-it-rules-consolidated,gov-it-rules-consolidated-p5,govsrc-d36ee5b660ada3ed,preserve such information and associated records for one hundred and eighty days for investigation purposes,Rule 3(1)(g),Accountability and data
gov-jharkhand-draft-status,gov-jharkhand-draft,,govsrc-2e800bcbb1e7e824,"the Government of Jharkhand proposes to notify the Jharkhand Artificial Intelligence Policy, 2026",Document status passage; see primary text,Status
gov-jharkhand-draft-scope,gov-jharkhand-draft,,govsrc-2e800bcbb1e7e824,"This Policy shall apply to all departments, directorates, agencies, missions, boards, corporations, public authorities, and government-supported institutions under the Government of Jharkhand",Document scope passage; see primary text,Scope
gov-jharkhand-draft-p1-ev,gov-jharkhand-draft,gov-jharkhand-draft-p1,govsrc-2e800bcbb1e7e824,the Government shall establish a State AI Mission under the Department of Information Technology & e-Governance.,"Printed p. 8, §10",Oversight
gov-jharkhand-draft-p2-ev,gov-jharkhand-draft,gov-jharkhand-draft-p2,govsrc-2e800bcbb1e7e824,Independent evaluations may be undertaken to assess outcomes and inform future policy directions.,"Printed p. 12, §19",Evaluation
gov-jharkhand-draft-p3-ev,gov-jharkhand-draft,gov-jharkhand-draft-p3,govsrc-2e800bcbb1e7e824,"Procurement processes shall emphasize outcome-based contracts, interoperability standards, and vendor accountability.","Printed p. 10, §15",Procurement
gov-jharkhand-draft-p5-ev,gov-jharkhand-draft,gov-jharkhand-draft-p5,govsrc-2e800bcbb1e7e824,"The State shall ensure compliance with applicable data protection laws and adopt best practices in anonymization, encryption, and secure access.","Printed p. 9, §12",Accountability and data
gov-jharkhand-draft-official-status,gov-jharkhand-draft,,govsrc-08c44cd72d3ce694,A major highlight of the consultation was the proposed Jharkhand Artificial Intelligence (AI) Policy 2026–2031,"Press release 250/2026, 9 July 2026",Status and date qualification
gov-jk-framework-status,gov-jk-framework,,govsrc-35445437af206a94,J&K Government proposes the following framework:,Document status passage; see primary text,Status
gov-jk-framework-scope,gov-jk-framework,,govsrc-35445437af206a94,"In an effort to position Jammu & Kashmir to achieve a prominent position in use of AI, J&K Government proposes the following framework:",Document scope passage; see primary text,Scope
gov-jk-framework-p1-ev,gov-jk-framework,gov-jk-framework-p1,govsrc-35445437af206a94,"A Working Committee will be established to identify the key AI ethical concerns - Accountability, Bias, Transparency, Privacy, Security and Safety-and develop sector specific guidelines for AI use cases.","Page 4, Governance, Ethics and Privacy",Oversight
gov-jk-framework-p3-ev,gov-jk-framework,gov-jk-framework-p3,govsrc-35445437af206a94,"In consultation with the AI Ethics Working Committee, the government will adopt recommended AI procurement guidelines.","Page 5, Governance, Ethics and Privacy",Procurement
gov-jk-framework-p5-ev,gov-jk-framework,gov-jk-framework-p5,govsrc-35445437af206a94,Companies operating using the data published by government or affiliated authorities will be required to share a compliance report detailing the ethical and appropriate usage of data.,"Page 5, Governance, Ethics and Privacy",Accountability and data
gov-kerala-it-status,gov-kerala-it,,govsrc-6b97c8246581a9b0,The IT policy 2026 is proposed in this context to give a quantum leap to Kerala in the next 5 years.,Document status passage; see primary text,Status
gov-kerala-it-scope,gov-kerala-it,,govsrc-6b97c8246581a9b0,"The IT Policy 2026, cognizant of the dramatic changes the new technologies can bring to the Society, proposes frameworks for rapid adoption of the same in an ethical, responsible, and inclusive way",Document scope passage; see primary text,Scope
gov-kerala-it-p1-ev,gov-kerala-it,gov-kerala-it-p1,govsrc-6b97c8246581a9b0,Establish Kerala as an ethical AI hub with a state-level AI governance framework.,"Printed p. 48, §7.3.3",Oversight
gov-kerala-it-p2-ev,gov-kerala-it,gov-kerala-it-p2,govsrc-6b97c8246581a9b0,Deploy 50 AI solutions in governance and PSU modernization.,"Printed p. 48, §7.3.3",Evaluation
gov-kerala-it-p4-ev,gov-kerala-it,gov-kerala-it-p4,govsrc-6b97c8246581a9b0,It will provide features for centralized tracking and monitoring of service delivery and Citizen grievances.,"Printed p. 15, §3.2",Redress
gov-kerala-it-p5-ev,gov-kerala-it,gov-kerala-it-p5,govsrc-6b97c8246581a9b0,To create systems and legal frameworks that will ensure the privacy of Citizen / Customer / Employer / Employee data.,"Printed p. 14, §2.5(25)",Accountability and data
gov-maharashtra-ai-status,gov-maharashtra-ai,,govsrc-97d49cd8eb508473,"मा. मंत्रिमंडळाच्या त्रद. 29 एत्रप्रल, 2026 रोजीच्या बैठकीत प्राप्त मान्यतेस अनुलक्षून मराठी व इंग्रजी भाषेतील महाराष्ट्र राज्यासाठीचे",Document status passage; see primary text,Status
gov-maharashtra-ai-scope,gov-maharashtra-ai,,govsrc-97d49cd8eb508473,This policy will come into effect from the date of issuance of the Government Resolution (GR) and will remain in force for a minimum period of 5 years or till a new policy is announced.,Document scope passage; see primary text,Scope
gov-maharashtra-ai-p1-ev,gov-maharashtra-ai,gov-maharashtra-ai-p1,govsrc-97d49cd8eb508473,"The Department of Electronics, Information Technology & Artificial Intelligence, Government of Maharashtra, shall be the nodal department responsible for the administration, execution, and overall oversight of this Policy.","English Annexure-B, printed p. 9, §4",Oversight
gov-maharashtra-ai-p2-ev,gov-maharashtra-ai,gov-maharashtra-ai-p2,govsrc-97d49cd8eb508473,All State departments shall undergo an annual AI readiness audit.,"English Annexure-B, printed p. 23, §12",Evaluation
gov-maharashtra-ai-p5-ev,gov-maharashtra-ai,gov-maharashtra-ai-p5,govsrc-97d49cd8eb508473,"Privacy, data security and data sovereignty shall form an integral part of creation and collation of datasets.","English Annexure-B, printed p. 15, §7.2",Accountability and data
gov-medical-software-status,gov-medical-software,,govsrc-b49add35547558e3,This guidance document is aimed only for creating public awareness about Regulations of Medical Device Software and is not meant to be used for legal or professional purposes.,Document status passage; see primary text,Status
gov-medical-software-scope,gov-medical-software,,govsrc-b49add35547558e3,This Guidance Document applies to software products which attract the definition of a “Medical Device” as mentioned in the MDR-2017,Document scope passage; see primary text,Scope
gov-medical-software-p1-ev,gov-medical-software,gov-medical-software-p1,govsrc-b49add35547558e3,Manufacturing license SLA SLA CLA CLA,"Printed page 29, §11, Table 5",Oversight
gov-medical-software-p2-ev,gov-medical-software,gov-medical-software-p2,govsrc-b49add35547558e3,"Where models are trained or validated in non-Indian settings, justification shall be provided for applicability to Indian clinical environments.","Printed page 49, §12.4.2(G)",Evaluation
gov-medical-software-p3-ev,gov-medical-software,gov-medical-software-p3,govsrc-b49add35547558e3,"developers, implementers, healthcare providers, and procuring agencies should ensure that MDSW","Printed page 25, §9.0",Procurement
gov-medical-software-p4-ev,gov-medical-software,gov-medical-software-p4,govsrc-b49add35547558e3,"The PMS activities that manufacturers should follow include: a) Complaint handling, b) Adverse event reporting,","Printed page 56, §12.5.3",Redress
gov-medical-software-p5-ev,gov-medical-software,gov-medical-software-p5,govsrc-b49add35547558e3,"Maintain auditable digital traceability of patients, healthcare professionals, healthcare facilities, AI models, and clinical transactions,","Printed page 25, §9.0",Accountability and data
gov-meghalaya-it-status,gov-meghalaya-it,,govsrc-016360a029aec1ed,The Policy shall come into effect from the date of notification of the Policy.,Document status passage; see primary text,Status
gov-meghalaya-it-scope,gov-meghalaya-it,,govsrc-016360a029aec1ed,The State Government shall endeavour to promote adoption of emerging and frontier technologies such as Artificial Intelligence,Document scope passage; see primary text,Scope
gov-meghalaya-it-p1-ev,gov-meghalaya-it,gov-meghalaya-it-p1,govsrc-016360a029aec1ed,The IT&C Department shall be the Nodal Department for the implementation of this Policy.,"p. 12, clause 27",Oversight
gov-meghalaya-it-p3-ev,gov-meghalaya-it,gov-meghalaya-it-p3,govsrc-016360a029aec1ed,The State Government shall endeavour to outsource Government Services to Meghalaya based companies as defined under this policy.,"p. 11, clause 25",Procurement
gov-meghalaya-it-p4-ev,gov-meghalaya-it,gov-meghalaya-it-p4,govsrc-016360a029aec1ed,Doubts relating to interpretation of any term or dispute relating to the operation of any provision under this policy,"p. 12, clause 32",Redress
gov-meghalaya-it-p5-ev,gov-meghalaya-it,gov-meghalaya-it-p5,govsrc-016360a029aec1ed,subsidy(s) has been obtained by an applicant by misrepresentation,"p. 13, clause 34",Accountability and data
gov-national-strategy-status,gov-national-strategy,,govsrc-95273940e8153101,"The recommendations in the following chapters are aimed at initiating an informed conversation on India’s future roadmap for AI, and are descriptive rather than prescriptive by design.",Document status passage; see primary text,Status
gov-national-strategy-scope,gov-national-strategy,,govsrc-95273940e8153101,NITI Aayog has decided to focus on five sectors that are envisioned to benefit the most from AI in solving societal needs:,Document scope passage; see primary text,Scope
gov-national-strategy-p1-ev,gov-national-strategy,gov-national-strategy-p1,govsrc-95273940e8153101,Set up a consortium of Ethics Councils at each CORE and ICTAI to define the standard practices and monitor their adoption.,"p. 93, Actions for the Government",Oversight
gov-national-strategy-p2-ev,gov-national-strategy,gov-national-strategy-p2,govsrc-95273940e8153101,to monitor the impact of the AI technologies developed at the consumer level through social indices and recommend necessary modifications,"p. 55, Research, Centre for Studies on Technological Sustainability",Evaluation
gov-national-strategy-p3-ev,gov-national-strategy,gov-national-strategy-p3,govsrc-95273940e8153101,The model marketplace will attract enterprises which can post problems which they are seeking to be solved using AI tools.,"p. 81, Deployable Model Marketplace",Procurement
gov-national-strategy-p5-ev,gov-national-strategy,gov-national-strategy-p5,govsrc-95273940e8153101,"informed consent, technology agnosticism, data controller accountability, data minimisation, holistic application, deterrent penalties and structured enforcement","p. 87, Privacy and AI, Dealing with privacy issues",Accountability and data
gov-ndgf-draft-status,gov-ndgf-draft,,govsrc-187bfaaa93161359,Draft National Data Governance Framework Policy,Document status passage; see primary text,Status
gov-ndgf-draft-scope,gov-ndgf-draft,,govsrc-187bfaaa93161359,Draft National Data Governance Framework Policy,Document scope passage; see primary text,Scope
gov-new-delhi-declaration-status,gov-new-delhi-declaration,,govsrc-237de5fdfdb14826,voluntary and non-binding guidelines and principles,Document status passage; see primary text,Status
gov-new-delhi-declaration-scope,gov-new-delhi-declaration,,govsrc-237de5fdfdb14826,development of human capital; broadening access for social empowerment; trustworthiness of AI systems; energy efficiency of AI systems; use of AI in science; democratizing AI resources; and use of AI for economic growth and social,Document scope passage; see primary text,Scope
gov-new-delhi-declaration-p2-ev,gov-new-delhi-declaration,gov-new-delhi-declaration-p2,govsrc-237de5fdfdb14826,"a collaborative platform consolidating technical resources, tools, benchmarks and best practices",Secure and Trusted AI,Evaluation
gov-odisha-ai-status,gov-odisha-ai,,govsrc-8b8c4d1f5fe82b42,"The Resolution is issued on approval of the State Cabinet in their 20th Meeting on dated 28th May, 2025",Document status passage; see primary text,Status
gov-odisha-ai-scope,gov-odisha-ai,,govsrc-8b8c4d1f5fe82b42,the state is adopting the mission to integrate AI and drive positive out comes across five key areas:,Document scope passage; see primary text,Scope
gov-odisha-ai-p1-ev,gov-odisha-ai,gov-odisha-ai-p1,govsrc-8b8c4d1f5fe82b42,"The mission will have a two-layered structure, comprising an AI task force and an AI cell.","Printed p. 17, §6 Convergence",Oversight
gov-odisha-ai-p2-ev,gov-odisha-ai,gov-odisha-ai-p2,govsrc-8b8c4d1f5fe82b42,"Track progress of the initiatives being carried out by the AI Cell, through Key Performance Indicators (KPIs).","Printed p. 17, §6.1 Mandate of the AI Taskforce",Evaluation
gov-odisha-ai-p3-ev,gov-odisha-ai,gov-odisha-ai-p3,govsrc-8b8c4d1f5fe82b42,issue Requests for Proposals (RFPs) for vendor onboarding.,"Printed p. 19, §6.2.1 Phase 1: Get Ready",Procurement
gov-odisha-ai-p5-ev,gov-odisha-ai,gov-odisha-ai-p5,govsrc-8b8c4d1f5fe82b42,through mandatory certification for developers and companies.,"Printed p. 14, §10 Data Governance",Accountability and data
gov-rai-operational-status,gov-rai-operational,,govsrc-4729aee562e871c9,Government may mandate responsible AI practices for high-risk AI use cases.,Document status passage; see primary text,Status
gov-rai-operational-scope,gov-rai-operational,,govsrc-4729aee562e871c9,"These actions are divided among three stakeholders; governments, the private sector and research institutions.",Document scope passage; see primary text,Scope
gov-rai-operational-p1-ev,gov-rai-operational,gov-rai-operational-p1,govsrc-4729aee562e871c9,"an independent, multi-disciplinary and highly participatory entity","§3.48, printed p. 21",Oversight
gov-rai-operational-p2-ev,gov-rai-operational,gov-rai-operational-p2,govsrc-4729aee562e871c9,The assessment of risk must also take both the direct and indirect impact of the system into consideration and may be done through policy instruments like sandboxing.,"§3.8, printed p. 13",Evaluation
gov-rai-operational-p3-ev,gov-rai-operational,gov-rai-operational-p3,govsrc-4729aee562e871c9,"By mandating the institutionalization of responsible AI practices in public sector procurement, the Government could create a demand for such practices","§4.1.7, printed p. 27",Procurement
gov-rai-operational-p4-ev,gov-rai-operational,gov-rai-operational-p4,govsrc-4729aee562e871c9,"Supporting structures to enable accountability, transparency and grievance redressal may be required for self-regulation to be effective.","§3.9, printed p. 13",Redress
gov-rai-operational-p5-ev,gov-rai-operational,gov-rai-operational-p5,govsrc-4729aee562e871c9,"Policies on data ownership involving physical safety, informed consent, confidentiality, and security would be beneficial for identifying liabilities.","§3.23, printed p. 16",Accountability and data
gov-rai-principles-status,gov-rai-principles,,govsrc-6c52dcc0115a1b5a,The following Principles are recommended for the responsible management of artificial intelligence in India,Document status passage; see primary text,Status
gov-rai-principles-scope,gov-rai-principles,,govsrc-6c52dcc0115a1b5a,"This paper studies the ethical implications of ‘Narrow AI’, which is a broad term given to AI systems that are designed to solve specific challenges that would ordinarily require domain experts.",Document scope passage; see primary text,Scope
gov-rai-principles-p1-ev,gov-rai-principles,gov-rai-principles-p1,govsrc-6c52dcc0115a1b5a,"Organize a review with the ethical committee to assess performance, functioning, various risk mitigation strategies to ensure safe and reliable deployment","Appendix 1, printed p. 49",Oversight
gov-rai-principles-p2-ev,gov-rai-principles,gov-rai-principles-p2,govsrc-6c52dcc0115a1b5a,Calculate and document error rates for different sub-population groups and evaluate if the performance is in line with fairness goals set for the system,"Appendix 1, printed p. 48",Evaluation
gov-rai-principles-p3-ev,gov-rai-principles,gov-rai-principles-p3,govsrc-6c52dcc0115a1b5a,"Define the fairness goals with respect to the use case, in terms of the social cost of inclusion/ exclusion, in the procurement document.","Appendix 1, printed p. 46",Procurement
gov-rai-principles-p4-ev,gov-rai-principles,gov-rai-principles-p4,govsrc-6c52dcc0115a1b5a,"In case of an adverse decision, appropriate grievance redressal mechanism should be designed in a manner affordable and accessible to everyone irrespective of their background.","Principle 3, printed p. 41",Redress
gov-rai-principles-p5-ev,gov-rai-principles,gov-rai-principles-p5,govsrc-6c52dcc0115a1b5a,Stakeholders should conduct risk and impact assessments to evaluate direct and indirect potential impact of AI systems on end- users,"Principle 6, printed p. 41",Accountability and data
gov-rajasthan-ai-status,gov-rajasthan-ai,,govsrc-7d5c821cbd4d99a0,shall be five years from the date of issuance of the order,Document status passage; see primary text,Status
gov-rajasthan-ai-scope,gov-rajasthan-ai,,govsrc-7d5c821cbd4d99a0,Only Al related operational activities undertaken within Rajasthan shall be considered eligible under this policy.,Document scope passage; see primary text,Scope
gov-rajasthan-ai-p1-ev,gov-rajasthan-ai,gov-rajasthan-ai-p1,govsrc-7d5c821cbd4d99a0,"The administrative department governing the policy will be the Department of Information Technology & Communication (DoIT&C), Government of Rajasthan.",Section 10.1; printed page not established,Oversight
gov-rajasthan-ai-p2-ev,gov-rajasthan-ai,gov-rajasthan-ai-p2,govsrc-7d5c821cbd4d99a0,"Periodic performance reviews, bias assessments, and risk detection audits will ensure reliability and public confidence.","Printed p. 22, section 7.1; image checked",Evaluation
gov-rajasthan-ai-p3-ev,gov-rajasthan-ai,gov-rajasthan-ai-p3,govsrc-7d5c821cbd4d99a0,Procurement shall follow CERT-In’s Artificial Intelligence Bill of Material’ (AIBOM) guidelines,"Printed p. 22, section 7.1; image checked",Procurement
gov-rajasthan-ai-p4-ev,gov-rajasthan-ai,gov-rajasthan-ai-p4,govsrc-7d5c821cbd4d99a0,The State will leverage the existing grievance redressal platform- Rajasthan Sampark and reporting dashboards for monitoring Al,"Printed pp. 22–23, section 7.1; not the incentive-order appeal",Redress
gov-rajasthan-ai-p5-ev,gov-rajasthan-ai,gov-rajasthan-ai-p5,govsrc-7d5c821cbd4d99a0,"Meaningful and timely information about every Al system shall be provided to all relevant stakeholders, tailored to their knowledge and accessibility needs. An accountability structure shall govern decisions related to an Al system.","Printed p. 13, section 3.2(d); image checked",Accountability and data
gov-rbi-freeai-status,gov-rbi-freeai,,govsrc-e37354c90e076f28,"To bring the FREE-AI Framework to life, the Committee makes 26 targeted recommendations.",Document status passage; see primary text,Status
gov-rbi-freeai-scope,gov-rbi-freeai,,govsrc-e37354c90e076f28,"apply to every institution that seeks to build, deploy, or govern AI in the Indian financial sector.",Document scope passage; see primary text,Scope
gov-rbi-freeai-p1-ev,gov-rbi-freeai,gov-rbi-freeai-p1,govsrc-e37354c90e076f28,REs should establish a board-approved AI policy,"p. 55, § 4.4.46, Recommendation 14",Oversight
gov-rbi-freeai-p2-ev,gov-rbi-freeai,gov-rbi-freeai-p2,govsrc-e37354c90e076f28,"REs should implement a comprehensive, risk-based, calibrated AI audit framework","p. 65, § 4.4.75, Recommendation 24",Evaluation
gov-rbi-freeai-p3-ev,gov-rbi-freeai,gov-rbi-freeai-p3,govsrc-e37354c90e076f28,"Specific clauses setting out an obligation to disclose the use of AI by third-party vendors and their subcontractors may be incorporated, as applicable, into the Outsourcing Agreement.","p. 80, Annexure IV, item 1",Procurement
gov-rbi-freeai-p4-ev,gov-rbi-freeai,gov-rbi-freeai-p4,govsrc-e37354c90e076f28,Consumers must be explicitly informed whenever they are interacting with AI systems and should always have the option to switch to human representatives when they want.,"p. 58, § 4.4.54",Redress
gov-rbi-freeai-p5-ev,gov-rbi-freeai,gov-rbi-freeai-p5,govsrc-e37354c90e076f28,Entities that deploy AI should be responsible and remain fully accountable for the decisions and outcomes that arise from the use of these systems,"p. 37, § 4.3, Sutra 5; data governance recommendation at p. 56, § 4.4.47",Accountability and data
gov-rbi-model-risk-draft-status,gov-rbi-model-risk-draft,,govsrc-0ecb5371c65f2c8f,"The final Guidance on ‘Regulatory Principles for Model Risk Management’, following public consultation, would supersede Chapter-3 on Credit Risk Models of the ‘Guidance Note on Credit Risk Management, dated October 12, 2002.",Document status passage; see primary text,Status
gov-rbi-model-risk-draft-scope,gov-rbi-model-risk-draft,,govsrc-0ecb5371c65f2c8f,This Guidance is applicable to following REs of the Reserve Bank of India:,Document scope passage; see primary text,Scope
gov-rbi-model-risk-draft-p1-ev,gov-rbi-model-risk-draft,gov-rbi-model-risk-draft-p1,govsrc-0ecb5371c65f2c8f,The Board should be responsible for the oversight of an RE’s MRMF,"p. 6, §11",Oversight
gov-rbi-model-risk-draft-p2-ev,gov-rbi-model-risk-draft,gov-rbi-model-risk-draft-p2,govsrc-0ecb5371c65f2c8f,"An RE should ensure that all models, including third-party models, are subject to independent validation by the RE.","p. 10, §29; ongoing testing: p. 8, §16",Evaluation
gov-rbi-model-risk-draft-p3-ev,gov-rbi-model-risk-draft,gov-rbi-model-risk-draft-p3,govsrc-0ecb5371c65f2c8f,"Prior to acquisition or use of a third-party model, an RE should undertake due diligence","p. 12, §47; contractual terms: p. 12, §48",Procurement
gov-rbi-model-risk-draft-p4-ev,gov-rbi-model-risk-draft,gov-rbi-model-risk-draft-p4,govsrc-0ecb5371c65f2c8f,Its grievance redressal mechanism should also address grievances arising from consumer facing models used by it.,"p. 9, §25",Redress
gov-rbi-model-risk-draft-p5-ev,gov-rbi-model-risk-draft,gov-rbi-model-risk-draft-p5,govsrc-0ecb5371c65f2c8f,An RE is accountable for the outcomes of all models used by it,"p. 6, §8; data governance: p. 10, §28",Accountability and data
gov-sebi-consultation-status,gov-sebi-consultation,,govsrc-b87b4f0e52af1384,"SEBI invites comments, supported by rationale, from all stakeholders on the guiding principles and tiered approach outlined in this paper at para 5 and 6 above.",Document status passage; see primary text,Status
gov-sebi-consultation-scope,gov-sebi-consultation,,govsrc-b87b4f0e52af1384,guiding principles for responsible usage of Artificial Intelligence (AI)/ Machine Learning (ML) applications/models in securities markets.,Document scope passage; see primary text,Scope
gov-sebi-consultation-p1-ev,gov-sebi-consultation,gov-sebi-consultation-p1,govsrc-b87b4f0e52af1384,"There should be a designated senior management, having appropriate technical knowledge and experience, responsible for the oversight of the model development, validation, ongoing testing, deployment, monitoring and controls of AI/ML based models.","Printed p. 8, §5.1(d)",Oversight
gov-sebi-consultation-p2-ev,gov-sebi-consultation,gov-sebi-consultation-p2,govsrc-b87b4f0e52af1384,market participants should perform shadow testing with live traffic of AI/ML models to ensure quality and performance before deployment in production environment.,"Printed p. 10, §5.3(c)",Evaluation
gov-sebi-consultation-p3-ev,gov-sebi-consultation,gov-sebi-consultation-p3,govsrc-b87b4f0e52af1384,"However, AI and ML services provided by third-party vendors are deemed to be provided by the market participants, who shall be responsible for ensuring compliance with all applicable laws, rules and regulations.","Printed p. 9, §5.1(e)",Procurement
gov-sebi-consultation-p4-ev,gov-sebi-consultation,gov-sebi-consultation-p4,govsrc-b87b4f0e52af1384,Investor grievance mechanism for AI/ML systems shall be in line with existing regulatory framework of SEBI,"Printed p. 10, §5.2(d)",Redress
gov-sebi-consultation-p5-ev,gov-sebi-consultation,gov-sebi-consultation-p5,govsrc-b87b4f0e52af1384,"Market participants should clearly define data governance norms which inter-alia shall include data ownership, access controls, encryption","Printed pp. 8–9, §5.1(g)",Accountability and data
gov-sebi-cyber-advisory-status,gov-sebi-cyber-advisory,,govsrc-be55e7913d18ad46,This circular is issued in exercise of powers conferred under Section 11 (1),Document status passage; see primary text,Status
gov-sebi-cyber-advisory-scope,gov-sebi-cyber-advisory,,govsrc-be55e7913d18ad46,new dimensions of risks for Regulated Entities,Document scope passage; see primary text,Scope
gov-sebi-cyber-advisory-p1-ev,gov-sebi-cyber-advisory,gov-sebi-cyber-advisory-p1,govsrc-be55e7913d18ad46,MIIs and other Regulated Entities shall seek guidance from their respective IT committees,"Annexure-A, p. 7, §10",Oversight
gov-sebi-cyber-advisory-p2-ev,gov-sebi-cyber-advisory,gov-sebi-cyber-advisory-p2,govsrc-be55e7913d18ad46,Risk assessment shall include comprehensive scenario-based testing,"Annexure-A, p. 6, §7",Evaluation
gov-sebi-cyber-advisory-p5-ev,gov-sebi-cyber-advisory,gov-sebi-cyber-advisory-p5,govsrc-be55e7913d18ad46,"vendors shall implement appropriate safeguards including updating patch, VAPT, continuous monitoring, hardening measures etc.","Annexure-A, p. 5, §3",Accountability and data
gov-sebi-funds-status,gov-sebi-funds,,govsrc-5eba31f239b24919,"With effect from quarter ending June 2019, registered Mutual Funds using AI / ML based application or system as defined in Annexure B, are required to fill in the form (Annexure A)",Document status passage; see primary text,Status
gov-sebi-funds-scope,gov-sebi-funds,,govsrc-5eba31f239b24919,that are offered to investors (individuals and institutions) or used internally by Mutual Funds to facilitate investing and trading or for any other purpose,Document scope passage; see primary text,Scope
gov-sebi-funds-p1-ev,gov-sebi-funds,gov-sebi-funds-p1,govsrc-5eba31f239b24919,AMFI shall consolidate the information on AI / ML applications and systems reported by Mutual Funds on quarterly basis and submit to SEBI,"Page 2, paragraph 7; confidentiality requirement at page 3, paragraph 8",Oversight
gov-sebi-funds-p2-ev,gov-sebi-funds,gov-sebi-funds-p2,govsrc-5eba31f239b24919,"Is the AI / ML system included in the scope of system audit, if applicable?","Page 5, Annexure A, item 13",Evaluation
gov-sebi-funds-p3-ev,gov-sebi-funds,gov-sebi-funds-p3,govsrc-5eba31f239b24919,How was the AI or ML project implemented,"Page 4, Annexure A, item 9",Procurement
gov-sebi-funds-p5-ev,gov-sebi-funds,gov-sebi-funds-p5,govsrc-5eba31f239b24919,AMFI shall ensure that confidentiality is maintained regarding the information received by them from Mutual Funds.,"Page 3, paragraph 8; claims field at page 4, Annexure A, item 7.d; misrepresentation statement at page 1, paragraph 2",Accountability and data
gov-sebi-reporting-status,gov-sebi-reporting,,govsrc-da3af52f5aa2daea,"This circular is being issued in exercise of powers conferred under Section 11 (1) of the Securities and Exchange Board of India Act, 1992",Document status passage; see primary text,Status
gov-sebi-reporting-scope,gov-sebi-reporting,,govsrc-da3af52f5aa2daea,that are offered to investors (individuals and institutions) by market intermediaries to facilitate investing and trading,Document scope passage; see primary text,Scope
gov-sebi-reporting-p1-ev,gov-sebi-reporting,gov-sebi-reporting-p1,govsrc-da3af52f5aa2daea,"Stock Exchanges and Depositories have to consolidate and compile a report, on AI / ML applications and systems reported by registered Stock Brokers / Depository Participants","Page 2, paragraph 7",Oversight
gov-sebi-reporting-p2-ev,gov-sebi-reporting,gov-sebi-reporting-p2,govsrc-da3af52f5aa2daea,What safeguards are in place to prevent abnormal behavior of the AI or ML application / System,"Page 4, Annexure A, item 13",Evaluation
gov-sebi-reporting-p3-ev,gov-sebi-reporting,gov-sebi-reporting-p3,govsrc-da3af52f5aa2daea,Internally / through solution provider / Jointly with a solution provider or third party,"Page 4, Annexure A, item 9",Procurement
gov-sebi-reporting-p5-ev,gov-sebi-reporting,gov-sebi-reporting-p5,govsrc-da3af52f5aa2daea,are required to fill in the form (Annexure A) and make submissions on quarterly basis within 15 calendar days of the expiry of the quarter.,"Page 2, paragraph 6",Accountability and data
gov-sebi-responsibility-status,gov-sebi-responsibility,,govsrc-a44e74c889ae10eb,They shall come into force on the date of their publication in the Official Gazette.,Document status passage; see primary text,Status
gov-sebi-responsibility-scope,gov-sebi-responsibility,,govsrc-a44e74c889ae10eb,"Any person regulated by the Board who uses artificial intelligence and machine learning tools and techniques, either designed by it or procured from third-party technology service providers, irrespective of the scale and scenario",Document scope passage; see primary text,Scope
gov-sebi-responsibility-p1-ev,gov-sebi-responsibility,gov-sebi-responsibility-p1,govsrc-a44e74c889ae10eb,"The Board may, in case of violation of the provisions of sub-regulation (1), take such action as it may deem fit including action under Chapter V of these regulations.","Gazette p. 4, regulation 16C(2)",Oversight
gov-sebi-responsibility-p3-ev,gov-sebi-responsibility,gov-sebi-responsibility-p3,govsrc-a44e74c889ae10eb,either designed by it or procured from third-party technology service providers,"Gazette p. 4, regulation 16C(1)",Procurement
gov-sebi-responsibility-p5-ev,gov-sebi-responsibility,gov-sebi-responsibility-p5,govsrc-a44e74c889ae10eb,"for the privacy, security and integrity of investors’ and stakeholders’ data including data maintained by it in a fiduciary capacity throughout the processes involved;","Gazette p. 4, regulation 16C(1)(a)",Accountability and data
gov-sgi-amendment-status,gov-sgi-amendment,,govsrc-27da8308446e4d2c,"They shall come into force on the 20 th day of February, 2026.",Document status passage; see primary text,Status
gov-sgi-amendment-scope,gov-sgi-amendment,,govsrc-27da8308446e4d2c,"the Central Government hereby makes the following rules to further amend the Information Technology (Intermediary Guidelines and Digital Media Ethics Code) Rules, 2021",Document scope passage; see primary text,Scope
gov-sgi-amendment-p1-ev,gov-sgi-amendment,gov-sgi-amendment-p1,govsrc-27da8308446e4d2c,"issued by an officer authorised, by order in writing, for the purpose of issuing such intimation","Printed p. 11, rule 3(1)(d)(ii)(I)",Oversight
gov-sgi-amendment-p2-ev,gov-sgi-amendment,gov-sgi-amendment-p2,govsrc-27da8308446e4d2c,"deploy appropriate technical measures, including automated tools or other suitable mechanisms, to verify the accuracy of such declaration, having regard to the nature, format, and source of such information","Printed p. 13, rule 4(1A)(b)",Evaluation
gov-sgi-amendment-p4-ev,gov-sgi-amendment,gov-sgi-amendment-p4,govsrc-27da8308446e4d2c,"disclosure of the identity of the violating user to the complainant, where such complainant is a victim of, or an individual acting on behalf of a victim of, such contravention","Printed p. 10, rule 3(1)(ca)(ii)(III)",Redress
gov-sgi-amendment-p5-ev,gov-sgi-amendment,gov-sgi-amendment-p5,govsrc-27da8308446e4d2c,"such information shall be embedded with a permanent metadata or other appropriate technical provenance mechanisms, to the extent technically feasible, including a unique identifier","Printed p. 12, rule 3(3)(a)(ii)",Accountability and data
gov-sgi-correction-status,gov-sgi-correction,,govsrc-2166ba1dbb677a10,"published in the Gazette of India, Extraordinary, Part II, Section 3, Sub- section (i)",Document status passage; see primary text,Status
gov-sgi-correction-scope,gov-sgi-correction,,govsrc-2166ba1dbb677a10,"the Bharatiya Nyaya Sanhita, 2023 (45 of 2023) read with the Bharatiya Nagarik Suraksha Sanhita, 2023 (46 of 2023)",Document scope passage; see primary text,Scope
gov-sgi-draft-status,gov-sgi-draft,,govsrc-3ec6155eb48cd541,"They shall come into force on the ___ day of________, 2025.",Document status passage; see primary text,Status
gov-sgi-draft-scope,gov-sgi-draft,,govsrc-3ec6155eb48cd541,"to further amend the Information Technology (Intermediary Guidelines and Digital Media Ethics Code) Rules, 2021",Document scope passage; see primary text,Scope
gov-sgi-draft-p2-ev,gov-sgi-draft,gov-sgi-draft-p2,govsrc-3ec6155eb48cd541,"deploy reasonable and appropriate technical measures, including automated tools or other suitable mechanisms, to verify the accuracy of such declaration",Draft rule 4(1A)(b),Evaluation
gov-sgi-draft-p4-ev,gov-sgi-draft,gov-sgi-draft-p4,govsrc-3ec6155eb48cd541,on the basis of grievances received under sub-rule (2),"Draft rule 3(1)(b), inserted proviso",Redress
gov-sgi-draft-p5-ev,gov-sgi-draft,gov-sgi-draft-p5,govsrc-3ec6155eb48cd541,"the intermediary under clause (a) shall not enable the modification, suppression or removal of such label, permanent unique metadata or identifier",Draft rule 3(3)(b),Accountability and data
gov-sikkim-draft-status,gov-sikkim-draft,,govsrc-9801a4d0c997ad7e,"NOW, THEREFORE, the Government of Sikkim hereby adopts this AI Policy",Document status passage; see primary text,Status
gov-sikkim-draft-scope,gov-sikkim-draft,,govsrc-9801a4d0c997ad7e,"The scope of this policy extends to the development, deployment, and governance of Artificial Intelligence across all departments and public service delivery channels within the State of Sikkim.",Document scope passage; see primary text,Scope
gov-sikkim-draft-p1-ev,gov-sikkim-draft,gov-sikkim-draft-p1,govsrc-9801a4d0c997ad7e,Stop or suspend high-risk AI projects,"Printed p. 18, Core Principles—AI COE governance powers",Oversight
gov-sikkim-draft-p2-ev,gov-sikkim-draft,gov-sikkim-draft-p2,govsrc-9801a4d0c997ad7e,Regular assessments for bias should be conducted.,"Printed p. 14, Core Principles—Fairness & Non-discrimination",Evaluation
gov-sikkim-draft-p3-ev,gov-sikkim-draft,gov-sikkim-draft-p3,govsrc-9801a4d0c997ad7e,the government will adopt recommended AI procurement guidelines.,"Printed p. 23, Key Pillars—Governance, Ethics and Privacy",Procurement
gov-sikkim-draft-p4-ev,gov-sikkim-draft,gov-sikkim-draft-p4,govsrc-9801a4d0c997ad7e,"Mechanisms for audit, oversight, and redress.","Printed p. 14, Core Principles—Accountability",Redress
gov-sikkim-draft-p5-ev,gov-sikkim-draft,gov-sikkim-draft-p5,govsrc-9801a4d0c997ad7e,"There should be a clear definition of data ownership, data source, and how data is used in training / validation.","Printed p. 27, Data Handling and Privacy",Accountability and data
gov-sikkim-draft-official-status,gov-sikkim-draft,,govsrc-4adb1d3646d68c6a,Click here to view the Draft Sikkim Artificial Intelligence Policy 2025.,Official consultation invitation dated 13-Mar-2026; preamble adoption prose does not override invitation,Status and date qualification
gov-supreme-court-draft-status,gov-supreme-court-draft,,govsrc-c51b075e014bf8e7,"As directed, the draft ‘Regulations for Use of Artificial Intelligence (AI) in Courts, 2026’ are herewith published to invite comments and suggestions.",Document status passage; see primary text,Status
gov-supreme-court-draft-scope,gov-supreme-court-draft,,govsrc-c51b075e014bf8e7,"They shall apply to the use, deployment, or integration of Artificial Intelligence in any judicial, adjudicatory or administrative function",Document scope passage; see primary text,Scope
gov-supreme-court-draft-p1-ev,gov-supreme-court-draft,gov-supreme-court-draft-p1,govsrc-c51b075e014bf8e7,"All Court AI Systems and AI Tools shall undergo periodic technical, legal and ethical audits at intervals not exceeding one year","Printed p. 21, Regulation 38(1)",Oversight
gov-supreme-court-draft-p2-ev,gov-supreme-court-draft,gov-supreme-court-draft-p2,govsrc-c51b075e014bf8e7,require the submission of a comprehensive Technical and Ethical Impact Assessment.,"Printed p. 20, Regulation 35(1)",Evaluation
gov-supreme-court-draft-p3-ev,gov-supreme-court-draft,gov-supreme-court-draft-p3,govsrc-c51b075e014bf8e7,"No private entity, vendor, or third-party service provider shall undertake, participate in, or provide any service in connection with an AI System deployed in Court processes without the prior written approval","Printed p. 24, Regulation 46(1)",Procurement
gov-supreme-court-draft-p4-ev,gov-supreme-court-draft,gov-supreme-court-draft-p4,govsrc-c51b075e014bf8e7,Where any harm is caused to any party to a proceeding as a direct or indirect effect of prohibited use of AI under regulation 20,"Printed p. 28, Regulation 52(1)",Redress
gov-supreme-court-draft-p5-ev,gov-supreme-court-draft,gov-supreme-court-draft-p5,govsrc-c51b075e014bf8e7,Accountability for all decisions made by any officer with the assistance of AI shall rest exclusively upon such officer,"Printed p. 8, Regulation 8(1); data provisions at Regulations 10 and 48",Accountability and data
gov-telangana-strategy-status,gov-telangana-strategy,,govsrc-1fa3861a01ecd072,this document lays out the guiding framework and key initiatives with supporting execution structures that the Government of Telangana is committing to drive over the next 3 years (2024-2027).,Document status passage; see primary text,Status
gov-telangana-strategy-scope,gov-telangana-strategy,,govsrc-1fa3861a01ecd072,"The Government will work towards embedding AI into the very fabric of governance, industry, and daily life",Document scope passage; see primary text,Scope
gov-telangana-strategy-p1-ev,gov-telangana-strategy,gov-telangana-strategy-p1,govsrc-1fa3861a01ecd072,All government departments will also appoint an AI nodal officer to drive interventions and outcomes outlined by the AI Advisory Council.,"p. 13, AI Direction Setting",Oversight
gov-telangana-strategy-p2-ev,gov-telangana-strategy,gov-telangana-strategy-p2,govsrc-1fa3861a01ecd072,Baseline and end-line productivity assessments will be conducted to measure the program’s impact and track the impact of AI on productivity enhancement.,"p. 19, AI for Efficiency",Evaluation
gov-telangana-strategy-p3-ev,gov-telangana-strategy,gov-telangana-strategy-p3,govsrc-1fa3861a01ecd072,Scale solutions for successful pilots via RfPs,"p. 18, Fig. (6), PoC to Scale Journey",Procurement
gov-telangana-strategy-p4-ev,gov-telangana-strategy,gov-telangana-strategy-p4,govsrc-1fa3861a01ecd072,AI enhanced versions of T-App for more proactive & easy delivery of schemes and services and grievance redressal,"p. 17, Fig. (5), AI-powered e-Gov use-cases",Redress
gov-telangana-strategy-p5-ev,gov-telangana-strategy,gov-telangana-strategy-p5,govsrc-1fa3861a01ecd072,"The state will track the utilisation of these datasets in AI model development, with public dashboards providing transparency on their impact and contribution to societal development.","p. 23, TGDex: Telangana Data Exchange",Accountability and data
gov-telemedicine-status,gov-telemedicine,,govsrc-4eeff4dfc7498bf6,"[This constitutes Appendix 5 of the Indian Medical Council (Professional Conduct, Etiquette and Ethics Regulation, 2002]",Document status passage; see primary text,Status
gov-telemedicine-scope,gov-telemedicine,,govsrc-4eeff4dfc7498bf6,The guidelines cover norms and standards of the RMP to consult patients via telemedicine,Document scope passage; see primary text,Scope
gov-telemedicine-p1-ev,gov-telemedicine,gov-telemedicine-p1,govsrc-4eeff4dfc7498bf6,"The Board of Governors in super-session of the Medical Council of India may issue necessary directions or advisories or clarifications in regard to these Guidelines, as required.","p. 34, §6.2",Oversight
gov-telemedicine-p2-ev,gov-telemedicine,gov-telemedicine-p2,govsrc-4eeff4dfc7498bf6,The Registered Medical Practitioners should exercise their professional judgment to decide whether a telemedicine consultation is appropriate in a given situation or an in-person consultation is needed in the interest of the patient.,"p. 16, §3.1.1",Evaluation
gov-telemedicine-p4-ev,gov-telemedicine,gov-telemedicine-p4,govsrc-4eeff4dfc7498bf6,Technology Platform must ensure that there is a proper mechanism in place to address any queries or grievances that the end-customer may have,"p. 33, §5.6",Redress
gov-telemedicine-p5-ev,gov-telemedicine,gov-telemedicine-p5,govsrc-4eeff4dfc7498bf6,"Principles of medical ethics, including professional norms for protecting patient privacy and confidentiality as per IMC Act shall be binding and must be upheld and practiced.","p. 23, §3.7.1.1",Accountability and data
gov-tn-ethical-status,gov-tn-ethical,,govsrc-7931c87970eece57,The Department of Information Technology of the Government of Tamil Nadu shall coordinate the overall implementation of the policy,Document status passage; see primary text,Status
gov-tn-ethical-scope,gov-tn-ethical,,govsrc-7931c87970eece57,"Any authority or body in Tamil Nadu, established or constituted under any Central or State law and owned or controlled by the Government of Tamil Nadu",Document scope passage; see primary text,Scope
gov-tn-ethical-p1-ev,gov-tn-ethical,gov-tn-ethical-p1,govsrc-7931c87970eece57,Effective implementation of the guidelines shall be monitored by Safe & Ethical AI Monitoring committee headed by chief secretary,"Printed p. 37, §9",Oversight
gov-tn-ethical-p2-ev,gov-tn-ethical,gov-tn-ethical-p2,govsrc-7931c87970eece57,The Tamil Nadu Government will use the Six-Dimensional TAM-DEF Framework along with DEEP-MAX Scorecard for evaluating all AI Systems before public roll out,"Printed p. 23, §6",Evaluation
gov-tn-ethical-p3-ev,gov-tn-ethical,gov-tn-ethical-p3,govsrc-7931c87970eece57,All Tamil Nadu Government Procuring Agencies would have to follow the following guidelines before procuring any AI Solution/System,"Printed p. 35, §8",Procurement
gov-tn-ethical-p5-ev,gov-tn-ethical,gov-tn-ethical-p5,govsrc-7931c87970eece57,The AI Systems must ensure that this data re- mains protected.,"Printed p. 26, §6.5",Accountability and data
gov-tn-mission-status,gov-tn-mission,,govsrc-46464492e589affc,hereby accord approval to the Tamil Nadu Artificial Intelligence Mission Document and administrative sanction for a sum of Rs. 13.93 Crore,Document status passage; see primary text,Status
gov-tn-mission-scope,gov-tn-mission,,govsrc-46464492e589affc,TNAIM shall focus on the use of Al tools and technologies in the following areas,Document scope passage; see primary text,Scope
gov-tn-mission-p1-ev,gov-tn-mission,gov-tn-mission-p1,govsrc-46464492e589affc,The activities of Tamil Nadu Artificial Intelligence Mission shall be reviewed periodically by the Honourable Chief Minister,"Annexed mission proposal, p. 9",Oversight
gov-tn-mission-p2-ev,gov-tn-mission,gov-tn-mission-p2,govsrc-46464492e589affc,send periodical progress Report to Government.,"Government Order, p. 5, direction to Director of e-Governance/TNeGA",Evaluation
gov-tn-mission-p3-ev,gov-tn-mission,gov-tn-mission-p3,govsrc-46464492e589affc,the Request for Proposals (RFP) will be floated through Tender(QCBS) mode,"Annexed mission proposal, §5.5.2, p. 30",Procurement
gov-tn-mission-p5-ev,gov-tn-mission,gov-tn-mission-p5,govsrc-46464492e589affc,"Share Government data for implementing the Al ideas -as needed ensuring compliance to data protection and data sharing acts, on force.","Government Order, p. 2, mission objectives",Accountability and data
gov-tpec-constitution-status,gov-tpec-constitution,,govsrc-ef1a2c7c8e7e732e,has constituted the Technology and Policy Expert Committee (TPEC),Document status passage; see primary text,Status
gov-tpec-constitution-scope,gov-tpec-constitution,,govsrc-ef1a2c7c8e7e732e,"providing specialised technical, policy and strategic expertise to support the functioning of the recently constituted AI Governance and Economic Group (AIGEG).",Document scope passage; see primary text,Scope
gov-tpec-constitution-p1-ev,gov-tpec-constitution,gov-tpec-constitution-p1,govsrc-ef1a2c7c8e7e732e,"the AIGEG will set the strategic direction and coordinate policy across government, while the TPEC will provide subject matter guidance","Body, paragraph 4 (unpaginated; no numbered section)",Oversight
gov-uttarakhand-mission-status,gov-uttarakhand-mission,,govsrc-1091c838d2ab4ac9,launched the “Uttarakhand AI Mission–2025” policy at Raj Bhawan today.,Document status passage; see primary text,Status
gov-uttarakhand-mission-scope,gov-uttarakhand-mission,,govsrc-1091c838d2ab4ac9,the policy has been aligned with the National AI Policy framework and customized to the topography of the Himalayan state to ensure maximum relevance and efficiency.,Document scope passage; see primary text,Scope
