relationship_id,instrument_id,related_instrument_id,relation_type,basis,legal_consequence
govrel-1,gov-rajasthan-ai,gov-cert-aibom,Explicit technical-guidance reference,State policy procurement provision names CERT-In AIBOM guidance; technical guidance's own legal effect remains distinct.,"No repeal, supersession or obligation beyond reviewed wording inferred"
govrel-2,gov-rbi-model-risk-draft,gov-rbi-freeai,Related proposal / earlier recommendations,"Related financial AI governance instruments, not established supersession or implementation of the report.","No repeal, supersession or obligation beyond reviewed wording inferred"
govrel-3,gov-dpdp-draft,gov-dpdp-rules,Draft-to-final,Final notification identifies the January draft and consideration of comments.,"No repeal, supersession or obligation beyond reviewed wording inferred"
govrel-4,gov-dpdp-correction,gov-dpdp-rules,Corrects,Specified December wording substitutions; do not silently merge original and corrected text.,"No repeal, supersession or obligation beyond reviewed wording inferred"
govrel-5,gov-dpdp-commencement,gov-dpdp-act,Commencement schedule,Act provisions commence in three tranches; no single all-provisions operative date.,"No repeal, supersession or obligation beyond reviewed wording inferred"
govrel-6,gov-sgi-draft,gov-sgi-amendment,Draft-to-final,Separate consultation and notified amendment text.,"No repeal, supersession or obligation beyond reviewed wording inferred"
govrel-7,gov-sgi-correction,gov-sgi-amendment,Corrects,English statutory references corrected.,"No repeal, supersession or obligation beyond reviewed wording inferred"
govrel-8,gov-sgi-amendment,gov-it-rules-consolidated,Amends / incorporated version,Consolidated copy includes amendment and correction; not an independent policy family.,"No repeal, supersession or obligation beyond reviewed wording inferred"
govrel-9,gov-sebi-responsibility,gov-sebi-consultation,Binding provision versus later proposal,Enacted responsibility clause and later consultation recommendations have different legal effect; proposal is not a substitute repeal.,"No repeal, supersession or obligation beyond reviewed wording inferred"
govrel-10,gov-ai-consultation,gov-ai-guidelines,Consultation-to-published framework,"Recommendations compared as versions, not statute enactment.","No repeal, supersession or obligation beyond reviewed wording inferred"
govrel-11,gov-aigeg-order,gov-ai-guidelines,Constitution evidence after framework,Actual constitution order is separate from earlier recommendation; changed group naming retained.,"No repeal, supersession or obligation beyond reviewed wording inferred"
govrel-12,gov-tpec-constitution,gov-ai-guidelines,Constitution announcement after framework,Standing advisory body announced; original order retrieval not established in this layer.,"No repeal, supersession or obligation beyond reviewed wording inferred"
govrel-13,gov-cert-extension,gov-cert-directions,Scoped historical deadline extension,MSME and specified subscriber-validation dates only; not an all-entity exemption.,"No repeal, supersession or obligation beyond reviewed wording inferred"
govrel-14,gov-tn-mission,gov-tn-ethical,Later mission / earlier policy context,Distinct policy and mission units; no proven replacement or enforcement linkage.,"No repeal, supersession or obligation beyond reviewed wording inferred"
