coverage_id,jurisdiction,jurisdiction_level,queries,screening_status,included_instrument_ids,coverage_limit,checked_date
coverage-0200f0d078fc,Central,Central,"[""AIGEG constitution April 2026 order MeitY"",""Andhra Pradesh Adalat AI court order 2026"",""CBSE artificial intelligence guidelines schools policy official"",""CERT In artificial intelligence bill materials technical guidelines 2026"",""CERT In directions 2022 retention incidents"",""CERT In directions 28 April 2022 pdf"",""DPDP Act commencement November 2025 notification MeitY"",""DPDP rules corrigendum December 2025 MeitY"",""Department defence artificial intelligence policy framework official"",""Digital Agriculture Mission approval data governance 2024"",""ICMR ethical AI guidelines healthcare pdf 2023"",""ICMR ethical guidelines artificial intelligence biomedical 2023 pdf official"",""ICMR ethical guidelines artificial intelligence healthcare 2023"",""India AI governance guidelines official 2025"",""India DPDP rules 2025 commencement official"",""India General Financial Rules procurement transparency 2017"",""India Ministry finance procurement AI software guidelines 2026"",""India artificial intelligence governance guidelines consultation 2025"",""India artificial intelligence policy governance state October 2026"",""India digital personal data protection Act 2023 official"",""India intermediaries rules 2021 grievance due diligence"",""India medical devices software rules 2017 official"",""India responsible AI securities final guidelines 2026"",""IndiaAI mission approval safe trusted AI 2024"",""Information technology synthetic generated information corrigendum 2026"",""Jammu Kashmir artificial intelligence framework 2023 government"",""MeitY AI advisory March 1 2024 official pdf"",""MeitY AI advisory March 15 2024 official pdf"",""MeitY AI governance expert group constitution 2026"",""MeitY AI governance report January 2025 pdf"",""MeitY artificial intelligence March 2024 advisory"",""MeitY artificial intelligence advisory March 2024"",""MeitY national data governance framework draft 2022"",""MeitY synthetic generated information rules 2026"",""MeitY synthetic media draft October 2025 pdf"",""NITI Aayog national strategy artificial intelligence 2018"",""NITI facial recognition responsible AI 2022 official"",""NITI responsible AI principles operationalizing official"",""RBI FREE AI framework report 2025"",""RBI FREE AI report 2025 official pdf"",""RBI artificial intelligence model risk directions 2026"",""RBI responsible AI FREE framework directions 2026"",""SEBI artificial intelligence circular reporting 2019"",""SEBI artificial intelligence cybersecurity advisory August 2026"",""SEBI artificial intelligence regulation responsibility 2025"",""SEBI artificial intelligence responsibility April 2025 regulations"",""SEBI mutual funds artificial intelligence 2019 circular pdf"",""Supreme Court artificial intelligence translation circular SUVAS"",""TPEC constitution April 2026 order IndiaAI"",""Telemedicine practice guidelines artificial intelligence 2020 official"",""UGC generative artificial intelligence guidelines 2026 official"",""UIDAI authentication offline verification regulations 2021 pdf"",""UIDAI face authentication regulations consent grievance""]",Qualifying official records included,"[""gov-aadhaar-regulations"",""gov-ai-consultation"",""gov-ai-guidelines"",""gov-aigeg-order"",""gov-cag-ai-eoi"",""gov-cert-aibom"",""gov-cert-directions"",""gov-cert-extension"",""gov-dpdp-act"",""gov-dpdp-commencement"",""gov-dpdp-correction"",""gov-dpdp-draft"",""gov-dpdp-rules"",""gov-frt-approach"",""gov-gfr-procurement"",""gov-icmr-ai"",""gov-indiaai-mission"",""gov-it-rules-consolidated"",""gov-medical-software"",""gov-national-strategy"",""gov-ndgf-draft"",""gov-new-delhi-declaration"",""gov-rai-operational"",""gov-rai-principles"",""gov-rbi-freeai"",""gov-rbi-model-risk-draft"",""gov-sebi-consultation"",""gov-sebi-cyber-advisory"",""gov-sebi-funds"",""gov-sebi-reporting"",""gov-sebi-responsibility"",""gov-sgi-amendment"",""gov-sgi-correction"",""gov-sgi-draft"",""gov-supreme-court-draft"",""gov-telemedicine"",""gov-tpec-constitution""]","Bounded indexed-search screening, not an official inventory or proof of absence. Gazette archives, non-English amendments and departmental instruments may remain unlocated.",2026-10-05
coverage-c8932a035994,Andhra Pradesh,State,"[""Andhra Pradesh AI policy 2024 2029 government pdf"",""Andhra Pradesh AI policy government notification 2026"",""Andhra Pradesh Adalat AI court order 2026"",""Andhra Pradesh High Court AI policy guidelines 2025 official"",""Andhra Pradesh artificial intelligence policy official""]",Qualifying official records included,"[""gov-ap-court-order""]","Judicial direction included, not an executive statewide AI policy. Startup policy found but general AI investment promotion not substituted for an AI governance instrument. Bounded screening, not an official inventory or proof of absence.",2026-10-05
coverage-f2fd19878321,Arunachal Pradesh,State,"[""Arunachal Pradesh AI policy government notification 2026"",""Arunachal Pradesh artificial intelligence policy official""]",No qualifying reviewed primary text included,[],"Bounded indexed-search screening, not an official inventory or proof of absence. Gazette archives, non-English amendments and departmental instruments may remain unlocated.",2026-10-05
coverage-09e6eb232b73,Assam,State,"[""Assam AI policy government notification 2026"",""Assam artificial intelligence IT policy 2026"",""Assam artificial intelligence policy official"",""Assam artificial intelligence roadmap official policy pdf""]",No qualifying reviewed primary text included,[],"Roadmap/AI-IT policy leads found; adopted primary governing text not established. Bounded screening, not an official inventory or proof of absence.",2026-10-05
coverage-ed1f69ccf06c,Bihar,State,"[""Bihar AI policy draft 2026 notification"",""Bihar AI policy government notification 2026"",""Bihar artificial intelligence policy 2026 government pdf"",""Bihar artificial intelligence policy official""]",No qualifying reviewed primary text included,[],"Official policy index lists an AI-CoE formation resolution, but underlying resolution and full draft AI policy not established. Institutional formation is not automatically a statewide AI policy. Bounded screening, not an official inventory or proof of absence.",2026-10-05
coverage-73c62bc98b9c,Chhattisgarh,State,"[""Chhattisgarh AI policy government notification 2026"",""Chhattisgarh artificial intelligence policy official""]",No qualifying reviewed primary text included,[],"Bounded indexed-search screening, not an official inventory or proof of absence. Gazette archives, non-English amendments and departmental instruments may remain unlocated.",2026-10-05
coverage-04f6073abafb,Goa,State,"[""Goa AI policy 2026 notification September"",""Goa AI policy government notification 2026"",""Goa artificial intelligence policy 2026 adopted draft"",""Goa artificial intelligence policy official""]",Qualifying official records included,"[""gov-goa-draft""]","Bounded indexed-search screening, not an official inventory or proof of absence. Gazette archives, non-English amendments and departmental instruments may remain unlocated.",2026-10-05
coverage-0fbdfdab7180,Gujarat,State,"[""Gujarat AI policy government notification 2026"",""Gujarat artificial intelligence action plan official pdf"",""Gujarat artificial intelligence policy official""]",Qualifying official records included,"[""gov-gujarat-taskforce""]","Bounded indexed-search screening, not an official inventory or proof of absence. Gazette archives, non-English amendments and departmental instruments may remain unlocated.",2026-10-05
coverage-61209409f5e1,Haryana,State,"[""Haryana AI policy government notification 2026"",""Haryana artificial intelligence policy government cabinet"",""Haryana artificial intelligence policy official""]",No qualifying reviewed primary text included,[],"Official AI mission preparation announcement found; not converted into an adopted policy. Bounded screening, not an official inventory or proof of absence.",2026-10-05
coverage-44453b49ccc4,Himachal Pradesh,State,"[""Himachal Pradesh AI policy government notification 2026"",""Himachal Pradesh artificial intelligence policy official""]",No qualifying reviewed primary text included,[],"Bounded indexed-search screening, not an official inventory or proof of absence. Gazette archives, non-English amendments and departmental instruments may remain unlocated.",2026-10-05
coverage-7c66311150a0,Jharkhand,State,"[""Jharkhand AI policy 2026 notification September"",""Jharkhand AI policy July 2026 adopted draft"",""Jharkhand AI policy government notification 2026"",""Jharkhand artificial intelligence policy official""]",Qualifying official records included,"[""gov-jharkhand-draft""]","Bounded indexed-search screening, not an official inventory or proof of absence. Gazette archives, non-English amendments and departmental instruments may remain unlocated.",2026-10-05
coverage-92edad65bb8a,Karnataka,State,"[""Karnataka AI policy government notification 2026"",""Karnataka IT policy 2025 2030 government pdf AI mission"",""Karnataka IT policy 2025 2030 pdf"",""Karnataka artificial intelligence policy 2025 official notification"",""Karnataka artificial intelligence policy official"",""Karnataka responsible AI policy government pdf""]",No qualifying reviewed primary text included,[],"IT policy/AI mission leads found; policy access routed through catalogue/forms and official full text not established. Responsible-AI committee announcement is not a retrieved adopted policy. Bounded screening, not an official inventory or proof of absence.",2026-10-05
coverage-1297a3c92b03,Kerala,State,"[""Kerala AI policy government notification 2026"",""Kerala IT policy 2026 government order artificial intelligence"",""Kerala artificial intelligence policy official""]",Qualifying official records included,"[""gov-kerala-it""]","Bounded indexed-search screening, not an official inventory or proof of absence. Gazette archives, non-English amendments and departmental instruments may remain unlocated.",2026-10-05
coverage-7046083fae09,Madhya Pradesh,State,"[""Madhya Pradesh AI policy government notification 2026"",""Madhya Pradesh artificial intelligence mission policy government"",""Madhya Pradesh artificial intelligence policy official""]",No qualifying reviewed primary text included,[],"Official conference/MoU record reviewed; no complete formal AI mission governing instrument established. Bounded screening, not an official inventory or proof of absence.",2026-10-05
coverage-ed236c14356e,Maharashtra,State,"[""Maharashtra AI policy government notification 2026"",""Maharashtra artificial intelligence policy 2026 government resolution"",""Maharashtra artificial intelligence policy official""]",Qualifying official records included,"[""gov-maharashtra-ai""]","Bounded indexed-search screening, not an official inventory or proof of absence. Gazette archives, non-English amendments and departmental instruments may remain unlocated.",2026-10-05
coverage-0d3cb6cc8a4a,Manipur,State,"[""Manipur AI policy government notification 2026"",""Manipur artificial intelligence policy official""]",No qualifying reviewed primary text included,[],"Bounded indexed-search screening, not an official inventory or proof of absence. Gazette archives, non-English amendments and departmental instruments may remain unlocated.",2026-10-05
coverage-2a4014d7c4df,Meghalaya,State,"[""Meghalaya AI policy government notification 2026"",""Meghalaya artificial intelligence policy official""]",Qualifying official records included,"[""gov-meghalaya-it""]","Bounded indexed-search screening, not an official inventory or proof of absence. Gazette archives, non-English amendments and departmental instruments may remain unlocated.",2026-10-05
coverage-eb52d2053224,Mizoram,State,"[""Mizoram AI policy government notification 2026"",""Mizoram artificial intelligence policy official""]",No qualifying reviewed primary text included,[],"Bounded indexed-search screening, not an official inventory or proof of absence. Gazette archives, non-English amendments and departmental instruments may remain unlocated.",2026-10-05
coverage-b7c920ea44a5,Nagaland,State,"[""Nagaland AI policy government notification 2026"",""Nagaland artificial intelligence policy official""]",No qualifying reviewed primary text included,[],"Bounded indexed-search screening, not an official inventory or proof of absence. Gazette archives, non-English amendments and departmental instruments may remain unlocated.",2026-10-05
coverage-f9f1cfd38a67,Odisha,State,"[""Odisha AI policy government notification 2026"",""Odisha artificial intelligence policy 2025 gazette"",""Odisha artificial intelligence policy official""]",Qualifying official records included,"[""gov-odisha-ai""]","Bounded indexed-search screening, not an official inventory or proof of absence. Gazette archives, non-English amendments and departmental instruments may remain unlocated.",2026-10-05
coverage-a968a3112303,Punjab,State,"[""Punjab AI policy government notification 2026"",""Punjab India artificial intelligence policy government notification"",""Punjab artificial intelligence policy official""]",No qualifying reviewed primary text included,[],"Wrong-country Punjab results excluded; Indian official policy catalogue inaccessible/incomplete. Bounded screening, not an official inventory or proof of absence.",2026-10-05
coverage-f34ac4fb1997,Rajasthan,State,"[""Rajasthan AI ML policy 2026 notification"",""Rajasthan AI policy government notification 2026"",""Rajasthan artificial intelligence policy 2026 pdf government"",""Rajasthan artificial intelligence policy official""]",Qualifying official records included,"[""gov-rajasthan-ai""]","Bounded indexed-search screening, not an official inventory or proof of absence. Gazette archives, non-English amendments and departmental instruments may remain unlocated.",2026-10-05
coverage-13137e351ab8,Sikkim,State,"[""Sikkim AI policy 2025 final adopted draft"",""Sikkim AI policy government notification 2026"",""Sikkim artificial intelligence policy official""]",Qualifying official records included,"[""gov-sikkim-draft""]","Bounded indexed-search screening, not an official inventory or proof of absence. Gazette archives, non-English amendments and departmental instruments may remain unlocated.",2026-10-05
coverage-3ec35faa24ce,Tamil Nadu,State,"[""Tamil Nadu AI policy 2026 government order"",""Tamil Nadu AI policy government notification 2026"",""Tamil Nadu artificial intelligence policy official""]",Qualifying official records included,"[""gov-tn-ethical"",""gov-tn-mission""]","Bounded indexed-search screening, not an official inventory or proof of absence. Gazette archives, non-English amendments and departmental instruments may remain unlocated.",2026-10-05
coverage-fd0688828917,Telangana,State,"[""Telangana AI policy government notification 2026"",""Telangana artificial intelligence policy official""]",Qualifying official records included,"[""gov-telangana-strategy""]","Bounded indexed-search screening, not an official inventory or proof of absence. Gazette archives, non-English amendments and departmental instruments may remain unlocated.",2026-10-05
coverage-7a55807be35e,Tripura,State,"[""Tripura AI policy government notification 2026"",""Tripura artificial intelligence policy official""]",No qualifying reviewed primary text included,[],"Bounded indexed-search screening, not an official inventory or proof of absence. Gazette archives, non-English amendments and departmental instruments may remain unlocated.",2026-10-05
coverage-9b33e10d3a17,Uttar Pradesh,State,"[""Uttar Pradesh AI adoption April 2025 government order"",""Uttar Pradesh AI policy government notification 2026"",""Uttar Pradesh artificial intelligence policy 2025 official pdf"",""Uttar Pradesh artificial intelligence policy official""]",No qualifying reviewed primary text included,[],"Adoption-order and skills/programme leads found; primary AI governing order text not established. Bounded screening, not an official inventory or proof of absence.",2026-10-05
coverage-64618d85923f,Uttarakhand,State,"[""Uttarakhand AI mission 2025 policy notification"",""Uttarakhand AI mission 2025 policy pdf"",""Uttarakhand AI policy government notification 2026"",""Uttarakhand artificial intelligence policy official""]",Qualifying official records included,"[""gov-uttarakhand-mission""]","Bounded indexed-search screening, not an official inventory or proof of absence. Gazette archives, non-English amendments and departmental instruments may remain unlocated.",2026-10-05
coverage-fae63f32469b,West Bengal,State,"[""West Bengal AI ML promotion guidelines 2020 official download"",""West Bengal AI ML promotion guidelines 2020 pdf"",""West Bengal AI ML technology promotion guidelines 2020"",""West Bengal AI policy government notification 2026"",""West Bengal artificial intelligence policy official""]",No qualifying reviewed primary text included,[],"Official NeGD catalogue names 2020 promotion guidelines but retrieved catalogue contains no provisions; underlying state text not established. Bounded screening, not an official inventory or proof of absence.",2026-10-05
coverage-a9461be39d5e,Andaman and Nicobar Islands,Union territory,"[""Andaman and Nicobar Islands AI policy government notification 2026"",""Andaman and Nicobar Islands artificial intelligence policy official""]",No qualifying reviewed primary text included,[],"Bounded indexed-search screening, not an official inventory or proof of absence. Gazette archives, non-English amendments and departmental instruments may remain unlocated.",2026-10-05
coverage-fb23664086f7,Chandigarh,Union territory,"[""Chandigarh AI policy government notification 2026"",""Chandigarh artificial intelligence policy official""]",No qualifying reviewed primary text included,[],"Bounded indexed-search screening, not an official inventory or proof of absence. Gazette archives, non-English amendments and departmental instruments may remain unlocated.",2026-10-05
coverage-72bf39d511ae,Dadra and Nagar Haveli and Daman and Diu,Union territory,"[""Dadra and Nagar Haveli and Daman and Diu AI policy government notification 2026"",""Dadra and Nagar Haveli and Daman and Diu artificial intelligence policy official""]",No qualifying reviewed primary text included,[],"Bounded indexed-search screening, not an official inventory or proof of absence. Gazette archives, non-English amendments and departmental instruments may remain unlocated.",2026-10-05
coverage-7d1550b844ff,Delhi,Union territory,"[""Delhi AI policy government notification 2026"",""Delhi artificial intelligence policy official""]",No qualifying reviewed primary text included,[],"Bounded indexed-search screening, not an official inventory or proof of absence. Gazette archives, non-English amendments and departmental instruments may remain unlocated.",2026-10-05
coverage-c0e42193618f,Jammu and Kashmir,Union territory,"[""Jammu and Kashmir AI policy government notification 2026"",""Jammu and Kashmir artificial intelligence policy official""]",Qualifying official records included,"[""gov-jk-framework""]","Bounded indexed-search screening, not an official inventory or proof of absence. Gazette archives, non-English amendments and departmental instruments may remain unlocated.",2026-10-05
coverage-fa3115c87664,Ladakh,Union territory,"[""Ladakh AI policy government notification 2026"",""Ladakh artificial intelligence policy official""]",No qualifying reviewed primary text included,[],"Bounded indexed-search screening, not an official inventory or proof of absence. Gazette archives, non-English amendments and departmental instruments may remain unlocated.",2026-10-05
coverage-75a8203be287,Lakshadweep,Union territory,"[""Lakshadweep AI policy government notification 2026"",""Lakshadweep artificial intelligence policy official""]",No qualifying reviewed primary text included,[],"Bounded indexed-search screening, not an official inventory or proof of absence. Gazette archives, non-English amendments and departmental instruments may remain unlocated.",2026-10-05
coverage-98f84f1e7a26,Puducherry,Union territory,"[""Puducherry AI policy government notification 2026"",""Puducherry artificial intelligence policy official""]",No qualifying reviewed primary text included,[],"Bounded indexed-search screening, not an official inventory or proof of absence. Gazette archives, non-English amendments and departmental instruments may remain unlocated.",2026-10-05
