system_link_id,instrument_id,system_id,link_type,rationale,instrument_evidence_ids,system_assertion_ids,system_source_ids,system_source_urls,applicability_determination,checked_date
govlink-cag-ai-eoi-sys-cag-paras,gov-cag-ai-eoi,sys-cag-paras,Named-system procurement requirements / common primary source,"The same CAG EOI describes the named PARAS and PARAKH agent functions. Requirements are not supplier awards, implemented controls or delegation of final sanction.","[""gov-cag-ai-eoi-status"",""gov-cag-ai-eoi-scope""]","[""sys-cag-paras-field-01"",""sys-cag-paras-field-02"",""sys-cag-paras-field-06""]","[""grow-sc-005""]","[""https://cag.gov.in/uploads/tenders/tenders-EOI-for-Establishment-of-Sovereign-AI-Platform-for-CAG-of-India-069fb031304a1b8-89068885.pdf""]","Not made; documentary relevance only except explicit named direction, whose implementation remains unverified",2026-10-05
govlink-cag-ai-eoi-sys-cag-parakh,gov-cag-ai-eoi,sys-cag-parakh,Named-system procurement requirements / common primary source,"The same CAG EOI describes the named PARAS and PARAKH agent functions. Requirements are not supplier awards, implemented controls or delegation of final sanction.","[""gov-cag-ai-eoi-status"",""gov-cag-ai-eoi-scope""]","[""sys-cag-parakh-field-01"",""sys-cag-parakh-field-02"",""sys-cag-parakh-field-06""]","[""grow-scale-040""]","[""https://cag.gov.in/uploads/media/Data-Led-audit-Related-Office-Order-069a679d6b140b7-07154746.pdf""]","Not made; documentary relevance only except explicit named direction, whose implementation remains unverified",2026-10-05
govlink-rbi-model-risk-draft-sys-sia,gov-rbi-model-risk-draft,sys-sia,Draft conditional model-domain relevance,Bank entities/model uses potentially overlap the draft's regulated model scope. Covered decision uses and final adoption must be established; not every chatbot is automatically within scope.,"[""gov-rbi-model-risk-draft-status"",""gov-rbi-model-risk-draft-scope""]","[""sys-sia-field-01"",""sys-sia-field-02"",""sys-sia-field-06""]","[""grow-scale-002""]","[""https://indiaai.gov.in/company/state-bank-of-india""]","Not made; documentary relevance only except explicit named direction, whose implementation remains unverified",2026-10-05
govlink-rbi-model-risk-draft-sys-aditi,gov-rbi-model-risk-draft,sys-aditi,Draft conditional model-domain relevance,Bank entities/model uses potentially overlap the draft's regulated model scope. Covered decision uses and final adoption must be established; not every chatbot is automatically within scope.,"[""gov-rbi-model-risk-draft-status"",""gov-rbi-model-risk-draft-scope""]","[""sys-aditi-field-01"",""sys-aditi-field-02"",""sys-aditi-field-06""]","[""grow-sx-006""]","[""https://www.psuconnect.in/bank-news/bank-of-baroda-marks-its-119th-foundation-day""]","Not made; documentary relevance only except explicit named direction, whose implementation remains unverified",2026-10-05
govlink-rbi-model-risk-draft-sys-pihu,gov-rbi-model-risk-draft,sys-pihu,Draft conditional model-domain relevance,Bank entities/model uses potentially overlap the draft's regulated model scope. Covered decision uses and final adoption must be established; not every chatbot is automatically within scope.,"[""gov-rbi-model-risk-draft-status"",""gov-rbi-model-risk-draft-scope""]","[""sys-pihu-field-01"",""sys-pihu-field-02"",""sys-pihu-field-06""]","[""grow-scale-004""]","[""https://pnb.bank.in/Pihu-AIBotSite.html""]","Not made; documentary relevance only except explicit named direction, whose implementation remains unverified",2026-10-05
govlink-rbi-model-risk-draft-sys-adya,gov-rbi-model-risk-draft,sys-adya,Draft conditional model-domain relevance,Bank entities/model uses potentially overlap the draft's regulated model scope. Covered decision uses and final adoption must be established; not every chatbot is automatically within scope.,"[""gov-rbi-model-risk-draft-status"",""gov-rbi-model-risk-draft-scope""]","[""sys-adya-field-01"",""sys-adya-field-02"",""sys-adya-field-06""]","[""grow-scale-006""]","[""https://indianbank.bank.in/documents/d/guest/indian-bank-launches-new-vision-mission-statement-of-the-bank""]","Not made; documentary relevance only except explicit named direction, whose implementation remains unverified",2026-10-05
govlink-rbi-model-risk-draft-sys-uday,gov-rbi-model-risk-draft,sys-uday,Draft conditional model-domain relevance,Bank entities/model uses potentially overlap the draft's regulated model scope. Covered decision uses and final adoption must be established; not every chatbot is automatically within scope.,"[""gov-rbi-model-risk-draft-status"",""gov-rbi-model-risk-draft-scope""]","[""sys-uday-field-01"",""sys-uday-field-02"",""sys-uday-field-06""]","[""grow-sx-002""]","[""https://uco.bank.in/documents/d/guest/transcript-q1fy27""]","Not made; documentary relevance only except explicit named direction, whose implementation remains unverified",2026-10-05
govlink-cert-aibom-sys-cdot-trinetra,gov-cert-aibom,sys-cdot-trinetra,Technical supply-chain recommendation relevance,AI-enabled cybersecurity supply chains overlap bill-of-materials guidance; no implemented AIBOM or mandatory vendor compliance inferred.,"[""gov-cert-aibom-status"",""gov-cert-aibom-scope""]","[""sys-cdot-trinetra-field-01"",""sys-cdot-trinetra-field-02"",""sys-cdot-trinetra-field-06""]","[""grow-scale-036"",""grow-scale-038""]","[""https://www.cdot.in/cdotweb/web/product_page.php?lang=en&catId=11&pId=77"",""https://www.pib.gov.in/PressReleasePage.aspx?PRID=2246442&reg=3&lang=1""]","Not made; documentary relevance only except explicit named direction, whose implementation remains unverified",2026-10-05
govlink-cert-aibom-sys-cyberwall,gov-cert-aibom,sys-cyberwall,Technical supply-chain recommendation relevance,AI-enabled cybersecurity supply chains overlap bill-of-materials guidance; no implemented AIBOM or mandatory vendor compliance inferred.,"[""gov-cert-aibom-status"",""gov-cert-aibom-scope""]","[""sys-cyberwall-field-01"",""sys-cyberwall-field-02"",""sys-cyberwall-field-06""]","[""grow-scale-066""]","[""https://keralapolice.gov.in/page/cyberwall""]","Not made; documentary relevance only except explicit named direction, whose implementation remains unverified",2026-10-05
govlink-ap-court-order-sys-adalat-ai,gov-ap-court-order,sys-adalat-ai,Explicit named-system direction,The circular names Adalat.AI and directs Andhra Pradesh district-court use; implementation is not verified.,"[""gov-ap-court-order-status"",""gov-ap-court-order-scope"",""gov-ap-court-order-p1-ev""]","[""sys-adalat-ai-field-01"",""sys-adalat-ai-field-02"",""sys-adalat-ai-field-06""]","[""grow-sr-017""]","[""https://aphc.gov.in/docs/notification_1785225296_0.pdf""]","Not made; documentary relevance only except explicit named direction, whose implementation remains unverified",2026-10-05
govlink-supreme-court-draft-sys-suvas,gov-supreme-court-draft,sys-suvas,Draft jurisdiction/domain relevance,Judicial AI scope overlaps these court tools; adoption and tool-specific applicability are not established.,"[""gov-supreme-court-draft-status"",""gov-supreme-court-draft-scope""]","[""sys-suvas-field-01"",""sys-suvas-field-02"",""sys-suvas-field-06""]","[""service-judiciary""]","[""https://www.pib.gov.in/PressReleasePage.aspx?PRID=2226283&reg=48&lang=2""]","Not made; documentary relevance only except explicit named direction, whose implementation remains unverified",2026-10-05
govlink-supreme-court-draft-sys-supace,gov-supreme-court-draft,sys-supace,Draft jurisdiction/domain relevance,Judicial AI scope overlaps these court tools; adoption and tool-specific applicability are not established.,"[""gov-supreme-court-draft-status"",""gov-supreme-court-draft-scope""]","[""sys-supace-field-01"",""sys-supace-field-02"",""sys-supace-field-06""]","[""service-judiciary""]","[""https://www.pib.gov.in/PressReleasePage.aspx?PRID=2226283&reg=48&lang=2""]","Not made; documentary relevance only except explicit named direction, whose implementation remains unverified",2026-10-05
govlink-supreme-court-draft-sys-adalat-ai,gov-supreme-court-draft,sys-adalat-ai,Draft jurisdiction/domain relevance,Judicial AI scope overlaps these court tools; adoption and tool-specific applicability are not established.,"[""gov-supreme-court-draft-status"",""gov-supreme-court-draft-scope""]","[""sys-adalat-ai-field-01"",""sys-adalat-ai-field-02"",""sys-adalat-ai-field-06""]","[""grow-sr-017""]","[""https://aphc.gov.in/docs/notification_1785225296_0.pdf""]","Not made; documentary relevance only except explicit named direction, whose implementation remains unverified",2026-10-05
govlink-supreme-court-draft-sys-kerala-court-cms,gov-supreme-court-draft,sys-kerala-court-cms,Draft jurisdiction/domain relevance,Judicial AI scope overlaps these court tools; adoption and tool-specific applicability are not established.,"[""gov-supreme-court-draft-status"",""gov-supreme-court-draft-scope""]","[""sys-kerala-court-cms-field-01"",""sys-kerala-court-cms-field-02"",""sys-kerala-court-cms-field-06""]","[""grow-scale-054""]","[""https://egov.eletsonline.com/2026/06/kerala-high-court-wins-national-e-governance-gold-award-for-digital-court-management-system/""]","Not made; documentary relevance only except explicit named direction, whose implementation remains unverified",2026-10-05
govlink-tn-ethical-sys-epaarvai,gov-tn-ethical,sys-epaarvai,Jurisdiction and deployment-domain relevance,Tamil Nadu public-service AI falls within the policy's general state deployment scope; actual DEEP-MAX assessment or compliance is not established.,"[""gov-tn-ethical-status"",""gov-tn-ethical-scope""]","[""sys-epaarvai-field-01"",""sys-epaarvai-field-02"",""sys-epaarvai-field-06""]","[""reg-paarvai-listing"",""reg-paarvai-state-case""]","[""https://play.google.com/store/apps/details?id=com.codevector.cataract_detection_app&hl=en_US"",""https://abhinavpahal.nic.in/uploads/jiRLj8ssnLClarity%20in%20Governance%20Heralds%20Clear%20Vision.pdf""]","Not made; documentary relevance only except explicit named direction, whose implementation remains unverified",2026-10-05
govlink-tn-ethical-sys-tn-police-frs,gov-tn-ethical,sys-tn-police-frs,Jurisdiction and deployment-domain relevance,Tamil Nadu public-service AI falls within the policy's general state deployment scope; actual DEEP-MAX assessment or compliance is not established.,"[""gov-tn-ethical-status"",""gov-tn-ethical-scope""]","[""sys-tn-police-frs-field-01"",""sys-tn-police-frs-field-02"",""sys-tn-police-frs-field-06""]","[""grow-scale-058"",""grow-sr-009""]","[""https://cms.tn.gov.in/cms_migrated/document/docfiles/police_e_pn_2025_26.pdf"",""https://citizenmatters.in/facial-recognition-technology-in-chennai-police-concern-privacy/""]","Not made; documentary relevance only except explicit named direction, whose implementation remains unverified",2026-10-05
govlink-tn-ethical-sys-kaaval-ai,gov-tn-ethical,sys-kaaval-ai,Jurisdiction and deployment-domain relevance,Tamil Nadu public-service AI falls within the policy's general state deployment scope; actual DEEP-MAX assessment or compliance is not established.,"[""gov-tn-ethical-status"",""gov-tn-ethical-scope""]","[""sys-kaaval-ai-field-01"",""sys-kaaval-ai-field-02"",""sys-kaaval-ai-field-06""]","[""grow-scale-060""]","[""https://newsonair.gov.in/tamil-nadu-kanyakumari-police-expands-ai-traffic-violation-detection-system/""]","Not made; documentary relevance only except explicit named direction, whose implementation remains unverified",2026-10-05
govlink-tn-ethical-sys-madukkarai-elephant,gov-tn-ethical,sys-madukkarai-elephant,Jurisdiction and deployment-domain relevance,Tamil Nadu public-service AI falls within the policy's general state deployment scope; actual DEEP-MAX assessment or compliance is not established.,"[""gov-tn-ethical-status"",""gov-tn-ethical-scope""]","[""sys-madukkarai-elephant-field-01"",""sys-madukkarai-elephant-field-02"",""sys-madukkarai-elephant-field-06""]","[""grow-scale-069""]","[""https://www.theweek.in/wire-updates/national/2026/01/02/tamil-nadu-has-successfully-deployed-ai-tools-to-prevent-human-animal-conflicts-says-official.html""]","Not made; documentary relevance only except explicit named direction, whose implementation remains unverified",2026-10-05
govlink-tn-ethical-sys-uzhavan-pest,gov-tn-ethical,sys-uzhavan-pest,Jurisdiction and deployment-domain relevance,Tamil Nadu public-service AI falls within the policy's general state deployment scope; actual DEEP-MAX assessment or compliance is not established.,"[""gov-tn-ethical-status"",""gov-tn-ethical-scope""]","[""sys-uzhavan-pest-field-01"",""sys-uzhavan-pest-field-02"",""sys-uzhavan-pest-field-06""]","[""ext-double-037""]","[""https://www.rediff.com/business/report/how-ai-blockchain-etc-are-revamping-tns-e-services/20200218.htm""]","Not made; documentary relevance only except explicit named direction, whose implementation remains unverified",2026-10-05
govlink-tn-mission-sys-epaarvai,gov-tn-mission,sys-epaarvai,Institutional programme/domain relevance,State health/agricultural AI overlaps mission domains; no evidence these historical services were commissioned or funded by the 2024 mission.,"[""gov-tn-mission-status"",""gov-tn-mission-scope""]","[""sys-epaarvai-field-01"",""sys-epaarvai-field-02"",""sys-epaarvai-field-06""]","[""reg-paarvai-listing"",""reg-paarvai-state-case""]","[""https://play.google.com/store/apps/details?id=com.codevector.cataract_detection_app&hl=en_US"",""https://abhinavpahal.nic.in/uploads/jiRLj8ssnLClarity%20in%20Governance%20Heralds%20Clear%20Vision.pdf""]","Not made; documentary relevance only except explicit named direction, whose implementation remains unverified",2026-10-05
govlink-tn-mission-sys-uzhavan-pest,gov-tn-mission,sys-uzhavan-pest,Institutional programme/domain relevance,State health/agricultural AI overlaps mission domains; no evidence these historical services were commissioned or funded by the 2024 mission.,"[""gov-tn-mission-status"",""gov-tn-mission-scope""]","[""sys-uzhavan-pest-field-01"",""sys-uzhavan-pest-field-02"",""sys-uzhavan-pest-field-06""]","[""ext-double-037""]","[""https://www.rediff.com/business/report/how-ai-blockchain-etc-are-revamping-tns-e-services/20200218.htm""]","Not made; documentary relevance only except explicit named direction, whose implementation remains unverified",2026-10-05
govlink-telangana-strategy-sys-tscop,gov-telangana-strategy,sys-tscop,Jurisdiction and deployment-domain relevance,State AI-enabled public services overlap the strategy; strategy adoption does not verify service-specific governance or retrospective compliance.,"[""gov-telangana-strategy-status"",""gov-telangana-strategy-scope""]","[""sys-tscop-field-01"",""sys-tscop-field-02"",""sys-tscop-field-06""]","[""grow-sr-008""]","[""https://thefederal.com/analysis/facial-recognition-technology-storm-in-the-west-calm-in-india""]","Not made; documentary relevance only except explicit named direction, whose implementation remains unverified",2026-10-05
govlink-telangana-strategy-sys-hyderabad-itms,gov-telangana-strategy,sys-hyderabad-itms,Jurisdiction and deployment-domain relevance,State AI-enabled public services overlap the strategy; strategy adoption does not verify service-specific governance or retrospective compliance.,"[""gov-telangana-strategy-status"",""gov-telangana-strategy-scope""]","[""sys-hyderabad-itms-field-01"",""sys-hyderabad-itms-field-02"",""sys-hyderabad-itms-field-06""]","[""grow-scale-072"",""grow-scale-073""]","[""https://thesouthindiatimes.com/states/telangana/hyderabad-itms-traffic-system-master-plan-to-reduce-congestion-across-city/"",""https://frontiertech.niti.gov.in/story/part-ii-predict-and-prevent-ai-for-traffic-flow-congestion-intelligence-and-emergency-mobility/""]","Not made; documentary relevance only except explicit named direction, whose implementation remains unverified",2026-10-05
govlink-telangana-strategy-sys-saagu-baagu,gov-telangana-strategy,sys-saagu-baagu,Jurisdiction and deployment-domain relevance,State AI-enabled public services overlap the strategy; strategy adoption does not verify service-specific governance or retrospective compliance.,"[""gov-telangana-strategy-status"",""gov-telangana-strategy-scope""]","[""sys-saagu-baagu-field-01"",""sys-saagu-baagu-field-02"",""sys-saagu-baagu-field-06""]","[""ext-double-034"",""ext-extra-022""]","[""https://www.weforum.org/impact/ai-for-agriculture-in-india/"",""https://www3.weforum.org/docs/WEF_Scaling_Agritech_at_the_Last_Mile_2023.pdf""]","Not made; documentary relevance only except explicit named direction, whose implementation remains unverified",2026-10-05
govlink-telangana-strategy-sys-fest,gov-telangana-strategy,sys-fest,Jurisdiction and deployment-domain relevance,State AI-enabled public services overlap the strategy; strategy adoption does not verify service-specific governance or retrospective compliance.,"[""gov-telangana-strategy-status"",""gov-telangana-strategy-scope""]","[""sys-fest-field-01"",""sys-fest-field-02"",""sys-fest-field-06""]","[""reg-telangana-esd""]","[""https://it.telangana.gov.in/initiatives/electronic-services-delivery/""]","Not made; documentary relevance only except explicit named direction, whose implementation remains unverified",2026-10-05
govlink-telangana-strategy-sys-plcs,gov-telangana-strategy,sys-plcs,Jurisdiction and deployment-domain relevance,State AI-enabled public services overlap the strategy; strategy adoption does not verify service-specific governance or retrospective compliance.,"[""gov-telangana-strategy-status"",""gov-telangana-strategy-scope""]","[""sys-plcs-field-01"",""sys-plcs-field-02"",""sys-plcs-field-06""]","[""reg-plcs"",""reg-plcs-faq"",""reg-telangana-esd""]","[""https://indiaai.gov.in/case-study/telangana-government-leveraging-the-power-of-ai-and-ml-for-pensioners"",""https://mgov.telangana.gov.in/faqnew.html"",""https://it.telangana.gov.in/initiatives/electronic-services-delivery/""]","Not made; documentary relevance only except explicit named direction, whose implementation remains unverified",2026-10-05
govlink-odisha-ai-sys-ompts,gov-odisha-ai,sys-ompts,Jurisdiction and deployment-domain relevance,"Odisha mineral/agricultural use overlaps statewide AI governance; no system-specific certification, funding or audit decision located.","[""gov-odisha-ai-status"",""gov-odisha-ai-scope""]","[""sys-ompts-field-01"",""sys-ompts-field-02"",""sys-ompts-field-06""]","[""grow-sx-029""]","[""https://mines.gov.in/admin/storage/ckeditor/Odisha_1767944755.pdf""]","Not made; documentary relevance only except explicit named direction, whose implementation remains unverified",2026-10-05
govlink-odisha-ai-sys-ksh,gov-odisha-ai,sys-ksh,Jurisdiction and deployment-domain relevance,"Odisha mineral/agricultural use overlaps statewide AI governance; no system-specific certification, funding or audit decision located.","[""gov-odisha-ai-status"",""gov-odisha-ai-scope""]","[""sys-ksh-field-01"",""sys-ksh-field-02"",""sys-ksh-field-06""]","[""ext-double-041""]","[""https://home.odisha.gov.in/sites/default/files/2025-03/Krushi%20Samrudhi%20Helpline%20(RFP)-%20FINAL_0.pdf""]","Not made; documentary relevance only except explicit named direction, whose implementation remains unverified",2026-10-05
govlink-odisha-ai-sys-paddymitra,gov-odisha-ai,sys-paddymitra,Jurisdiction and deployment-domain relevance,"Odisha mineral/agricultural use overlaps statewide AI governance; no system-specific certification, funding or audit decision located.","[""gov-odisha-ai-status"",""gov-odisha-ai-scope""]","[""sys-paddymitra-field-01"",""sys-paddymitra-field-02"",""sys-paddymitra-field-06""]","[""ext-double-042""]","[""https://www.irri.org/news-and-events/news/paddymitra-chatbot-launched-empower-odishas-farmers-ai-driven-insights""]","Not made; documentary relevance only except explicit named direction, whose implementation remains unverified",2026-10-05
govlink-maharashtra-ai-sys-mahacrimeos,gov-maharashtra-ai,sys-mahacrimeos,Jurisdiction and deployment-domain relevance,"Maharashtra public-sector applications overlap the policy; no retrospective audit, project approval or compliance decision is inferred.","[""gov-maharashtra-ai-status"",""gov-maharashtra-ai-scope""]","[""sys-mahacrimeos-field-01"",""sys-mahacrimeos-field-02"",""sys-mahacrimeos-field-06""]","[""service-police-summary"",""service-police-vendor""]","[""https://www.microsoft.com/en-in/aifirstmovers/FY26CrimeOS"",""https://news.microsoft.com/source/asia/features/a-race-against-time-maharashtra-police-get-an-ai-copilot-to-fight-cybercrime/""]","Not made; documentary relevance only except explicit named direction, whose implementation remains unverified",2026-10-05
govlink-maharashtra-ai-sys-maha-ai,gov-maharashtra-ai,sys-maha-ai,Jurisdiction and deployment-domain relevance,"Maharashtra public-sector applications overlap the policy; no retrospective audit, project approval or compliance decision is inferred.","[""gov-maharashtra-ai-status"",""gov-maharashtra-ai-scope""]","[""sys-maha-ai-field-01"",""sys-maha-ai-field-02"",""sys-maha-ai-field-06""]","[""grow-scale-021""]","[""https://maharashtra.nic.in/event/honble-chief-minister-of-maharashtra-launches-maha-ai-maharashtra-hub-for-advanced-artificial-intelligence-a-sovereign-ai-platform-developed-by-nic-maharashtra/""]","Not made; documentary relevance only except explicit named direction, whose implementation remains unverified",2026-10-05
govlink-maharashtra-ai-sys-mahamuni,gov-maharashtra-ai,sys-mahamuni,Jurisdiction and deployment-domain relevance,"Maharashtra public-sector applications overlap the policy; no retrospective audit, project approval or compliance decision is inferred.","[""gov-maharashtra-ai-status"",""gov-maharashtra-ai-scope""]","[""sys-mahamuni-field-01"",""sys-mahamuni-field-02"",""sys-mahamuni-field-06""]","[""grow-sx-026""]","[""https://travel.economictimes.indiatimes.com/amp/news/ministry/maharashtra-tourism-plans-digital-push-with-ai-chatbot-smart-ticketing-and-tourism-dashboard/134517810""]","Not made; documentary relevance only except explicit named direction, whose implementation remains unverified",2026-10-05
govlink-maharashtra-ai-sys-mahavistaar,gov-maharashtra-ai,sys-mahavistaar,Jurisdiction and deployment-domain relevance,"Maharashtra public-sector applications overlap the policy; no retrospective audit, project approval or compliance decision is inferred.","[""gov-maharashtra-ai-status"",""gov-maharashtra-ai-scope""]","[""sys-mahavistaar-field-01"",""sys-mahavistaar-field-02"",""sys-mahavistaar-field-06""]","[""ext-extra-005""]","[""https://negd.gov.in/isl/Directory/statedata/942""]","Not made; documentary relevance only except explicit named direction, whose implementation remains unverified",2026-10-05
govlink-maharashtra-ai-sys-simba,gov-maharashtra-ai,sys-simba,Jurisdiction and deployment-domain relevance,"Maharashtra public-sector applications overlap the policy; no retrospective audit, project approval or compliance decision is inferred.","[""gov-maharashtra-ai-status"",""gov-maharashtra-ai-scope""]","[""sys-simba-field-01"",""sys-simba-field-02"",""sys-simba-field-06""]","[""grow-scale-063""]","[""https://indiaai.gov.in/article/ai-powered-simba-to-aid-nagpur-police-in-fighting-crime""]","Not made; documentary relevance only except explicit named direction, whose implementation remains unverified",2026-10-05
govlink-maharashtra-ai-sys-nagpur-iitms,gov-maharashtra-ai,sys-nagpur-iitms,Jurisdiction and deployment-domain relevance,"Maharashtra public-sector applications overlap the policy; no retrospective audit, project approval or compliance decision is inferred.","[""gov-maharashtra-ai-status"",""gov-maharashtra-ai-scope""]","[""sys-nagpur-iitms-field-01"",""sys-nagpur-iitms-field-02"",""sys-nagpur-iitms-field-06""]","[""grow-sc-003"",""grow-sc-004""]","[""https://www.thehitavada.com/Encyc/2026/6/17/red-or-green-nagpurs-signals-will-now-decide-on-their-own.html"",""https://www.thehitavada.com/Encyc/2026/8/29/smart-signals-multiply-but-nmcs-traffic-management-system-still-awaits-integration.html""]","Not made; documentary relevance only except explicit named direction, whose implementation remains unverified",2026-10-05
govlink-maharashtra-ai-sys-pune-traffic-ai,gov-maharashtra-ai,sys-pune-traffic-ai,Jurisdiction and deployment-domain relevance,"Maharashtra public-sector applications overlap the policy; no retrospective audit, project approval or compliance decision is inferred.","[""gov-maharashtra-ai-status"",""gov-maharashtra-ai-scope""]","[""sys-pune-traffic-ai-field-01"",""sys-pune-traffic-ai-field-02"",""sys-pune-traffic-ai-field-06""]","[""grow-scale-079""]","[""https://www.lokmattimes.com/pune/pune-traffic-police-launch-ai-system-to-detect-and-penalise-traffic-violations-a507/""]","Not made; documentary relevance only except explicit named direction, whose implementation remains unverified",2026-10-05
govlink-goa-draft-sys-goa-online-ai,gov-goa-draft,sys-goa-online-ai,Draft jurisdiction/domain relevance,State service/tourism AI overlaps proposed scope; draft controls are not established current duties.,"[""gov-goa-draft-status"",""gov-goa-draft-scope""]","[""sys-goa-online-ai-field-01"",""sys-goa-online-ai-field-02"",""sys-goa-online-ai-field-06""]","[""grow-scale-086""]","[""https://www.expresscomputer.in/amp/news/goa-government-introduces-ai-chatbot-on-whatsapp-to-enhance-citizen-service-delivery/139115/""]","Not made; documentary relevance only except explicit named direction, whose implementation remains unverified",2026-10-05
govlink-goa-draft-sys-goa-tourism-ai,gov-goa-draft,sys-goa-tourism-ai,Draft jurisdiction/domain relevance,State service/tourism AI overlaps proposed scope; draft controls are not established current duties.,"[""gov-goa-draft-status"",""gov-goa-draft-scope""]","[""sys-goa-tourism-ai-field-01"",""sys-goa-tourism-ai-field-02"",""sys-goa-tourism-ai-field-06""]","[""grow-scale-085""]","[""https://www.travelmedia.in/2026/09/25/Department-of-IT-Electronics-Communications-DITE-launches-Tourism-AI-Chatbot-for-Goa.html""]","Not made; documentary relevance only except explicit named direction, whose implementation remains unverified",2026-10-05
govlink-rajasthan-ai-sys-raj-silicosis,gov-rajasthan-ai,sys-raj-silicosis,Jurisdiction and deployment-domain relevance,Rajasthan public-service AI overlaps state policy scope; system-specific Sampark redress use or policy assessment not established.,"[""gov-rajasthan-ai-status"",""gov-rajasthan-ai-scope""]","[""sys-raj-silicosis-field-01"",""sys-raj-silicosis-field-02"",""sys-raj-silicosis-field-06""]","[""ext-double-073""]","[""https://www.nceg.gov.in/assets/pdf/Final_Delhi_Presentation.pdf""]","Not made; documentary relevance only except explicit named direction, whose implementation remains unverified",2026-10-05
govlink-rajasthan-ai-sys-rajgpt,gov-rajasthan-ai,sys-rajgpt,Jurisdiction and deployment-domain relevance,Rajasthan public-service AI overlaps state policy scope; system-specific Sampark redress use or policy assessment not established.,"[""gov-rajasthan-ai-status"",""gov-rajasthan-ai-scope""]","[""sys-rajgpt-field-01"",""sys-rajgpt-field-02"",""sys-rajgpt-field-06""]","[""ext-extra-017""]","[""https://egov.eletsonline.com/2026/04/rajasthans-responsible-ai-roadmap/""]","Not made; documentary relevance only except explicit named direction, whose implementation remains unverified",2026-10-05
govlink-kerala-it-sys-safe-kerala,gov-kerala-it,sys-safe-kerala,Jurisdiction and deployment-domain relevance,Kerala public-service systems overlap proposed AI mission and responsible-use measures; no adoption order or project-specific coverage established.,"[""gov-kerala-it-status"",""gov-kerala-it-scope""]","[""sys-safe-kerala-field-01"",""sys-safe-kerala-field-02"",""sys-safe-kerala-field-06""]","[""ext-extra-016""]","[""https://www.newindianexpress.com/states/kerala/2026/Sep/20/keralas-ai-camera-project-stalls-as-govt-dues-mount-traffic-management-takes-a-hit""]","Not made; documentary relevance only except explicit named direction, whose implementation remains unverified",2026-10-05
govlink-kerala-it-sys-samagra-ai,gov-kerala-it,sys-samagra-ai,Jurisdiction and deployment-domain relevance,Kerala public-service systems overlap proposed AI mission and responsible-use measures; no adoption order or project-specific coverage established.,"[""gov-kerala-it-status"",""gov-kerala-it-scope""]","[""sys-samagra-ai-field-01"",""sys-samagra-ai-field-02"",""sys-samagra-ai-field-06""]","[""grow-scale-028"",""grow-sr-016""]","[""https://ai.kite.kerala.gov.in/"",""https://ai.kite.kerala.gov.in/KITE%20Presentation%20for%20Kerala%20Futurecon%202026_22.01.2026%20v1.0.pdf""]","Not made; documentary relevance only except explicit named direction, whose implementation remains unverified",2026-10-05
govlink-kerala-it-sys-cyberwall,gov-kerala-it,sys-cyberwall,Jurisdiction and deployment-domain relevance,Kerala public-service systems overlap proposed AI mission and responsible-use measures; no adoption order or project-specific coverage established.,"[""gov-kerala-it-status"",""gov-kerala-it-scope""]","[""sys-cyberwall-field-01"",""sys-cyberwall-field-02"",""sys-cyberwall-field-06""]","[""grow-scale-066""]","[""https://keralapolice.gov.in/page/cyberwall""]","Not made; documentary relevance only except explicit named direction, whose implementation remains unverified",2026-10-05
govlink-gujarat-taskforce-sys-gujarat-vsk-ai,gov-gujarat-taskforce,sys-gujarat-vsk-ai,Jurisdiction and deployment-domain relevance,Gujarat governance/education/mobility fits task-force planning remit; post-term renewal and review of these tools not established.,"[""gov-gujarat-taskforce-status"",""gov-gujarat-taskforce-scope""]","[""sys-gujarat-vsk-ai-field-01"",""sys-gujarat-vsk-ai-field-02"",""sys-gujarat-vsk-ai-field-06""]","[""grow-scale-083""]","[""https://ssagujarat.org/""]","Not made; documentary relevance only except explicit named direction, whose implementation remains unverified",2026-10-05
govlink-gujarat-taskforce-sys-ahmedabad-atcs,gov-gujarat-taskforce,sys-ahmedabad-atcs,Jurisdiction and deployment-domain relevance,Gujarat governance/education/mobility fits task-force planning remit; post-term renewal and review of these tools not established.,"[""gov-gujarat-taskforce-status"",""gov-gujarat-taskforce-scope""]","[""sys-ahmedabad-atcs-field-01"",""sys-ahmedabad-atcs-field-02"",""sys-ahmedabad-atcs-field-06""]","[""grow-scale-076""]","[""https://www.ndtv.com/auto/ai-driven-traffic-control-launched-in-ahmedabad-to-cut-signal-delays-congestion-heres-how-it-works-11398525""]","Not made; documentary relevance only except explicit named direction, whose implementation remains unverified",2026-10-05
govlink-frt-approach-sys-upsc,gov-frt-approach,sys-upsc,Draft technology-domain relevance,"Facial recognition/authentication overlaps discussion-paper scope; no binding duties, biometric equivalence or tool evaluation inferred.","[""gov-frt-approach-status"",""gov-frt-approach-scope""]","[""sys-upsc-field-01"",""sys-upsc-field-02"",""sys-upsc-field-06""]","[""service-upsc-live"",""service-upsc-october""]","[""https://www.pib.gov.in/PressReleasePage.aspx?PRID=2268879&reg=3&lang=1"",""https://www.pib.gov.in/PressReleaseDetail.aspx?PRID=2317336&reg=48&lang=1""]","Not made; documentary relevance only except explicit named direction, whose implementation remains unverified",2026-10-05
govlink-frt-approach-sys-aadhaar-face,gov-frt-approach,sys-aadhaar-face,Draft technology-domain relevance,"Facial recognition/authentication overlaps discussion-paper scope; no binding duties, biometric equivalence or tool evaluation inferred.","[""gov-frt-approach-status"",""gov-frt-approach-scope""]","[""sys-aadhaar-face-field-01"",""sys-aadhaar-face-field-02"",""sys-aadhaar-face-field-06""]","[""ext-double-006"",""ext-extra-023""]","[""https://www.rediff.com/business/report/uidai-uses-ai-for-fraud-detection-launches-aadhaar-face-authentication/20260909.htm"",""https://uidai.gov.in/en/authentication""]","Not made; documentary relevance only except explicit named direction, whose implementation remains unverified",2026-10-05
govlink-frt-approach-sys-tn-police-frs,gov-frt-approach,sys-tn-police-frs,Draft technology-domain relevance,"Facial recognition/authentication overlaps discussion-paper scope; no binding duties, biometric equivalence or tool evaluation inferred.","[""gov-frt-approach-status"",""gov-frt-approach-scope""]","[""sys-tn-police-frs-field-01"",""sys-tn-police-frs-field-02"",""sys-tn-police-frs-field-06""]","[""grow-scale-058"",""grow-sr-009""]","[""https://cms.tn.gov.in/cms_migrated/document/docfiles/police_e_pn_2025_26.pdf"",""https://citizenmatters.in/facial-recognition-technology-in-chennai-police-concern-privacy/""]","Not made; documentary relevance only except explicit named direction, whose implementation remains unverified",2026-10-05
govlink-frt-approach-sys-tscop,gov-frt-approach,sys-tscop,Draft technology-domain relevance,"Facial recognition/authentication overlaps discussion-paper scope; no binding duties, biometric equivalence or tool evaluation inferred.","[""gov-frt-approach-status"",""gov-frt-approach-scope""]","[""sys-tscop-field-01"",""sys-tscop-field-02"",""sys-tscop-field-06""]","[""grow-sr-008""]","[""https://thefederal.com/analysis/facial-recognition-technology-storm-in-the-west-calm-in-india""]","Not made; documentary relevance only except explicit named direction, whose implementation remains unverified",2026-10-05
govlink-frt-approach-sys-plcs,gov-frt-approach,sys-plcs,Draft technology-domain relevance,"Facial recognition/authentication overlaps discussion-paper scope; no binding duties, biometric equivalence or tool evaluation inferred.","[""gov-frt-approach-status"",""gov-frt-approach-scope""]","[""sys-plcs-field-01"",""sys-plcs-field-02"",""sys-plcs-field-06""]","[""reg-plcs"",""reg-plcs-faq"",""reg-telangana-esd""]","[""https://indiaai.gov.in/case-study/telangana-government-leveraging-the-power-of-ai-and-ml-for-pensioners"",""https://mgov.telangana.gov.in/faqnew.html"",""https://it.telangana.gov.in/initiatives/electronic-services-delivery/""]","Not made; documentary relevance only except explicit named direction, whose implementation remains unverified",2026-10-05
govlink-frt-approach-sys-poshan-frs,gov-frt-approach,sys-poshan-frs,Draft technology-domain relevance,"Facial recognition/authentication overlaps discussion-paper scope; no binding duties, biometric equivalence or tool evaluation inferred.","[""gov-frt-approach-status"",""gov-frt-approach-scope""]","[""sys-poshan-frs-field-01"",""sys-poshan-frs-field-02"",""sys-poshan-frs-field-06""]","[""grow-st-001""]","[""https://www.pib.gov.in/PressReleaseDetail.aspx?PRID=2247561&reg=3&lang=1""]","Not made; documentary relevance only except explicit named direction, whose implementation remains unverified",2026-10-05
govlink-aadhaar-regulations-sys-aadhaar-face,gov-aadhaar-regulations,sys-aadhaar-face,Named service and statutory-domain relevance,Aadhaar authentication service is within the named regulations' subject; requesting-entity roles and all provision-level obligations still require factual assessment.,"[""gov-aadhaar-regulations-status"",""gov-aadhaar-regulations-scope""]","[""sys-aadhaar-face-field-01"",""sys-aadhaar-face-field-02"",""sys-aadhaar-face-field-06""]","[""ext-double-006"",""ext-extra-023""]","[""https://www.rediff.com/business/report/uidai-uses-ai-for-fraud-detection-launches-aadhaar-face-authentication/20260909.htm"",""https://uidai.gov.in/en/authentication""]","Not made; documentary relevance only except explicit named direction, whose implementation remains unverified",2026-10-05
govlink-dpdp-act-sys-poshan-frs,gov-dpdp-act,sys-poshan-frs,Conditional cross-cutting relevance,"Registry describes personal/biometric/health/customer data. DPDP scope, exemptions, fiduciary designation and staged commencement must be established; no complete current compliance obligation inferred.","[""gov-dpdp-act-status"",""gov-dpdp-act-scope""]","[""sys-poshan-frs-field-01"",""sys-poshan-frs-field-02"",""sys-poshan-frs-field-06""]","[""grow-st-001""]","[""https://www.pib.gov.in/PressReleaseDetail.aspx?PRID=2247561&reg=3&lang=1""]","Not made; documentary relevance only except explicit named direction, whose implementation remains unverified",2026-10-05
govlink-dpdp-act-sys-aadhaar-face,gov-dpdp-act,sys-aadhaar-face,Conditional cross-cutting relevance,"Registry describes personal/biometric/health/customer data. DPDP scope, exemptions, fiduciary designation and staged commencement must be established; no complete current compliance obligation inferred.","[""gov-dpdp-act-status"",""gov-dpdp-act-scope""]","[""sys-aadhaar-face-field-01"",""sys-aadhaar-face-field-02"",""sys-aadhaar-face-field-06""]","[""ext-double-006"",""ext-extra-023""]","[""https://www.rediff.com/business/report/uidai-uses-ai-for-fraud-detection-launches-aadhaar-face-authentication/20260909.htm"",""https://uidai.gov.in/en/authentication""]","Not made; documentary relevance only except explicit named direction, whose implementation remains unverified",2026-10-05
govlink-dpdp-act-sys-mahacrimeos,gov-dpdp-act,sys-mahacrimeos,Conditional cross-cutting relevance,"Registry describes personal/biometric/health/customer data. DPDP scope, exemptions, fiduciary designation and staged commencement must be established; no complete current compliance obligation inferred.","[""gov-dpdp-act-status"",""gov-dpdp-act-scope""]","[""sys-mahacrimeos-field-01"",""sys-mahacrimeos-field-02"",""sys-mahacrimeos-field-06""]","[""service-police-summary"",""service-police-vendor""]","[""https://www.microsoft.com/en-in/aifirstmovers/FY26CrimeOS"",""https://news.microsoft.com/source/asia/features/a-race-against-time-maharashtra-police-get-an-ai-copilot-to-fight-cybercrime/""]","Not made; documentary relevance only except explicit named direction, whose implementation remains unverified",2026-10-05
govlink-dpdp-act-sys-mulehunter,gov-dpdp-act,sys-mulehunter,Conditional cross-cutting relevance,"Registry describes personal/biometric/health/customer data. DPDP scope, exemptions, fiduciary designation and staged commencement must be established; no complete current compliance obligation inferred.","[""gov-dpdp-act-status"",""gov-dpdp-act-scope""]","[""sys-mulehunter-field-01"",""sys-mulehunter-field-02"",""sys-mulehunter-field-06""]","[""grow-scale-001""]","[""https://docs.rbihub.in/mule-hunter""]","Not made; documentary relevance only except explicit named direction, whose implementation remains unverified",2026-10-05
govlink-dpdp-act-sys-epaarvai,gov-dpdp-act,sys-epaarvai,Conditional cross-cutting relevance,"Registry describes personal/biometric/health/customer data. DPDP scope, exemptions, fiduciary designation and staged commencement must be established; no complete current compliance obligation inferred.","[""gov-dpdp-act-status"",""gov-dpdp-act-scope""]","[""sys-epaarvai-field-01"",""sys-epaarvai-field-02"",""sys-epaarvai-field-06""]","[""reg-paarvai-listing"",""reg-paarvai-state-case""]","[""https://play.google.com/store/apps/details?id=com.codevector.cataract_detection_app&hl=en_US"",""https://abhinavpahal.nic.in/uploads/jiRLj8ssnLClarity%20in%20Governance%20Heralds%20Clear%20Vision.pdf""]","Not made; documentary relevance only except explicit named direction, whose implementation remains unverified",2026-10-05
govlink-dpdp-act-sys-sia,gov-dpdp-act,sys-sia,Conditional cross-cutting relevance,"Registry describes personal/biometric/health/customer data. DPDP scope, exemptions, fiduciary designation and staged commencement must be established; no complete current compliance obligation inferred.","[""gov-dpdp-act-status"",""gov-dpdp-act-scope""]","[""sys-sia-field-01"",""sys-sia-field-02"",""sys-sia-field-06""]","[""grow-scale-002""]","[""https://indiaai.gov.in/company/state-bank-of-india""]","Not made; documentary relevance only except explicit named direction, whose implementation remains unverified",2026-10-05
govlink-dpdp-rules-sys-poshan-frs,gov-dpdp-rules,sys-poshan-frs,Conditional cross-cutting relevance,Relevant only if processing and entity fall within applicable Act/Rules scope. Most substantive rules have delayed commencement; no SDF designation or present annual audit duty inferred.,"[""gov-dpdp-rules-status"",""gov-dpdp-rules-scope""]","[""sys-poshan-frs-field-01"",""sys-poshan-frs-field-02"",""sys-poshan-frs-field-06""]","[""grow-st-001""]","[""https://www.pib.gov.in/PressReleaseDetail.aspx?PRID=2247561&reg=3&lang=1""]","Not made; documentary relevance only except explicit named direction, whose implementation remains unverified",2026-10-05
govlink-dpdp-rules-sys-aadhaar-face,gov-dpdp-rules,sys-aadhaar-face,Conditional cross-cutting relevance,Relevant only if processing and entity fall within applicable Act/Rules scope. Most substantive rules have delayed commencement; no SDF designation or present annual audit duty inferred.,"[""gov-dpdp-rules-status"",""gov-dpdp-rules-scope""]","[""sys-aadhaar-face-field-01"",""sys-aadhaar-face-field-02"",""sys-aadhaar-face-field-06""]","[""ext-double-006"",""ext-extra-023""]","[""https://www.rediff.com/business/report/uidai-uses-ai-for-fraud-detection-launches-aadhaar-face-authentication/20260909.htm"",""https://uidai.gov.in/en/authentication""]","Not made; documentary relevance only except explicit named direction, whose implementation remains unverified",2026-10-05
govlink-dpdp-rules-sys-mahacrimeos,gov-dpdp-rules,sys-mahacrimeos,Conditional cross-cutting relevance,Relevant only if processing and entity fall within applicable Act/Rules scope. Most substantive rules have delayed commencement; no SDF designation or present annual audit duty inferred.,"[""gov-dpdp-rules-status"",""gov-dpdp-rules-scope""]","[""sys-mahacrimeos-field-01"",""sys-mahacrimeos-field-02"",""sys-mahacrimeos-field-06""]","[""service-police-summary"",""service-police-vendor""]","[""https://www.microsoft.com/en-in/aifirstmovers/FY26CrimeOS"",""https://news.microsoft.com/source/asia/features/a-race-against-time-maharashtra-police-get-an-ai-copilot-to-fight-cybercrime/""]","Not made; documentary relevance only except explicit named direction, whose implementation remains unverified",2026-10-05
govlink-dpdp-rules-sys-mulehunter,gov-dpdp-rules,sys-mulehunter,Conditional cross-cutting relevance,Relevant only if processing and entity fall within applicable Act/Rules scope. Most substantive rules have delayed commencement; no SDF designation or present annual audit duty inferred.,"[""gov-dpdp-rules-status"",""gov-dpdp-rules-scope""]","[""sys-mulehunter-field-01"",""sys-mulehunter-field-02"",""sys-mulehunter-field-06""]","[""grow-scale-001""]","[""https://docs.rbihub.in/mule-hunter""]","Not made; documentary relevance only except explicit named direction, whose implementation remains unverified",2026-10-05
govlink-dpdp-rules-sys-epaarvai,gov-dpdp-rules,sys-epaarvai,Conditional cross-cutting relevance,Relevant only if processing and entity fall within applicable Act/Rules scope. Most substantive rules have delayed commencement; no SDF designation or present annual audit duty inferred.,"[""gov-dpdp-rules-status"",""gov-dpdp-rules-scope""]","[""sys-epaarvai-field-01"",""sys-epaarvai-field-02"",""sys-epaarvai-field-06""]","[""reg-paarvai-listing"",""reg-paarvai-state-case""]","[""https://play.google.com/store/apps/details?id=com.codevector.cataract_detection_app&hl=en_US"",""https://abhinavpahal.nic.in/uploads/jiRLj8ssnLClarity%20in%20Governance%20Heralds%20Clear%20Vision.pdf""]","Not made; documentary relevance only except explicit named direction, whose implementation remains unverified",2026-10-05
govlink-dpdp-rules-sys-sia,gov-dpdp-rules,sys-sia,Conditional cross-cutting relevance,Relevant only if processing and entity fall within applicable Act/Rules scope. Most substantive rules have delayed commencement; no SDF designation or present annual audit duty inferred.,"[""gov-dpdp-rules-status"",""gov-dpdp-rules-scope""]","[""sys-sia-field-01"",""sys-sia-field-02"",""sys-sia-field-06""]","[""grow-scale-002""]","[""https://indiaai.gov.in/company/state-bank-of-india""]","Not made; documentary relevance only except explicit named direction, whose implementation remains unverified",2026-10-05
govlink-icmr-ai-sys-esanjeevani,gov-icmr-ai,sys-esanjeevani,Clinical domain relevance; limited text,Medical research/clinical AI overlaps official guideline outline; detailed obligations and implementation are unreviewed.,"[""gov-icmr-ai-status"",""gov-icmr-ai-scope""]","[""sys-esanjeevani-field-01"",""sys-esanjeevani-field-02"",""sys-esanjeevani-field-06""]","[""service-health-developer-submission"",""service-health-implementation-study"",""service-health-parliament"",""service-health-platform"",""service-health-privacy""]","[""https://solve.mit.edu/solutions/73043"",""https://doi.org/10.1101/2025.11.22.25340800"",""https://sansad.in/getFile/lsapps/loksabhaquestions/annex/188/AS284_ZZWF4R.pdf?source=lsapps"",""https://cdac.in/index.aspx?id=product_details&productId=eSanjeevaniNationalTelemedicineService"",""https://esanjeevani.mohfw.gov.in/assets/guidelines/esanjeevani2.0_Private_Policy.pdf""]","Not made; documentary relevance only except explicit named direction, whose implementation remains unverified",2026-10-05
govlink-icmr-ai-sys-epaarvai,gov-icmr-ai,sys-epaarvai,Clinical domain relevance; limited text,Medical research/clinical AI overlaps official guideline outline; detailed obligations and implementation are unreviewed.,"[""gov-icmr-ai-status"",""gov-icmr-ai-scope""]","[""sys-epaarvai-field-01"",""sys-epaarvai-field-02"",""sys-epaarvai-field-06""]","[""reg-paarvai-listing"",""reg-paarvai-state-case""]","[""https://play.google.com/store/apps/details?id=com.codevector.cataract_detection_app&hl=en_US"",""https://abhinavpahal.nic.in/uploads/jiRLj8ssnLClarity%20in%20Governance%20Heralds%20Clear%20Vision.pdf""]","Not made; documentary relevance only except explicit named direction, whose implementation remains unverified",2026-10-05
govlink-icmr-ai-sys-bmc-tb,gov-icmr-ai,sys-bmc-tb,Clinical domain relevance; limited text,Medical research/clinical AI overlaps official guideline outline; detailed obligations and implementation are unreviewed.,"[""gov-icmr-ai-status"",""gov-icmr-ai-scope""]","[""sys-bmc-tb-field-01"",""sys-bmc-tb-field-02"",""sys-bmc-tb-field-06""]","[""reg-qxr-bmc""]","[""https://indiaai.gov.in/news/this-ai-software-detects-tuberculosis-in-asymptomatic-patients-in-the-early-stage""]","Not made; documentary relevance only except explicit named direction, whose implementation remains unverified",2026-10-05
govlink-icmr-ai-sys-ioncology,gov-icmr-ai,sys-ioncology,Clinical domain relevance; limited text,Medical research/clinical AI overlaps official guideline outline; detailed obligations and implementation are unreviewed.,"[""gov-icmr-ai-status"",""gov-icmr-ai-scope""]","[""sys-ioncology-field-01"",""sys-ioncology-field-02"",""sys-ioncology-field-06""]","[""ext-extra-019""]","[""https://health.economictimes.indiatimes.com/news/health-it/indian-ai-platform-for-cancer-care-featured-in-brics-health-journal/134250031""]","Not made; documentary relevance only except explicit named direction, whose implementation remains unverified",2026-10-05
govlink-telemedicine-sys-esanjeevani,gov-telemedicine,sys-esanjeevani,Institution/service-domain relevance,National telemedicine service overlaps professional guidelines; current incorporation/enforcement and model workflow require verification.,"[""gov-telemedicine-status"",""gov-telemedicine-scope""]","[""sys-esanjeevani-field-01"",""sys-esanjeevani-field-02"",""sys-esanjeevani-field-06""]","[""service-health-developer-submission"",""service-health-implementation-study"",""service-health-parliament"",""service-health-platform"",""service-health-privacy""]","[""https://solve.mit.edu/solutions/73043"",""https://doi.org/10.1101/2025.11.22.25340800"",""https://sansad.in/getFile/lsapps/loksabhaquestions/annex/188/AS284_ZZWF4R.pdf?source=lsapps"",""https://cdac.in/index.aspx?id=product_details&productId=eSanjeevaniNationalTelemedicineService"",""https://esanjeevani.mohfw.gov.in/assets/guidelines/esanjeevani2.0_Private_Policy.pdf""]","Not made; documentary relevance only except explicit named direction, whose implementation remains unverified",2026-10-05
govlink-medical-software-sys-esanjeevani,gov-medical-software,sys-esanjeevani,Conditional regulatory-domain relevance,"Software must meet the medical-device definition and intended-use criteria; inclusion is not classification, licensing or approval of these tools.","[""gov-medical-software-status"",""gov-medical-software-scope""]","[""sys-esanjeevani-field-01"",""sys-esanjeevani-field-02"",""sys-esanjeevani-field-06""]","[""service-health-developer-submission"",""service-health-implementation-study"",""service-health-parliament"",""service-health-platform"",""service-health-privacy""]","[""https://solve.mit.edu/solutions/73043"",""https://doi.org/10.1101/2025.11.22.25340800"",""https://sansad.in/getFile/lsapps/loksabhaquestions/annex/188/AS284_ZZWF4R.pdf?source=lsapps"",""https://cdac.in/index.aspx?id=product_details&productId=eSanjeevaniNationalTelemedicineService"",""https://esanjeevani.mohfw.gov.in/assets/guidelines/esanjeevani2.0_Private_Policy.pdf""]","Not made; documentary relevance only except explicit named direction, whose implementation remains unverified",2026-10-05
govlink-medical-software-sys-epaarvai,gov-medical-software,sys-epaarvai,Conditional regulatory-domain relevance,"Software must meet the medical-device definition and intended-use criteria; inclusion is not classification, licensing or approval of these tools.","[""gov-medical-software-status"",""gov-medical-software-scope""]","[""sys-epaarvai-field-01"",""sys-epaarvai-field-02"",""sys-epaarvai-field-06""]","[""reg-paarvai-listing"",""reg-paarvai-state-case""]","[""https://play.google.com/store/apps/details?id=com.codevector.cataract_detection_app&hl=en_US"",""https://abhinavpahal.nic.in/uploads/jiRLj8ssnLClarity%20in%20Governance%20Heralds%20Clear%20Vision.pdf""]","Not made; documentary relevance only except explicit named direction, whose implementation remains unverified",2026-10-05
govlink-medical-software-sys-bmc-tb,gov-medical-software,sys-bmc-tb,Conditional regulatory-domain relevance,"Software must meet the medical-device definition and intended-use criteria; inclusion is not classification, licensing or approval of these tools.","[""gov-medical-software-status"",""gov-medical-software-scope""]","[""sys-bmc-tb-field-01"",""sys-bmc-tb-field-02"",""sys-bmc-tb-field-06""]","[""reg-qxr-bmc""]","[""https://indiaai.gov.in/news/this-ai-software-detects-tuberculosis-in-asymptomatic-patients-in-the-early-stage""]","Not made; documentary relevance only except explicit named direction, whose implementation remains unverified",2026-10-05
govlink-medical-software-sys-ioncology,gov-medical-software,sys-ioncology,Conditional regulatory-domain relevance,"Software must meet the medical-device definition and intended-use criteria; inclusion is not classification, licensing or approval of these tools.","[""gov-medical-software-status"",""gov-medical-software-scope""]","[""sys-ioncology-field-01"",""sys-ioncology-field-02"",""sys-ioncology-field-06""]","[""ext-extra-019""]","[""https://health.economictimes.indiatimes.com/news/health-it/indian-ai-platform-for-cancer-care-featured-in-brics-health-journal/134250031""]","Not made; documentary relevance only except explicit named direction, whose implementation remains unverified",2026-10-05
govlink-rbi-freeai-sys-mulehunter,gov-rbi-freeai,sys-mulehunter,Financial-sector recommendation relevance,Banking/fraud tools overlap report scope; committee recommendations are not an adopted RBI Master Direction or evidence of bank compliance.,"[""gov-rbi-freeai-status"",""gov-rbi-freeai-scope""]","[""sys-mulehunter-field-01"",""sys-mulehunter-field-02"",""sys-mulehunter-field-06""]","[""grow-scale-001""]","[""https://docs.rbihub.in/mule-hunter""]","Not made; documentary relevance only except explicit named direction, whose implementation remains unverified",2026-10-05
govlink-rbi-freeai-sys-sia,gov-rbi-freeai,sys-sia,Financial-sector recommendation relevance,Banking/fraud tools overlap report scope; committee recommendations are not an adopted RBI Master Direction or evidence of bank compliance.,"[""gov-rbi-freeai-status"",""gov-rbi-freeai-scope""]","[""sys-sia-field-01"",""sys-sia-field-02"",""sys-sia-field-06""]","[""grow-scale-002""]","[""https://indiaai.gov.in/company/state-bank-of-india""]","Not made; documentary relevance only except explicit named direction, whose implementation remains unverified",2026-10-05
govlink-rbi-freeai-sys-aditi,gov-rbi-freeai,sys-aditi,Financial-sector recommendation relevance,Banking/fraud tools overlap report scope; committee recommendations are not an adopted RBI Master Direction or evidence of bank compliance.,"[""gov-rbi-freeai-status"",""gov-rbi-freeai-scope""]","[""sys-aditi-field-01"",""sys-aditi-field-02"",""sys-aditi-field-06""]","[""grow-sx-006""]","[""https://www.psuconnect.in/bank-news/bank-of-baroda-marks-its-119th-foundation-day""]","Not made; documentary relevance only except explicit named direction, whose implementation remains unverified",2026-10-05
govlink-rbi-freeai-sys-pihu,gov-rbi-freeai,sys-pihu,Financial-sector recommendation relevance,Banking/fraud tools overlap report scope; committee recommendations are not an adopted RBI Master Direction or evidence of bank compliance.,"[""gov-rbi-freeai-status"",""gov-rbi-freeai-scope""]","[""sys-pihu-field-01"",""sys-pihu-field-02"",""sys-pihu-field-06""]","[""grow-scale-004""]","[""https://pnb.bank.in/Pihu-AIBotSite.html""]","Not made; documentary relevance only except explicit named direction, whose implementation remains unverified",2026-10-05
govlink-rbi-freeai-sys-adya,gov-rbi-freeai,sys-adya,Financial-sector recommendation relevance,Banking/fraud tools overlap report scope; committee recommendations are not an adopted RBI Master Direction or evidence of bank compliance.,"[""gov-rbi-freeai-status"",""gov-rbi-freeai-scope""]","[""sys-adya-field-01"",""sys-adya-field-02"",""sys-adya-field-06""]","[""grow-scale-006""]","[""https://indianbank.bank.in/documents/d/guest/indian-bank-launches-new-vision-mission-statement-of-the-bank""]","Not made; documentary relevance only except explicit named direction, whose implementation remains unverified",2026-10-05
govlink-rbi-freeai-sys-uday,gov-rbi-freeai,sys-uday,Financial-sector recommendation relevance,Banking/fraud tools overlap report scope; committee recommendations are not an adopted RBI Master Direction or evidence of bank compliance.,"[""gov-rbi-freeai-status"",""gov-rbi-freeai-scope""]","[""sys-uday-field-01"",""sys-uday-field-02"",""sys-uday-field-06""]","[""grow-sx-002""]","[""https://uco.bank.in/documents/d/guest/transcript-q1fy27""]","Not made; documentary relevance only except explicit named direction, whose implementation remains unverified",2026-10-05
govlink-rbi-freeai-sys-iob-buddy,gov-rbi-freeai,sys-iob-buddy,Financial-sector recommendation relevance,Banking/fraud tools overlap report scope; committee recommendations are not an adopted RBI Master Direction or evidence of bank compliance.,"[""gov-rbi-freeai-status"",""gov-rbi-freeai-scope""]","[""sys-iob-buddy-field-01"",""sys-iob-buddy-field-02"",""sys-iob-buddy-field-06""]","[""grow-sc-006""]","[""https://www.indiainfoline.com/company/indian-overseas-bank/management-discussions""]","Not made; documentary relevance only except explicit named direction, whose implementation remains unverified",2026-10-05
govlink-gfr-procurement-sys-upsc,gov-gfr-procurement,sys-upsc,Conditional institutional procurement relevance,Central public procurement is potentially governed by GFR subject to entity/procurement-specific scope and exemptions; no particular contract or procurement route inferred.,"[""gov-gfr-procurement-status"",""gov-gfr-procurement-scope""]","[""sys-upsc-field-01"",""sys-upsc-field-02"",""sys-upsc-field-06""]","[""service-upsc-live"",""service-upsc-october""]","[""https://www.pib.gov.in/PressReleasePage.aspx?PRID=2268879&reg=3&lang=1"",""https://www.pib.gov.in/PressReleaseDetail.aspx?PRID=2317336&reg=48&lang=1""]","Not made; documentary relevance only except explicit named direction, whose implementation remains unverified",2026-10-05
govlink-gfr-procurement-sys-cyberguard,gov-gfr-procurement,sys-cyberguard,Conditional institutional procurement relevance,Central public procurement is potentially governed by GFR subject to entity/procurement-specific scope and exemptions; no particular contract or procurement route inferred.,"[""gov-gfr-procurement-status"",""gov-gfr-procurement-scope""]","[""sys-cyberguard-field-01"",""sys-cyberguard-field-02"",""sys-cyberguard-field-06""]","[""service-cyber-winners""]","[""https://www.pib.gov.in/PressReleasePage.aspx?PRID=2132817&reg=3&lang=1""]","Not made; documentary relevance only except explicit named direction, whose implementation remains unverified",2026-10-05
govlink-gfr-procurement-sys-cag-paras,gov-gfr-procurement,sys-cag-paras,Conditional institutional procurement relevance,Central public procurement is potentially governed by GFR subject to entity/procurement-specific scope and exemptions; no particular contract or procurement route inferred.,"[""gov-gfr-procurement-status"",""gov-gfr-procurement-scope""]","[""sys-cag-paras-field-01"",""sys-cag-paras-field-02"",""sys-cag-paras-field-06""]","[""grow-sc-005""]","[""https://cag.gov.in/uploads/tenders/tenders-EOI-for-Establishment-of-Sovereign-AI-Platform-for-CAG-of-India-069fb031304a1b8-89068885.pdf""]","Not made; documentary relevance only except explicit named direction, whose implementation remains unverified",2026-10-05
govlink-gfr-procurement-sys-cag-parakh,gov-gfr-procurement,sys-cag-parakh,Conditional institutional procurement relevance,Central public procurement is potentially governed by GFR subject to entity/procurement-specific scope and exemptions; no particular contract or procurement route inferred.,"[""gov-gfr-procurement-status"",""gov-gfr-procurement-scope""]","[""sys-cag-parakh-field-01"",""sys-cag-parakh-field-02"",""sys-cag-parakh-field-06""]","[""grow-scale-040""]","[""https://cag.gov.in/uploads/media/Data-Led-audit-Related-Office-Order-069a679d6b140b7-07154746.pdf""]","Not made; documentary relevance only except explicit named direction, whose implementation remains unverified",2026-10-05
govlink-cert-directions-sys-cyberguard,gov-cert-directions,sys-cyberguard,Conditional cybersecurity relevance,"Cybersecurity/public ICT domain overlaps directions; entity-specific reporting scope, incidents and actual compliance not established.","[""gov-cert-directions-status"",""gov-cert-directions-scope""]","[""sys-cyberguard-field-01"",""sys-cyberguard-field-02"",""sys-cyberguard-field-06""]","[""service-cyber-winners""]","[""https://www.pib.gov.in/PressReleasePage.aspx?PRID=2132817&reg=3&lang=1""]","Not made; documentary relevance only except explicit named direction, whose implementation remains unverified",2026-10-05
govlink-cert-directions-sys-cyberwall,gov-cert-directions,sys-cyberwall,Conditional cybersecurity relevance,"Cybersecurity/public ICT domain overlaps directions; entity-specific reporting scope, incidents and actual compliance not established.","[""gov-cert-directions-status"",""gov-cert-directions-scope""]","[""sys-cyberwall-field-01"",""sys-cyberwall-field-02"",""sys-cyberwall-field-06""]","[""grow-scale-066""]","[""https://keralapolice.gov.in/page/cyberwall""]","Not made; documentary relevance only except explicit named direction, whose implementation remains unverified",2026-10-05
govlink-cert-directions-sys-cdot-trinetra,gov-cert-directions,sys-cdot-trinetra,Conditional cybersecurity relevance,"Cybersecurity/public ICT domain overlaps directions; entity-specific reporting scope, incidents and actual compliance not established.","[""gov-cert-directions-status"",""gov-cert-directions-scope""]","[""sys-cdot-trinetra-field-01"",""sys-cdot-trinetra-field-02"",""sys-cdot-trinetra-field-06""]","[""grow-scale-036"",""grow-scale-038""]","[""https://www.cdot.in/cdotweb/web/product_page.php?lang=en&catId=11&pId=77"",""https://www.pib.gov.in/PressReleasePage.aspx?PRID=2246442&reg=3&lang=1""]","Not made; documentary relevance only except explicit named direction, whose implementation remains unverified",2026-10-05
govlink-indiaai-mission-sys-bhashini,gov-indiaai-mission,sys-bhashini,Programme/ecosystem relevance,"Government AI infrastructure overlaps mission pillars; no exclusive programme ownership, budget attribution or award inferred.","[""gov-indiaai-mission-status"",""gov-indiaai-mission-scope""]","[""sys-bhashini-field-01"",""sys-bhashini-field-02"",""sys-bhashini-field-06""]","[""reg-cag-bhashini""]","[""https://www.pib.gov.in/PressReleasePage.aspx?PRID=2317011""]","Not made; documentary relevance only except explicit named direction, whose implementation remains unverified",2026-10-05
govlink-indiaai-mission-sys-bodh,gov-indiaai-mission,sys-bodh,Programme/ecosystem relevance,"Government AI infrastructure overlaps mission pillars; no exclusive programme ownership, budget attribution or award inferred.","[""gov-indiaai-mission-status"",""gov-indiaai-mission-scope""]","[""sys-bodh-field-01"",""sys-bodh-field-02"",""sys-bodh-field-06""]","[""frame-health-sahi""]","[""https://www.pib.gov.in/PressReleasePage.aspx?PRID=2229226&reg=3&lang=1""]","Not made; documentary relevance only except explicit named direction, whose implementation remains unverified",2026-10-05
govlink-indiaai-mission-sys-bharatgen,gov-indiaai-mission,sys-bharatgen,Programme/ecosystem relevance,"Government AI infrastructure overlaps mission pillars; no exclusive programme ownership, budget attribution or award inferred.","[""gov-indiaai-mission-status"",""gov-indiaai-mission-scope""]","[""sys-bharatgen-field-01"",""sys-bharatgen-field-02"",""sys-bharatgen-field-06""]","[""grow-scale-047""]","[""https://www.pib.gov.in/PressReleaseDetail.aspx?PRID=2229273&reg=48&lang=1""]","Not made; documentary relevance only except explicit named direction, whose implementation remains unverified",2026-10-05
govlink-ai-guidelines-sys-poshan-frs,gov-ai-guidelines,sys-poshan-frs,National governance recommendation relevance,These sectoral AI uses overlap national governance principles; no new statutory audit/appeal duty or regulator finding inferred.,"[""gov-ai-guidelines-status"",""gov-ai-guidelines-scope""]","[""sys-poshan-frs-field-01"",""sys-poshan-frs-field-02"",""sys-poshan-frs-field-06""]","[""grow-st-001""]","[""https://www.pib.gov.in/PressReleaseDetail.aspx?PRID=2247561&reg=3&lang=1""]","Not made; documentary relevance only except explicit named direction, whose implementation remains unverified",2026-10-05
govlink-ai-guidelines-sys-mulehunter,gov-ai-guidelines,sys-mulehunter,National governance recommendation relevance,These sectoral AI uses overlap national governance principles; no new statutory audit/appeal duty or regulator finding inferred.,"[""gov-ai-guidelines-status"",""gov-ai-guidelines-scope""]","[""sys-mulehunter-field-01"",""sys-mulehunter-field-02"",""sys-mulehunter-field-06""]","[""grow-scale-001""]","[""https://docs.rbihub.in/mule-hunter""]","Not made; documentary relevance only except explicit named direction, whose implementation remains unverified",2026-10-05
govlink-ai-guidelines-sys-adalat-ai,gov-ai-guidelines,sys-adalat-ai,National governance recommendation relevance,These sectoral AI uses overlap national governance principles; no new statutory audit/appeal duty or regulator finding inferred.,"[""gov-ai-guidelines-status"",""gov-ai-guidelines-scope""]","[""sys-adalat-ai-field-01"",""sys-adalat-ai-field-02"",""sys-adalat-ai-field-06""]","[""grow-sr-017""]","[""https://aphc.gov.in/docs/notification_1785225296_0.pdf""]","Not made; documentary relevance only except explicit named direction, whose implementation remains unverified",2026-10-05
govlink-ai-guidelines-sys-mahacrimeos,gov-ai-guidelines,sys-mahacrimeos,National governance recommendation relevance,These sectoral AI uses overlap national governance principles; no new statutory audit/appeal duty or regulator finding inferred.,"[""gov-ai-guidelines-status"",""gov-ai-guidelines-scope""]","[""sys-mahacrimeos-field-01"",""sys-mahacrimeos-field-02"",""sys-mahacrimeos-field-06""]","[""service-police-summary"",""service-police-vendor""]","[""https://www.microsoft.com/en-in/aifirstmovers/FY26CrimeOS"",""https://news.microsoft.com/source/asia/features/a-race-against-time-maharashtra-police-get-an-ai-copilot-to-fight-cybercrime/""]","Not made; documentary relevance only except explicit named direction, whose implementation remains unverified",2026-10-05
govlink-ai-guidelines-sys-shiksha-copilot,gov-ai-guidelines,sys-shiksha-copilot,National governance recommendation relevance,These sectoral AI uses overlap national governance principles; no new statutory audit/appeal duty or regulator finding inferred.,"[""gov-ai-guidelines-status"",""gov-ai-guidelines-scope""]","[""sys-shiksha-copilot-field-01"",""sys-shiksha-copilot-field-02"",""sys-shiksha-copilot-field-06""]","[""grow-sr-001"",""grow-sr-002""]","[""https://indianexpress.com/article/cities/bangalore/karnataka-govt-shiksha-copilot-generative-ai-assistant-teachers-lesson-plans-students-9627129/"",""https://www.microsoft.com/en-us/research/publication/teacher-ai-collaboration-for-curating-and-customizing-lesson-plans-in-low-resource-schools/""]","Not made; documentary relevance only except explicit named direction, whose implementation remains unverified",2026-10-05
