final_provision,draft_counterpart,reviewed_observation_with_source_links
Rule 1,Rule 1,Blank date replaced by phased commencement; later corrigendum affects terminology. Timing change. [Draft](https://www.meity.gov.in/static/uploads/2025/02/f8a8e97a91091543fe19139cac7514a1.pdf) [Final](https://www.meity.gov.in/static/uploads/2025/11/53450e6e5dc0bfa85ebd78686cadad39.pdf)
Rule 2,Rule 2 and dispersed definitions,"Named definitions assembled, including user account and verifiable consent. Consolidation, not evidence that the concepts are all new. [Draft](https://www.meity.gov.in/static/uploads/2025/02/f8a8e97a91091543fe19139cac7514a1.pdf) [Final](https://www.meity.gov.in/static/uploads/2025/11/53450e6e5dc0bfa85ebd78686cadad39.pdf)"
Rule 3,Rule 3,Purpose pluralization and itemised-to-specific service-description wording; data list remains itemised. Wording/scope review. [Draft](https://www.meity.gov.in/static/uploads/2025/02/f8a8e97a91091543fe19139cac7514a1.pdf) [Final](https://www.meity.gov.in/static/uploads/2025/11/53450e6e5dc0bfa85ebd78686cadad39.pdf)
Rule 4,Rule 4,"Registration, obligations, inquiry and suspension/cancellation structure retained; commencement handled separately. No material body change identified. [Draft](https://www.meity.gov.in/static/uploads/2025/02/f8a8e97a91091543fe19139cac7514a1.pdf) [Final](https://www.meity.gov.in/static/uploads/2025/11/53450e6e5dc0bfa85ebd78686cadad39.pdf)"
Rule 5,Rule 5,Express section 7(b) enabling sentence removed; schedule-compliance duty retained and sub-rules rearranged. Restructure; statutory limits still need reading. [Draft](https://www.meity.gov.in/static/uploads/2025/02/f8a8e97a91091543fe19139cac7514a1.pdf) [Final](https://www.meity.gov.in/static/uploads/2025/11/53450e6e5dc0bfa85ebd78686cadad39.pdf)
Rule 6,Rule 6,Applicability qualifiers and illustrative wording added; one-year security-purpose provision retained. Qualified obligation. [Draft](https://www.meity.gov.in/static/uploads/2025/02/f8a8e97a91091543fe19139cac7514a1.pdf) [Final](https://www.meity.gov.in/static/uploads/2025/11/53450e6e5dc0bfa85ebd78686cadad39.pdf)
Rule 7,Rule 7,"Location removed from individual-notice description, retained for Board; user-account definition relocated. Recipient-specific deletion plus consolidation. [Draft](https://www.meity.gov.in/static/uploads/2025/02/f8a8e97a91091543fe19139cac7514a1.pdf) [Final](https://www.meity.gov.in/static/uploads/2025/11/53450e6e5dc0bfa85ebd78686cadad39.pdf)"
Rule 8,Rule 8,New general retention floor and examples; sub-rule (1) adds “or” and rearranges conditional syntax. Addition; conditional wording requires legal review. [Draft](https://www.meity.gov.in/static/uploads/2025/02/f8a8e97a91091543fe19139cac7514a1.pdf) [Final](https://www.meity.gov.in/static/uploads/2025/11/53450e6e5dc0bfa85ebd78686cadad39.pdf)
Rule 9,Rule 9,Publication of contact information and inclusion in rights responses retained. No material change identified. [Draft](https://www.meity.gov.in/static/uploads/2025/02/f8a8e97a91091543fe19139cac7514a1.pdf) [Final](https://www.meity.gov.in/static/uploads/2025/11/53450e6e5dc0bfa85ebd78686cadad39.pdf)
Rule 10,Child portion of rule 10,Child-only rule; authorized-entity definition uses issuance instead of maintenance; examples clarify parent's identity and adulthood. Split and verification wording. [Draft](https://www.meity.gov.in/static/uploads/2025/02/f8a8e97a91091543fe19139cac7514a1.pdf) [Final](https://www.meity.gov.in/static/uploads/2025/11/53450e6e5dc0bfa85ebd78686cadad39.pdf)
Rule 11,Disability portion of rule 10,Separate rule and added inability-despite-support condition in the second definition limb. Split and scope condition. [Draft](https://www.meity.gov.in/static/uploads/2025/02/f8a8e97a91091543fe19139cac7514a1.pdf) [Final](https://www.meity.gov.in/static/uploads/2025/11/53450e6e5dc0bfa85ebd78686cadad39.pdf)
Rule 12,Rule 11,"Exemption mechanism retained, while Fourth Schedule changes materially. Renumbered body; linked schedule change. [Draft](https://www.meity.gov.in/static/uploads/2025/02/f8a8e97a91091543fe19139cac7514a1.pdf) [Final](https://www.meity.gov.in/static/uploads/2025/11/53450e6e5dc0bfa85ebd78686cadad39.pdf)"
Rule 13,Rule 12,Technical-measures scope broadened and committee composition specified; audit/DPIA structure retained. Broadened obligation and definition addition. [Draft](https://www.meity.gov.in/static/uploads/2025/02/f8a8e97a91091543fe19139cac7514a1.pdf) [Final](https://www.meity.gov.in/static/uploads/2025/11/53450e6e5dc0bfa85ebd78686cadad39.pdf)
Rule 14,Rule 13,"Prominent publication, broader rights-request wording, ninety-day grievance language, email/mobile identifiers; some “published” particulars become “required” particulars. Several mechanics changes. [Draft](https://www.meity.gov.in/static/uploads/2025/02/f8a8e97a91091543fe19139cac7514a1.pdf) [Final](https://www.meity.gov.in/static/uploads/2025/11/53450e6e5dc0bfa85ebd78686cadad39.pdf)"
Rule 15,Rule 14,"Transfers rephrased around data processed under Act; foreign-state availability condition retained. Scope/wording review, not automatic liberalization. [Draft](https://www.meity.gov.in/static/uploads/2025/02/f8a8e97a91091543fe19139cac7514a1.pdf) [Final](https://www.meity.gov.in/static/uploads/2025/11/53450e6e5dc0bfa85ebd78686cadad39.pdf)"
Rule 16,Rule 15,Research/archiving/statistics exemption rule substantially retained; read parent Act condition and changed standards. Continuity with dependency. [Draft](https://www.meity.gov.in/static/uploads/2025/02/f8a8e97a91091543fe19139cac7514a1.pdf) [Final](https://www.meity.gov.in/static/uploads/2025/11/53450e6e5dc0bfa85ebd78686cadad39.pdf)
Rule 17,Rule 16,"Vacancy/absence/constitution protection now refers to both selection committees, rather than just sub-rule (1). Governance scope clarification. [Draft](https://www.meity.gov.in/static/uploads/2025/02/f8a8e97a91091543fe19139cac7514a1.pdf) [Final](https://www.meity.gov.in/static/uploads/2025/11/53450e6e5dc0bfa85ebd78686cadad39.pdf)"
Rule 18,Rule 17,Service terms continue by reference to Fifth Schedule. No material body change identified. [Draft](https://www.meity.gov.in/static/uploads/2025/02/f8a8e97a91091543fe19139cac7514a1.pdf) [Final](https://www.meity.gov.in/static/uploads/2025/11/53450e6e5dc0bfa85ebd78686cadad39.pdf)
Rule 19,Rule 18,"Meetings, quorum, voting, ratification and inquiry periods retained. No material change identified. [Draft](https://www.meity.gov.in/static/uploads/2025/02/f8a8e97a91091543fe19139cac7514a1.pdf) [Final](https://www.meity.gov.in/static/uploads/2025/11/53450e6e5dc0bfa85ebd78686cadad39.pdf)"
Rule 20,Rule 19,Digital-office mechanism retained with grammatical rephrasing. No material change identified. [Draft](https://www.meity.gov.in/static/uploads/2025/02/f8a8e97a91091543fe19139cac7514a1.pdf) [Final](https://www.meity.gov.in/static/uploads/2025/11/53450e6e5dc0bfa85ebd78686cadad39.pdf)
Rule 21,Rule 20,Deletes express reference to appointment “in such manner” as government may specify by general/special order; prior approval retained. Procedural wording change. [Draft](https://www.meity.gov.in/static/uploads/2025/02/f8a8e97a91091543fe19139cac7514a1.pdf) [Final](https://www.meity.gov.in/static/uploads/2025/11/53450e6e5dc0bfa85ebd78686cadad39.pdf)
Rule 22,Rule 21,"Digital filing recast; explicit website-publication references for procedure/payment system removed. Procedural transparency wording change, not proof publication will cease. [Draft](https://www.meity.gov.in/static/uploads/2025/02/f8a8e97a91091543fe19139cac7514a1.pdf) [Final](https://www.meity.gov.in/static/uploads/2025/11/53450e6e5dc0bfa85ebd78686cadad39.pdf)"
Rule 23,Rule 22,"Information-calling mechanism restructured, section 36 sentence deleted and intermediary definition added. Later order-phrase correction. [Draft](https://www.meity.gov.in/static/uploads/2025/02/f8a8e97a91091543fe19139cac7514a1.pdf) [Final](https://www.meity.gov.in/static/uploads/2025/11/53450e6e5dc0bfa85ebd78686cadad39.pdf)"
First Schedule,First Schedule,"₹2 crore net-worth condition, registration framework and consent-manager obligations retained; print errors corrected later. No material framework change identified. [Draft](https://www.meity.gov.in/static/uploads/2025/02/f8a8e97a91091543fe19139cac7514a1.pdf) [Final](https://www.meity.gov.in/static/uploads/2025/11/53450e6e5dc0bfa85ebd78686cadad39.pdf)"
Second Schedule,Second Schedule,Completeness and consistency added alongside accuracy. Quality-standard expansion and updated cross-references. [Draft](https://www.meity.gov.in/static/uploads/2025/02/f8a8e97a91091543fe19139cac7514a1.pdf) [Final](https://www.meity.gov.in/static/uploads/2025/11/53450e6e5dc0bfa85ebd78686cadad39.pdf)
Third Schedule,Third Schedule,"Classes, thresholds, exceptions and three-year formula retained; social-media definition switches to incorporation of 2021 IT Rules definition. Definition-source change; cell order is not substance. [Draft](https://www.meity.gov.in/static/uploads/2025/02/f8a8e97a91091543fe19139cac7514a1.pdf) [Final](https://www.meity.gov.in/static/uploads/2025/11/53450e6e5dc0bfa85ebd78686cadad39.pdf)"
Fourth Schedule,Fourth Schedule,Location purpose added; detrimental information scope extends to services/ads; clinical-establishment definition loses express armed-forces extension and incorporates statutory definition; other definition references refined. Material and definition changes. [Draft](https://www.meity.gov.in/static/uploads/2025/02/f8a8e97a91091543fe19139cac7514a1.pdf) [Final](https://www.meity.gov.in/static/uploads/2025/11/53450e6e5dc0bfa85ebd78686cadad39.pdf)
Fifth Schedule,Fifth Schedule,Salary and service-benefit structure retained; cross-reference and minor wording changes. No material change identified. [Draft](https://www.meity.gov.in/static/uploads/2025/02/f8a8e97a91091543fe19139cac7514a1.pdf) [Final](https://www.meity.gov.in/static/uploads/2025/11/53450e6e5dc0bfa85ebd78686cadad39.pdf)
Sixth Schedule,Sixth Schedule,Deputation and service-term structure retained; associated rule reference updated. No material change identified. [Draft](https://www.meity.gov.in/static/uploads/2025/02/f8a8e97a91091543fe19139cac7514a1.pdf) [Final](https://www.meity.gov.in/static/uploads/2025/11/53450e6e5dc0bfa85ebd78686cadad39.pdf)
Seventh Schedule,Seventh Schedule,Adds rule 8(3) linkage; State-use entry expressly says personal data of a Data Principal; first entry specifies section 17(2)(a). Dependency and precision changes. [Draft](https://www.meity.gov.in/static/uploads/2025/02/f8a8e97a91091543fe19139cac7514a1.pdf) [Final](https://www.meity.gov.in/static/uploads/2025/11/53450e6e5dc0bfa85ebd78686cadad39.pdf)
