assertion_id,system_id,field,value,evidence_status,checked_date,coding_basis
sys-advait-field-01,sys-advait,Owner & purpose,CBIC's indirect-tax analytics project.,Documented,2026-10-05,Single-analyst source coding; not operational audit
sys-advait-field-02,sys-advait,Decision role & affected people,Supports officers' tax-compliance and evasion-detection work; not proof of fully automated tax determinations.,Documented,2026-10-05,Single-analyst source coding; not operational audit
sys-advait-field-03,sys-advait,Deployment & date,Rollout in 2021 stated by government in March 2023.,Documented,2026-10-05,Single-analyst source coding; not operational audit
sys-advait-field-04,sys-advait,Procurement & supplier,n.a.; current platform supplier/contract record not reviewed.,Not verified,2026-10-05,Single-analyst source coding; not operational audit
sys-advait-field-05,sys-advait,Funding & contract,n.a.; component-specific award value or spending not established.,Not verified,2026-10-05,Single-analyst source coding; not operational audit
sys-advait-field-06,sys-advait,Data & integration,Big-data and AI capabilities stated; actual current model/version inventory and data lineage not verified.,Partial,2026-10-05,Single-analyst source coding; not operational audit
sys-advait-field-07,sys-advait,Evaluation & error rates,n.a.; independent error distributions or deployment-specific evaluation not established.,Not verified,2026-10-05,Single-analyst source coding; not operational audit
sys-advait-field-08,sys-advait,Human review & overrides,Official description is officer assistance; actual case-selection and override SOP not reviewed.,Partial,2026-10-05,Single-analyst source coding; not operational audit
sys-advait-field-09,sys-advait,Privacy & retention,n.a.; system-specific retention/processor/access-control evidence not established.,Not verified,2026-10-05,Single-analyst source coding; not operational audit
sys-advait-field-10,sys-advait,Complaints & appeal,n.a.; ADVAIT-specific correction/appeal procedure not established; general tax remedies are not inferred.,Not verified,2026-10-05,Single-analyst source coding; not operational audit
sys-advait-field-11,sys-advait,Public outputs & access,Official parliamentary explanation retained.,Documented,2026-10-05,Single-analyst source coding; not operational audit
sys-advait-field-12,sys-advait,Current-status limits,Historical rollout is not certification of October 2026 operation.,Partial,2026-10-05,Single-analyst source coding; not operational audit
sys-askdisha-field-01,sys-askdisha,Owner & purpose,IRCTC's virtual assistant; current interface identifies an authorized partner.,Documented,2026-10-05,Single-analyst source coding; not operational audit
sys-askdisha-field-02,sys-askdisha,Decision role & affected people,Enquiries and booking support; no purchase or automated decision was tested.,Documented,2026-10-05,Single-analyst source coding; not operational audit
sys-askdisha-field-03,sys-askdisha,Deployment & date,2021 report describes enquiry service and planned booking; current interface provides booking features. Undated UI is not assigned a launch date.,Partial,2026-10-05,Single-analyst source coding; not operational audit
sys-askdisha-field-04,sys-askdisha,Procurement & supplier,CoRover named as historical technical partner; current executed terms/award not reviewed.,Partial,2026-10-05,Single-analyst source coding; not operational audit
sys-askdisha-field-05,sys-askdisha,Funding & contract,n.a.; component-specific current contract price and disbursements not established.,Not verified,2026-10-05,Single-analyst source coding; not operational audit
sys-askdisha-field-06,sys-askdisha,Data & integration,AI/ML/NLP voice/chat functions stated; current model/version and complete data-flow map not verified.,Partial,2026-10-05,Single-analyst source coding; not operational audit
sys-askdisha-field-07,sys-askdisha,Evaluation & error rates,n.a.; independent current response accuracy or booking-error evaluation not established.,Not verified,2026-10-05,Single-analyst source coding; not operational audit
sys-askdisha-field-08,sys-askdisha,Human review & overrides,n.a.; assistant-specific handoff/override SOP not established.,Not verified,2026-10-05,Single-analyst source coding; not operational audit
sys-askdisha-field-09,sys-askdisha,Privacy & retention,n.a.; assistant-specific retention/processor terms were not established.,Not verified,2026-10-05,Single-analyst source coding; not operational audit
sys-askdisha-field-10,sys-askdisha,Complaints & appeal,"IRCTC terms provide an e-ticket cancellation contact, not a verified AI-error complaint outcome.",Partial,2026-10-05,Single-analyst source coding; not operational audit
sys-askdisha-field-11,sys-askdisha,Public outputs & access,"Public interface, historical annual-report copy and ticketing terms retained.",Documented,2026-10-05,Single-analyst source coding; not operational audit
sys-askdisha-field-12,sys-askdisha,Current-status limits,2025-26 report was listed in the live report library but PDF retrieval failed; it is not presented as reviewed.,Partial,2026-10-05,Single-analyst source coding; not operational audit
sys-bharat-vistaar-field-01,sys-bharat-vistaar,Owner & purpose,Agriculture ministry's voice-first agricultural information platform.,Documented,2026-10-05,Single-analyst source coding; not operational audit
sys-bharat-vistaar-field-02,sys-bharat-vistaar,Decision role & affected people,Advisory and scheme-information access; not verified autonomous eligibility adjudication.,Documented,2026-10-05,Single-analyst source coding; not operational audit
sys-bharat-vistaar-field-03,sys-bharat-vistaar,Deployment & date,"Phase I launched 17 February 2026 in Hindi/English; undated portal advertises 22+ languages, with later rollout not verified.",Partial,2026-10-05,Single-analyst source coding; not operational audit
sys-bharat-vistaar-field-04,sys-bharat-vistaar,Procurement & supplier,n.a.; complete supplier chain and executed platform contracts were not reviewed.,Not verified,2026-10-05,Single-analyst source coding; not operational audit
sys-bharat-vistaar-field-05,sys-bharat-vistaar,Funding & contract,"Rs 150 crore is described as an allocation, not verified spending or a supplier award.",Partial,2026-10-05,Single-analyst source coding; not operational audit
sys-bharat-vistaar-field-06,sys-bharat-vistaar,Data & integration,"Telephone, chatbot, web/app and federated API architecture described; component versions not verified.",Partial,2026-10-05,Single-analyst source coding; not operational audit
sys-bharat-vistaar-field-07,sys-bharat-vistaar,Evaluation & error rates,Government reports periodic security audits; audit reports and advisory accuracy were not reviewed.,Partial,2026-10-05,Single-analyst source coding; not operational audit
sys-bharat-vistaar-field-08,sys-bharat-vistaar,Human review & overrides,n.a.; advisory escalation/human-review SOP not established.,Not verified,2026-10-05,Single-analyst source coding; not operational audit
sys-bharat-vistaar-field-09,sys-bharat-vistaar,Privacy & retention,Government self-report of security audits is retained; actual access logs/retention enforcement not audited.,Partial,2026-10-05,Single-analyst source coding; not operational audit
sys-bharat-vistaar-field-10,sys-bharat-vistaar,Complaints & appeal,n.a.; platform-specific AI-error appeal outcome or escalation procedure not verified.,Not verified,2026-10-05,Single-analyst source coding; not operational audit
sys-bharat-vistaar-field-11,sys-bharat-vistaar,Public outputs & access,Dated rollout explanation and a public portal are available.,Documented,2026-10-05,Single-analyst source coding; not operational audit
sys-bharat-vistaar-field-12,sys-bharat-vistaar,Current-status limits,Undated portal breadth does not silently overwrite dated Phase-I scope.,Partial,2026-10-05,Single-analyst source coding; not operational audit
sys-bhashini-field-01,sys-bhashini,Owner & purpose,DIBD under DIC/MeitY provides language-AI services.,Documented,2026-10-05,Single-analyst source coding; not operational audit
sys-bhashini-field-02,sys-bhashini,Decision role & affected people,Language translation supports public-facing and institutional workflows; CAG report translation is a named deployment.,Documented,2026-10-05,Single-analyst source coding; not operational audit
sys-bhashini-field-03,sys-bhashini,Deployment & date,July service-activity report and September CAG launch retained as different dated events.,Documented,2026-10-05,Single-analyst source coding; not operational audit
sys-bhashini-field-04,sys-bhashini,Procurement & supplier,n.a.; complete current model/provider and executed contract inventory was not reviewed.,Not verified,2026-10-05,Single-analyst source coding; not operational audit
sys-bhashini-field-05,sys-bhashini,Funding & contract,n.a.; no system-specific spending series was established.,Not verified,2026-10-05,Single-analyst source coding; not operational audit
sys-bhashini-field-06,sys-bhashini,Data & integration,"Platform provides AI translation; CAG integration is described, but full model/version/data inventory not verified.",Partial,2026-10-05,Single-analyst source coding; not operational audit
sys-bhashini-field-07,sys-bhashini,Evaluation & error rates,Usage volumes and a probabilistic-output disclaimer do not establish translation accuracy for CAG audit reports.,Partial,2026-10-05,Single-analyst source coding; not operational audit
sys-bhashini-field-08,sys-bhashini,Human review & overrides,CAG launch describes human oversight and terms require user verification; current review logs/SOP not inspected.,Partial,2026-10-05,Single-analyst source coding; not operational audit
sys-bhashini-field-09,sys-bhashini,Privacy & retention,n.a.; complete current CAG-specific retention/processor terms were not established.,Not verified,2026-10-05,Single-analyst source coding; not operational audit
sys-bhashini-field-10,sys-bhashini,Complaints & appeal,A grievance channel is published; effectiveness and CAG-report correction procedure not tested.,Partial,2026-10-05,Single-analyst source coding; not operational audit
sys-bhashini-field-11,sys-bhashini,Public outputs & access,Public launch and terms are available.,Documented,2026-10-05,Single-analyst source coding; not operational audit
sys-bhashini-field-12,sys-bhashini,Current-status limits,A launch and aggregate activity are not proof of every integration's operational effectiveness.,Partial,2026-10-05,Single-analyst source coding; not operational audit
sys-bmc-tb-field-01,sys-bmc-tb,Owner & purpose,Government-hosted news attributes a nine-hospital pilot to BMC and Qure.ai; direct signed agency records not reviewed.,Partial,2026-10-05,Single-analyst source coding; not operational audit
sys-bmc-tb-field-02,sys-bmc-tb,Decision role & affected people,AI-assisted X-ray screening flags presumptive cases for clinical evaluation/sputum confirmation; not sole confirmed diagnosis.,Documented,2026-10-05,Single-analyst source coding; not operational audit
sys-bmc-tb-field-03,sys-bmc-tb,Deployment & date,2021–2022 pilot reported in 2023; current coverage not verified.,Partial,2026-10-05,Single-analyst source coding; not operational audit
sys-bmc-tb-field-04,sys-bmc-tb,Procurement & supplier,Qure.ai is a named pilot partner; exact product/version and executed agreement not established.,Partial,2026-10-05,Single-analyst source coding; not operational audit
sys-bmc-tb-field-05,sys-bmc-tb,Funding & contract,n.a.; executed pilot contract value or funding/disbursement record not established.,Not verified,2026-10-05,Single-analyst source coding; not operational audit
sys-bmc-tb-field-06,sys-bmc-tb,Data & integration,Chest X-ray screening described; complete current clinical-data lineage and product version not established.,Partial,2026-10-05,Single-analyst source coding; not operational audit
sys-bmc-tb-field-07,sys-bmc-tb,Evaluation & error rates,"Reported screening/referral/confirmation counts are workflow observations, not a diagnostic sensitivity/specificity validation.",Partial,2026-10-05,Single-analyst source coding; not operational audit
sys-bmc-tb-field-08,sys-bmc-tb,Human review & overrides,Clinical evaluation and sputum confirmation follow flags; current override/adverse-event protocol not established.,Partial,2026-10-05,Single-analyst source coding; not operational audit
sys-bmc-tb-field-09,sys-bmc-tb,Privacy & retention,n.a.; deployment-specific retention and processor terms not established.,Not verified,2026-10-05,Single-analyst source coding; not operational audit
sys-bmc-tb-field-10,sys-bmc-tb,Complaints & appeal,n.a.; patient correction/AI-error review and remedy outcome not established.,Not verified,2026-10-05,Single-analyst source coding; not operational audit
sys-bmc-tb-field-11,sys-bmc-tb,Public outputs & access,Attributed reporting retained; no direct operational registry or signed agreement reviewed.,Partial,2026-10-05,Single-analyst source coding; not operational audit
sys-bmc-tb-field-12,sys-bmc-tb,Current-status limits,An unrelated qXR study in Nigeria and vendor-global impact numbers are not assigned to this Indian pilot.,Partial,2026-10-05,Single-analyst source coding; not operational audit
sys-cyberguard-field-01,sys-cyberguard,Owner & purpose,IndiaAI and I4C developed a challenge around NCRP complaint classification and crime-pattern identification.,Documented,2026-10-05,Single-analyst source coding; not operational audit
sys-cyberguard-field-02,sys-cyberguard,Decision role & affected people,"The task is complaint classification/pattern support; effects on registration, prioritisation and investigations are not specified in the reviewed record.",Partial,2026-10-05,Single-analyst source coding; not operational audit
sys-cyberguard-field-03,sys-cyberguard,Deployment & date,The 29 July official record reports integration with I4C systems.,Documented,2026-10-05,Single-analyst source coding; not operational audit
sys-cyberguard-field-04,sys-cyberguard,Procurement & supplier,The results list winning organisations. Which finalist supplied the integrated production system and on what contract is not verified.,Partial,2026-10-05,Single-analyst source coding; not operational audit
sys-cyberguard-field-05,sys-cyberguard,Funding & contract,"n.a. Production award, fees, ongoing support terms and project-specific expenditure were not verified.",Not verified,2026-10-05,Single-analyst source coding; not operational audit
sys-cyberguard-field-06,sys-cyberguard,Data & integration,"The challenge description mentions handwritten FIRs, screenshots and audio calls. The production ingestion schema and access controls were not verified.",Partial,2026-10-05,Single-analyst source coding; not operational audit
sys-cyberguard-field-07,sys-cyberguard,Evaluation & error rates,"n.a. 'Improved speed and accuracy' is an official qualitative claim, not a production benchmark with error distributions.",Not verified,2026-10-05,Single-analyst source coding; not operational audit
sys-cyberguard-field-08,sys-cyberguard,Human review & overrides,"n.a. Human correction, routing overrides and audit-log procedures were not verified.",Not verified,2026-10-05,Single-analyst source coding; not operational audit
sys-cyberguard-field-09,sys-cyberguard,Privacy & retention,"n.a. System-specific retention, training reuse, processors and minimisation rules were not verified.",Not verified,2026-10-05,Single-analyst source coding; not operational audit
sys-cyberguard-field-10,sys-cyberguard,Complaints & appeal,n.a. A classifier-specific correction/appeal route was not verified; ordinary cybercrime reporting is not proof of an AI-error appeal.,Not verified,2026-10-05,Single-analyst source coding; not operational audit
sys-cyberguard-field-11,sys-cyberguard,Public outputs & access,The winner table and integration statement are public; no production model card or evaluation report was verified.,Partial,2026-10-05,Single-analyst source coding; not operational audit
sys-cyberguard-field-12,sys-cyberguard,Current-status limits,"Official integration is documented as a source claim; live access, coverage and decision impact were not independently tested.",Partial,2026-10-05,Single-analyst source coding; not operational audit
sys-digiyatra-field-01,sys-digiyatra,Owner & purpose,Foundation-operated biometric air-travel service; not coded as government ownership.,Documented,2026-10-05,Single-analyst source coding; not operational audit
sys-digiyatra-field-02,sys-digiyatra,Decision role & affected people,Facial credential supports airport identity/boarding workflows for passengers.,Documented,2026-10-05,Single-analyst source coding; not operational audit
sys-digiyatra-field-03,sys-digiyatra,Deployment & date,"39 airports reported in August 2026; May's 38-airport record is earlier, not a contradiction.",Documented,2026-10-05,Single-analyst source coding; not operational audit
sys-digiyatra-field-04,sys-digiyatra,Procurement & supplier,n.a.; a current executed ecosystem-wide supplier/airport contract was not reviewed.,Not verified,2026-10-05,Single-analyst source coding; not operational audit
sys-digiyatra-field-05,sys-digiyatra,Funding & contract,n.a.; a current ecosystem-wide cost or disbursement record was not established.,Not verified,2026-10-05,Single-analyst source coding; not operational audit
sys-digiyatra-field-06,sys-digiyatra,Data & integration,Selfie and verifiable credentials are described; end-to-end live data flow was not independently inspected.,Partial,2026-10-05,Single-analyst source coding; not operational audit
sys-digiyatra-field-07,sys-digiyatra,Evaluation & error rates,Government reports audits and usage; no reviewed false-match/rejection distribution or audit report.,Partial,2026-10-05,Single-analyst source coding; not operational audit
sys-digiyatra-field-08,sys-digiyatra,Human review & overrides,Historical guidelines retain a non-biometric gate process; actual current handling of mismatch/consent refusals was not tested.,Partial,2026-10-05,Single-analyst source coding; not operational audit
sys-digiyatra-field-09,sys-digiyatra,Privacy & retention,"Airport purge claim is 24 hours; operator terms separately describe a 14-day transaction log, so 24 hours is not universal retention.",Partial,2026-10-05,Single-analyst source coding; not operational audit
sys-digiyatra-field-10,sys-digiyatra,Complaints & appeal,Privacy grievance contact and opt-out are published; response quality and gate-access remedy not tested.,Partial,2026-10-05,Single-analyst source coding; not operational audit
sys-digiyatra-field-11,sys-digiyatra,Public outputs & access,"Public guidelines, terms and a parliamentary reply are retained.",Documented,2026-10-05,Single-analyst source coding; not operational audit
sys-digiyatra-field-12,sys-digiyatra,Current-status limits,Dated domestic availability is documented; international rollout and October airport-level readiness are not certified.,Partial,2026-10-05,Single-analyst source coding; not operational audit
sys-epaarvai-field-01,sys-epaarvai,Owner & purpose,TNeGA/NHM-developed screening app used by TNSBCS according to government-hosted case.,Documented,2026-10-05,Single-analyst source coding; not operational audit
sys-epaarvai-field-02,sys-epaarvai,Decision role & affected people,Field-worker cataract screening/classification supports referral; not autonomous surgery eligibility.,Documented,2026-10-05,Single-analyst source coding; not operational audit
sys-epaarvai-field-03,sys-epaarvai,Deployment & date,"Undated case describes more than 30 districts; 2022 field study is dated research, not October deployment coverage.",Partial,2026-10-05,Single-analyst source coding; not operational audit
sys-epaarvai-field-04,sys-epaarvai,Procurement & supplier,TNeGA/NHM developer roles documented; production component contract/vendor inventory not established.,Partial,2026-10-05,Single-analyst source coding; not operational audit
sys-epaarvai-field-05,sys-epaarvai,Funding & contract,n.a.; deployment budget or maintenance expenditure not established.,Not verified,2026-10-05,Single-analyst source coding; not operational audit
sys-epaarvai-field-06,sys-epaarvai,Data & integration,Eye images and four-way screening classification described; complete current model/version/data inventory not verified.,Partial,2026-10-05,Single-analyst source coding; not operational audit
sys-epaarvai-field-07,sys-epaarvai,Evaluation & error rates,"Published field study reports sensitivity 96%, specificity 25% and accuracy 88% on 2,619 eyes/1,407 selected patients; not a general population/current-version benchmark.",Documented,2026-10-05,Single-analyst source coding; not operational audit
sys-epaarvai-field-08,sys-epaarvai,Human review & overrides,Field workers operate app and study compares ophthalmologists; current referral/override SOP not verified.,Partial,2026-10-05,Single-analyst source coding; not operational audit
sys-epaarvai-field-09,sys-epaarvai,Privacy & retention,App-store developer declares no data collected and deletion request option; declaration is not a live data-flow audit.,Partial,2026-10-05,Single-analyst source coding; not operational audit
sys-epaarvai-field-10,sys-epaarvai,Complaints & appeal,Developer support contact published; clinical-error review/remedy not verified.,Partial,2026-10-05,Single-analyst source coding; not operational audit
sys-epaarvai-field-11,sys-epaarvai,Public outputs & access,"Public implementation case, developer listing and full published field study retained.",Documented,2026-10-05,Single-analyst source coding; not operational audit
sys-epaarvai-field-12,sys-epaarvai,Current-status limits,"Current rollout, later model versions and actual privacy compliance not independently verified.",Partial,2026-10-05,Single-analyst source coding; not operational audit
sys-esanjeevani-field-01,sys-esanjeevani,Owner & purpose,C-DAC Mohali developed the national platform; the parliamentary record describes CDSS functionality.,Documented,2026-10-05,Single-analyst source coding; not operational audit
sys-esanjeevani-field-02,sys-esanjeevani,Decision role & affected people,"Possible diseases and specialist referral support are presented to a doctor at the hub end, affecting patient consultations.",Documented,2026-10-05,Single-analyst source coding; not operational audit
sys-esanjeevani-field-03,sys-esanjeevani,Deployment & date,The parliamentary response dates integration to April 2023 and usage through July 2026; the developer page says March 2023. These descriptions may refer to different components/stages; they are not silently reconciled.,Conflicting sources,2026-10-05,Single-analyst source coding; not operational audit
sys-esanjeevani-field-04,sys-esanjeevani,Procurement & supplier,"C-DAC is the platform developer; Wadhwani AI describes collaboration on the CDSS in a developer submission. Executed component contracts, production version and full supplier chain were not verified.",Partial,2026-10-05,Single-analyst source coding; not operational audit
sys-esanjeevani-field-05,sys-esanjeevani,Funding & contract,"The retrieved study declares no funding for that study; this is not a zero-cost deployment claim. CDSS-specific contract, licensing, budget and maintenance expenditure remain unverified.",Partial,2026-10-05,Single-analyst source coding; not operational audit
sys-esanjeevani-field-06,sys-esanjeevani,Data & integration,Patient assistance forms collect symptoms; the privacy policy identifies a C-DAC-managed server. Developer and study descriptions identify a rule-based/knowledge-based form; all deployed components are not thereby identified.,Documented,2026-10-05,Single-analyst source coding; not operational audit
sys-esanjeevani-field-07,sys-esanjeevani,Evaluation & error rates,"A national implementation-study abstract reports expert-clinician validation and implementation, but independent numeric error rates were not established in the retrieved text and full manuscript access was blocked. A separate local 4,401-record study's 90% figure is not the existing national system's score.",Partial,2026-10-05,Single-analyst source coding; not operational audit
sys-esanjeevani-field-08,sys-esanjeevani,Human review & overrides,"Differential diagnosis is supplied to a hub doctor. Historical practice guidance reserves final prescribing/counselling to an RMP and prohibits AI/ML platforms from independently doing it; actual override, escalation and safety-monitoring SOPs remain unverified.",Partial,2026-10-05,Single-analyst source coding; not operational audit
sys-esanjeevani-field-09,sys-esanjeevani,Privacy & retention,"The policy ties some data retention to account existence and further interventions, but excludes medical reports/diagnoses generated in treatment from that clause; no single universal retention period follows.",Partial,2026-10-05,Single-analyst source coding; not operational audit
sys-esanjeevani-field-10,sys-esanjeevani,Complaints & appeal,"The privacy policy has a privacy contact, and historical practice guidance calls for platform grievance mechanisms. A functioning current support form or CDSS clinical-error review/remedy procedure was not verified; the platform support page was blocked during this review.",Partial,2026-10-05,Single-analyst source coding; not operational audit
sys-esanjeevani-field-11,sys-esanjeevani,Public outputs & access,"Developer, parliamentary and privacy records and a national implementation-study abstract are public; no complete national CDSS model card or independent validation dossier was verified.",Partial,2026-10-05,Single-analyst source coding; not operational audit
sys-esanjeevani-field-12,sys-esanjeevani,Current-status limits,"The dated response supports reported integrated use, not independent safety certification or all October operational details. The programme utilisation study raises privacy and access recommendations, but is not a deployed-CDSS accuracy study.",Partial,2026-10-05,Single-analyst source coding; not operational audit
sys-fest-field-01,sys-fest,Owner & purpose,Transport Department services through Telangana ESD's FEST initiative.,Documented,2026-10-05,Single-analyst source coding; not operational audit
sys-fest-field-02,sys-fest,Decision role & affected people,Smartphone access to transport services; required driving tests/vehicle inspection remain outside contactless scope.,Documented,2026-10-05,Single-analyst source coding; not operational audit
sys-fest-field-03,sys-fest,Deployment & date,July 2020 launch stated; current per-service active coverage not established.,Partial,2026-10-05,Single-analyst source coding; not operational audit
sys-fest-field-04,sys-fest,Procurement & supplier,n.a.; current executed component contracts and supplier chain not established.,Not verified,2026-10-05,Single-analyst source coding; not operational audit
sys-fest-field-05,sys-fest,Funding & contract,n.a.; service-specific contract value and spending not established.,Not verified,2026-10-05,Single-analyst source coding; not operational audit
sys-fest-field-06,sys-fest,Data & integration,Listed within RTDAI service context; specific deployed models/versions/data flows not verified.,Partial,2026-10-05,Single-analyst source coding; not operational audit
sys-fest-field-07,sys-fest,Evaluation & error rates,n.a.; independent service-specific rejection/error evaluation not established.,Not verified,2026-10-05,Single-analyst source coding; not operational audit
sys-fest-field-08,sys-fest,Human review & overrides,Physical tests/inspections expressly excepted; current biometric-error override SOP not reviewed.,Partial,2026-10-05,Single-analyst source coding; not operational audit
sys-fest-field-09,sys-fest,Privacy & retention,n.a.; service-specific retention and processor controls not established.,Not verified,2026-10-05,Single-analyst source coding; not operational audit
sys-fest-field-10,sys-fest,Complaints & appeal,n.a.; FEST-specific automated-authentication appeal outcome not established.,Not verified,2026-10-05,Single-analyst source coding; not operational audit
sys-fest-field-11,sys-fest,Public outputs & access,Government service-description page retained.,Documented,2026-10-05,Single-analyst source coding; not operational audit
sys-fest-field-12,sys-fest,Current-status limits,Historical launch and broad RTDAI context are not proof every current transport function uses AI.,Partial,2026-10-05,Single-analyst source coding; not operational audit
sys-insight-field-01,sys-insight,Owner & purpose,Income Tax Department's data-warehousing/compliance platform.,Documented,2026-10-05,Single-analyst source coding; not operational audit
sys-insight-field-02,sys-insight,Decision role & affected people,Data analytics supports tax-compliance work; autonomous final assessment not established.,Documented,2026-10-05,Single-analyst source coding; not operational audit
sys-insight-field-03,sys-insight,Deployment & date,Historical contract and phased portal description retained; expected May 2017 date is not recorded as achieved go-live.,Partial,2026-10-05,Single-analyst source coding; not operational audit
sys-insight-field-04,sys-insight,Procurement & supplier,Government announces a signed L & T Infotech contract; executed agreement/current continuation not reviewed.,Partial,2026-10-05,Single-analyst source coding; not operational audit
sys-insight-field-05,sys-insight,Funding & contract,n.a.; signed-contract announcement reviewed here does not state an award amount.,Not verified,2026-10-05,Single-analyst source coding; not operational audit
sys-insight-field-06,sys-insight,Data & integration,INTRAC analytics and centralized compliance centre described; current specific AI model not verified.,Partial,2026-10-05,Single-analyst source coding; not operational audit
sys-insight-field-07,sys-insight,Evaluation & error rates,n.a.; deployment-specific false-alert/evaluation distributions not established.,Not verified,2026-10-05,Single-analyst source coding; not operational audit
sys-insight-field-08,sys-insight,Human review & overrides,n.a.; specific model-flag review/override SOP not established.,Not verified,2026-10-05,Single-analyst source coding; not operational audit
sys-insight-field-09,sys-insight,Privacy & retention,n.a.; system-specific current retention and access-control enforcement not established.,Not verified,2026-10-05,Single-analyst source coding; not operational audit
sys-insight-field-10,sys-insight,Complaints & appeal,Online compliance-response route described; model-specific contestability outcomes not established.,Partial,2026-10-05,Single-analyst source coding; not operational audit
sys-insight-field-11,sys-insight,Public outputs & access,Government contract announcement and portal description retained.,Documented,2026-10-05,Single-analyst source coding; not operational audit
sys-insight-field-12,sys-insight,Current-status limits,"Included as algorithmic-context record, not proof that all platform components are AI.",Partial,2026-10-05,Single-analyst source coding; not operational audit
sys-kisan-emitra-field-01,sys-kisan-emitra,Owner & purpose,Agriculture department's PM-KISAN assistance chatbot.,Documented,2026-10-05,Single-analyst source coding; not operational audit
sys-kisan-emitra-field-02,sys-kisan-emitra,Decision role & affected people,"Queries and application/eligibility information, not verified autonomous benefit adjudication.",Documented,2026-10-05,Single-analyst source coding; not operational audit
sys-kisan-emitra-field-03,sys-kisan-emitra,Deployment & date,"Launched in 2023, with queries reported through December 2025.",Documented,2026-10-05,Single-analyst source coding; not operational audit
sys-kisan-emitra-field-04,sys-kisan-emitra,Procurement & supplier,SamagraX portfolio describes the chatbot and BHASHINI integration; current executed contract and later component lineage not verified.,Partial,2026-10-05,Single-analyst source coding; not operational audit
sys-kisan-emitra-field-05,sys-kisan-emitra,Funding & contract,n.a.; component-specific procurement value or spending not established.,Not verified,2026-10-05,Single-analyst source coding; not operational audit
sys-kisan-emitra-field-06,sys-kisan-emitra,Data & integration,Voice/text and scheme information integration are described; full current architecture and personal-data handling not established.,Partial,2026-10-05,Single-analyst source coding; not operational audit
sys-kisan-emitra-field-07,sys-kisan-emitra,Evaluation & error rates,"Query counts are reported; independent answer correctness, language error and benefit-resolution outcomes not verified.",Partial,2026-10-05,Single-analyst source coding; not operational audit
sys-kisan-emitra-field-08,sys-kisan-emitra,Human review & overrides,n.a.; current chatbot escalation/override SOP was not established.,Not verified,2026-10-05,Single-analyst source coding; not operational audit
sys-kisan-emitra-field-09,sys-kisan-emitra,Privacy & retention,n.a.; chatbot-specific retention and processor terms were not established.,Not verified,2026-10-05,Single-analyst source coding; not operational audit
sys-kisan-emitra-field-10,sys-kisan-emitra,Complaints & appeal,Parliament describes CPGRAMS appeal facilities and the chatbot; this is not proof the chatbot itself resolves a contested benefit.,Partial,2026-10-05,Single-analyst source coding; not operational audit
sys-kisan-emitra-field-11,sys-kisan-emitra,Public outputs & access,Government and developer records are public.,Documented,2026-10-05,Single-analyst source coding; not operational audit
sys-kisan-emitra-field-12,sys-kisan-emitra,Current-status limits,Historical launch/usage and current portfolio do not establish every October component or outcome.,Partial,2026-10-05,Single-analyst source coding; not operational audit
sys-mahacrimeos-field-01,sys-mahacrimeos,Owner & purpose,Vendor material describes MARVEL adapting CyberEye's CrimeOS with Microsoft technology; the government-authorisation instrument was not verified.,Partial,2026-10-05,Single-analyst source coding; not operational audit
sys-mahacrimeos-field-02,sys-mahacrimeos,Decision role & affected people,The reported purpose is complaint processing and investigation assistance; legal consequences and decision boundaries were not verified.,Partial,2026-10-05,Single-analyst source coding; not operational audit
sys-mahacrimeos-field-03,sys-mahacrimeos,Deployment & date,"Sources describe 23 and 25 pilot stations and an announcement to extend to 1,100; a completed station-wise rollout was not verified.",Conflicting sources,2026-10-05,Single-analyst source coding; not operational audit
sys-mahacrimeos-field-04,sys-mahacrimeos,Procurement & supplier,CyberEye/Microsoft/MARVEL are named in vendor material. A named supplier is not a procurement award or proof of the current contract.,Partial,2026-10-05,Single-analyst source coding; not operational audit
sys-mahacrimeos-field-05,sys-mahacrimeos,Funding & contract,"n.a. Government contract, licence cost, funding, renewal and procurement evaluation were not verified.",Not verified,2026-10-05,Single-analyst source coding; not operational audit
sys-mahacrimeos-field-06,sys-mahacrimeos,Data & integration,"Vendor description lists PDFs, audio, handwritten notes and images as inputs, with Marathi adaptation; actual production data flows are not independently verified.",Partial,2026-10-05,Single-analyst source coding; not operational audit
sys-mahacrimeos-field-07,sys-mahacrimeos,Evaluation & error rates,"n.a. Independent error, bias, accuracy and workload evaluations were not verified; vendor anecdotes are not benchmarks.",Not verified,2026-10-05,Single-analyst source coding; not operational audit
sys-mahacrimeos-field-08,sys-mahacrimeos,Human review & overrides,n.a. An enforceable officer verification/override SOP and audit trail were not verified.,Not verified,2026-10-05,Single-analyst source coding; not operational audit
sys-mahacrimeos-field-09,sys-mahacrimeos,Privacy & retention,"n.a. Tool-specific processor, hosting, model-training use, access, retention and deletion terms were not verified.",Not verified,2026-10-05,Single-analyst source coding; not operational audit
sys-mahacrimeos-field-10,sys-mahacrimeos,Complaints & appeal,"n.a. Tool-specific correction, access or complaint mechanisms were not verified; ordinary policing remedies are outside this case's verified scope.",Not verified,2026-10-05,Single-analyst source coding; not operational audit
sys-mahacrimeos-field-11,sys-mahacrimeos,Public outputs & access,"Public vendor descriptions and reporting exist. Authoritative station-wise deployment, procurement and audit artefacts were not verified.",Partial,2026-10-05,Single-analyst source coding; not operational audit
sys-mahacrimeos-field-12,sys-mahacrimeos,Current-status limits,n.a. A current government-confirmed rollout inventory and operational audit were not obtained. This is not proof of non-use.,Not verified,2026-10-05,Single-analyst source coding; not operational audit
sys-plcs-field-01,sys-plcs,Owner & purpose,Telangana ESD lists PLCS as an RTDAI use case.,Documented,2026-10-05,Single-analyst source coding; not operational audit
sys-plcs-field-02,sys-plcs,Decision role & affected people,"Liveness, demographics and image comparison support pensioner authentication; direct benefit cancellation not established.",Documented,2026-10-05,Single-analyst source coding; not operational audit
sys-plcs-field-03,sys-plcs,Deployment & date,Government page dates launch to April 2019; current operational coverage not established from undated page.,Partial,2026-10-05,Single-analyst source coding; not operational audit
sys-plcs-field-04,sys-plcs,Procurement & supplier,n.a.; current component supplier and executed award not established.,Not verified,2026-10-05,Single-analyst source coding; not operational audit
sys-plcs-field-05,sys-plcs,Funding & contract,n.a.; component award value or spending not established.,Not verified,2026-10-05,Single-analyst source coding; not operational audit
sys-plcs-field-06,sys-plcs,Data & integration,Identity/demographic inputs and live photograph described; complete current data lineage not verified.,Partial,2026-10-05,Single-analyst source coding; not operational audit
sys-plcs-field-07,sys-plcs,Evaluation & error rates,"Case study reports about 93% success and a possible 96–98% trajectory; sample, error definition and independent validation not provided here.",Partial,2026-10-05,Single-analyst source coding; not operational audit
sys-plcs-field-08,sys-plcs,Human review & overrides,"n.a.; current rejection alternative, exception and human override SOP not verified.",Not verified,2026-10-05,Single-analyst source coding; not operational audit
sys-plcs-field-09,sys-plcs,Privacy & retention,n.a.; service-specific retention and processor controls not established.,Not verified,2026-10-05,Single-analyst source coding; not operational audit
sys-plcs-field-10,sys-plcs,Complaints & appeal,n.a.; model-specific rejection/correction appeal route not established.,Not verified,2026-10-05,Single-analyst source coding; not operational audit
sys-plcs-field-11,sys-plcs,Public outputs & access,Government service and FAQ records and an editorial case study retained.,Documented,2026-10-05,Single-analyst source coding; not operational audit
sys-plcs-field-12,sys-plcs,Current-status limits,Historical success claim is not a measured current accuracy result or certification of October service availability.,Partial,2026-10-05,Single-analyst source coding; not operational audit
sys-rail-ids-field-01,sys-rail-ids,Owner & purpose,Indian Railways' acoustic-sensing elephant warning system.,Documented,2026-10-05,Single-analyst source coding; not operational audit
sys-rail-ids-field-02,sys-rail-ids,Decision role & affected people,Alerts railway personnel for preventive action; not verified autonomous train control.,Documented,2026-10-05,Single-analyst source coding; not operational audit
sys-rail-ids-field-03,sys-rail-ids,Deployment & date,"141 route-km official working extent in February; October outcome reporting is multi-intervention, not independently audited deployment telemetry.",Partial,2026-10-05,Single-analyst source coding; not operational audit
sys-rail-ids-field-04,sys-rail-ids,Procurement & supplier,News reports a Southern Railway award to MS Bitcom Technologies; executed award and current statewide/corridor contract lineage not reviewed.,Partial,2026-10-05,Single-analyst source coding; not operational audit
sys-rail-ids-field-05,sys-rail-ids,Funding & contract,Two regional contract values reported in news; not an official expenditure ledger.,Partial,2026-10-05,Single-analyst source coding; not operational audit
sys-rail-ids-field-06,sys-rail-ids,Data & integration,DAS and optical-fibre sensing described; deployed model/signature/version inventory not verified.,Partial,2026-10-05,Single-analyst source coding; not operational audit
sys-rail-ids-field-07,sys-rail-ids,Evaluation & error rates,"RDSO 100% detection and maximum 5% false-alarm share are specification requirements, not achieved measurements.",Partial,2026-10-05,Single-analyst source coding; not operational audit
sys-rail-ids-field-08,sys-rail-ids,Human review & overrides,Alerts go to loco pilots/station masters/control room; actual handling logs not reviewed.,Partial,2026-10-05,Single-analyst source coding; not operational audit
sys-rail-ids-field-09,sys-rail-ids,Privacy & retention,n.a.; complete operational retention/security configuration not established.,Not verified,2026-10-05,Single-analyst source coding; not operational audit
sys-rail-ids-field-10,sys-rail-ids,Complaints & appeal,n.a.; system-specific incident correction/escalation outcomes not established.,Not verified,2026-10-05,Single-analyst source coding; not operational audit
sys-rail-ids-field-11,sys-rail-ids,Public outputs & access,"Official working-extent statement, specification and later reporting retained.",Documented,2026-10-05,Single-analyst source coding; not operational audit
sys-rail-ids-field-12,sys-rail-ids,Current-status limits,October headline aggregate 255 differs from division sum 257; causes and contribution of AI alone not established.,Partial,2026-10-05,Single-analyst source coding; not operational audit
sys-supace-field-01,sys-supace,Owner & purpose,Supreme Court research-assistance system for identifying precedents and case facts.,Documented,2026-10-05,Single-analyst source coding; not operational audit
sys-supace-field-02,sys-supace,Decision role & affected people,"The stated role is assistance with relevant material, not autonomous adjudication; operational influence on actual cases is unverified.",Partial,2026-10-05,Single-analyst source coding; not operational audit
sys-supace-field-03,sys-supace,Deployment & date,"The February official source describes experimental status and no regular judicial use, rather than completed deployment.",Documented,2026-10-05,Single-analyst source coding; not operational audit
sys-supace-field-04,sys-supace,Procurement & supplier,"n.a. Current supplier, procurement award, GPU/infrastructure contract and production acceptance were not verified.",Not verified,2026-10-05,Single-analyst source coding; not operational audit
sys-supace-field-05,sys-supace,Funding & contract,n.a. SUPACE-specific budget and expenditure were not verified; an eCourts-wide allocation is not a system budget.,Not verified,2026-10-05,Single-analyst source coding; not operational audit
sys-supace-field-06,sys-supace,Data & integration,"The source describes precedent and factual-matrix assistance; actual ingestion, training and access-control configuration are unverified.",Partial,2026-10-05,Single-analyst source coding; not operational audit
sys-supace-field-07,sys-supace,Evaluation & error rates,"n.a. Current independent citation, omission and hallucination tests or courtroom outcome evaluations were not verified.",Not verified,2026-10-05,Single-analyst source coding; not operational audit
sys-supace-field-08,sys-supace,Human review & overrides,The June draft proposes assistive operation and human primacy; this proposal is not proof of an enacted or implemented operational SOP.,Partial,2026-10-05,Single-analyst source coding; not operational audit
sys-supace-field-09,sys-supace,Privacy & retention,"n.a. System-specific confidential-case handling, data retention and model-provider terms were not verified.",Not verified,2026-10-05,Single-analyst source coding; not operational audit
sys-supace-field-10,sys-supace,Complaints & appeal,n.a. A system-output correction/objection route was not verified; ordinary judicial remedies are not analysed here.,Not verified,2026-10-05,Single-analyst source coding; not operational audit
sys-supace-field-11,sys-supace,Public outputs & access,Official descriptions and a draft governance instrument are public; no current public operational/test record was verified.,Partial,2026-10-05,Single-analyst source coding; not operational audit
sys-supace-field-12,sys-supace,Current-status limits,n.a. A later final regulation or routine SUPACE deployment was not verified after recency searches. This is not proof that neither exists.,Not verified,2026-10-05,Single-analyst source coding; not operational audit
sys-suvas-field-01,sys-suvas,Owner & purpose,Supreme Court SUVAS translates judgments and orders to vernacular languages.,Documented,2026-10-05,Single-analyst source coding; not operational audit
sys-suvas-field-02,sys-suvas,Decision role & affected people,Translation supports people reading court records; it is not itself a decision on the merits of a case.,Documented,2026-10-05,Single-analyst source coding; not operational audit
sys-suvas-field-03,sys-suvas,Deployment & date,The February official explanation reports use and hosting on e-SCR; current court-by-court coverage is not certified.,Documented,2026-10-05,Single-analyst source coding; not operational audit
sys-suvas-field-04,sys-suvas,Procurement & supplier,"n.a. Software/model contract, procurement award and current supplier chain were not verified.",Not verified,2026-10-05,Single-analyst source coding; not operational audit
sys-suvas-field-05,sys-suvas,Funding & contract,The historical Allahabad notice quotes Re. 1 per English-source word. Circulated scheme guidance describes High Court grants sanctioned by State Governments for translator remuneration; neither is a national software budget or verified expenditure.,Partial,2026-10-05,Single-analyst source coding; not operational audit
sys-suvas-field-06,sys-suvas,Data & integration,"English judgments/orders are translated; model training, confidential-case exclusions and processor access were not verified.",Partial,2026-10-05,Single-analyst source coding; not operational audit
sys-suvas-field-07,sys-suvas,Evaluation & error rates,"n.a. Independent legal-semantic error rates by language, case type and model version were not verified.",Not verified,2026-10-05,Single-analyst source coding; not operational audit
sys-suvas-field-08,sys-suvas,Human review & overrides,"Translation committees are described; circulated 2023 scheme guidance requires correctness checks by translators/reviewers. Allahabad's separate certification process is local, not universal. Current implementation across all courts is not audited.",Documented,2026-10-05,Single-analyst source coding; not operational audit
sys-suvas-field-09,sys-suvas,Privacy & retention,"n.a. Tool-specific retention, confidential-document handling and training-data reuse rules were not verified.",Not verified,2026-10-05,Single-analyst source coding; not operational audit
sys-suvas-field-10,sys-suvas,Complaints & appeal,The notice requires a disclaimer but does not establish a national translation-error appeal route.,Partial,2026-10-05,Single-analyst source coding; not operational audit
sys-suvas-field-11,sys-suvas,Public outputs & access,The official explanation reports translated judgments on e-SCR; the local notice exposes a review mechanism.,Documented,2026-10-05,Single-analyst source coding; not operational audit
sys-suvas-field-12,sys-suvas,Current-status limits,"The reviewed records support assistive translation use, not perfect equivalence or current uniform governance across courts.",Partial,2026-10-05,Single-analyst source coding; not operational audit
sys-upsc-field-01,sys-upsc,Owner & purpose,UPSC with technical support from NeGD; exam identity authentication.,Documented,2026-10-05,Single-analyst source coding; not operational audit
sys-upsc-field-02,sys-upsc,Decision role & affected people,Mobile identity matching concerns examination candidates; detailed adverse-decision rules are not verified.,Partial,2026-10-05,Single-analyst source coding; not operational audit
sys-upsc-field-03,sys-upsc,Deployment & date,"A September 2025 pilot and scaled use on 24 May 2026 are officially reported, with about 5.50 lakh candidates.",Documented,2026-10-05,Single-analyst source coding; not operational audit
sys-upsc-field-04,sys-upsc,Procurement & supplier,"A 2024 PSU tender covered biometrics, facial recognition, QR scans and AI CCTV; the June record describes in-house development. The contract link between them is unverified.",Partial,2026-10-05,Single-analyst source coding; not operational audit
sys-upsc-field-05,sys-upsc,Funding & contract,"n.a. Awarded supplier, current application budget and contract value were not verified; the tender alone is not an award.",Not verified,2026-10-05,Single-analyst source coding; not operational audit
sys-upsc-field-06,sys-upsc,Data & integration,Invigilators' Android phones were used. The current data-flow diagram and device/data lifecycle were not verified.,Partial,2026-10-05,Single-analyst source coding; not operational audit
sys-upsc-field-07,sys-upsc,Evaluation & error rates,UPSC reports six-to-eight-second typical authentication; no independent false-accept/reject or subgroup evaluation was verified.,Partial,2026-10-05,Single-analyst source coding; not operational audit
sys-upsc-field-08,sys-upsc,Human review & overrides,The older tender requires physical photo verification. The current mismatch/technical-failure SOP was not verified.,Partial,2026-10-05,Single-analyst source coding; not operational audit
sys-upsc-field-09,sys-upsc,Privacy & retention,"The older tender specifies encrypted cloud holding for at least one year or 30 days after final results, whichever is later. Applying it to the current mobile system is not established.",Partial,2026-10-05,Single-analyst source coding; not operational audit
sys-upsc-field-10,sys-upsc,Complaints & appeal,"n.a. A system-specific candidate mismatch appeal, deadline and non-biometric fallback were not verified.",Not verified,2026-10-05,Single-analyst source coding; not operational audit
sys-upsc-field-11,sys-upsc,Public outputs & access,"UPSC publishes implementation descriptions; the actual current failure-handling SOP, audit and test report were not obtained.",Partial,2026-10-05,Single-analyst source coding; not operational audit
sys-upsc-field-12,sys-upsc,Current-status limits,"The October source confirms reported scaled use, not independently audited accuracy or every current operational detail.",Partial,2026-10-05,Single-analyst source coding; not operational audit
