candidate_id,name,decision,reason,system_id,frame_id
candidate-1475a931c03a1f8d,IndiaAI Impact Casebooks,Related resource,Sectoral India/global casebooks already exist; not proof of exclusive dataset novelty.,,
candidate-255b4210a49cfc42,iRASTE Nagpur standalone extra row,Deferred / context,Deployment retained as family context rather than a second new family count.,,
candidate-29ddf4b8ded90bdb,"RailOne, Coach Mitra, GOAL, CCLMS and Track Management AI",Context / deferred,"Interview names related applications, but component/provider/version records not sufficiently resolved for additional rows in this round.",,frame-railways
candidate-3252076d56978a92,Tamil Nadu Uzhavar AI versus Uzhavan,Deferred / context,Later scheme is not assumed same service/version or counted from naming similarity.,,
candidate-3c099ed05fbbcf3c,Digi Yatra RTI request,Context only,"Questions requested are not an authority reply, supplier award or operational evidence.",,
candidate-424b43cc4dffdacf,TRI-Netra and AI drone OHE inspection,Context / deferred,Development descriptions retained in source/candidate register; current operational component identity not resolved in this round.,,frame-railways
candidate-4830f2f4a294cae7,"AI courses, SOAR, SWAYAM and CoEs",Context / deferred,Teaching AI/capacity building is not evidence that course platforms use AI for public decisions.,,frame-education
candidate-4e1064e46ae90188,RBI DAKSH,Deferred / context,"Official workflow evidence reviewed, but model-specific AI attribution not established; broad AI discussion does not prove DAKSH uses AI.",,
candidate-55031986dc9a7c70,EPFO 3.0 alleged AI fraud tools,Deferred / context,Discovery lacked reviewed authoritative named-system implementation evidence.,,
candidate-76b37d3dd2ce1443,Nigeria qXR clinical study,Excluded as Indian deployment validation,Different country and setting; cannot validate the BMC pilot.,,
candidate-77c5f37e86f22ada,AIKosh and model/training programmes,Deferred / context,"Repositories, training and generic model announcements not new deployed service units.",,
candidate-798bb7a54afd8049,AIKosh,Context only,Training-data repository is not coded as a public-service deployment unit.,,
candidate-7f31f61459ce72be,e-Prosecution 2.0 and e-Forensics 2.0,Context / deferred,Launched applications are not automatically established AI deployments; do not infer from programme umbrella.,,frame-home
candidate-7f6c538fdb884044,BharatGen,Not included in this seed,Model/programme announcement alone was not converted into a named institution/service deployment.,,
candidate-80ee26f3994363bc,I4C suspect-scoring models,Context / deferred,"Exploratory models mentioned in report, not verified deployments or automatically CyberGuard components.",,frame-home
candidate-81c4284f247e1124,eMARG AI road-photo classification,Deferred / context,Road e-governance platform confirmed; AI classification described in development context insufficiently resolved for new inclusion.,,
candidate-84c0fd5cd36f726e,AI-enabled National Learning Operating System,Context / deferred,"Education-related DIC/MeitY EOI outside this administrative frame; proposed PPP, not an awarded/operational education-ministry deployment.",,frame-education
candidate-8d8f857f5d899a67,WILD and OMRS,Context / deferred,"Monitoring technology mentioned under broad AI headline; per-system model-specific AI not established, and not every sensor is AI.",,frame-railways
candidate-8e6d5335e015120b,Himachal Sahayak / document-verification aliases,Deferred / context,Generic portal response system and unresolved AI document-verification identity not counted to reach target.,,
candidate-ba7a0ca682fa0b69,ACUDA label,Deferred / context,No verified official project identity using this alias; official NUWR project name used instead.,,
candidate-c11850f4e21c5a6b,Perplexity–AICTE access partnership,Context / deferred,Institutional onboarding documented; access/training programme not separately counted as an AI decision-system deployment.,,frame-education
candidate-c1250331be9aceff,Generic elephant-detection IoT prototype,Excluded as Railway IDS validation,Reviewed deployment identity was not established.,,
candidate-d20381e1f80d2e1c,AI health hotspots and handheld X-rays,Context / deferred,Official generic capability descriptions lack a uniquely resolved service/product/version for this registry unit.,,frame-health
candidate-d6583065ac14cc63,NITI frontier-tech Qure.ai submission,Context only,Page explicitly disclaims endorsement/certification/validation; not an independent BMC evaluation.,,
candidate-d7a41768d9017bce,K-SMART generic platform,Deferred / context,Official intention to use emerging technologies and umbrella launch not treated as a sufficiently resolved named AI workflow in this round.,,
candidate-d80388e98c44aae7,DCI Social Protection AI Hub Kisan e-Mitra entry,Related resource,"Existing structured use-case documentation; independent primary-source coding here, not an exclusive discovery.",,
candidate-d9da242213153e3a,Trinetra standalone extra row,Deferred / context,"Historical UP police app kept within YAKSH/legacy family, not counted separately.",,
candidate-eeffea1fc2e76e1e,AI/ML textbook translation,Context / deferred,Official use described; a uniquely identified continuing service/version not established in this round.,,frame-education
candidate-fba75a79e654d576,SAHI,Context / deferred,"Governance strategy, not a clinical/service deployment or a completed evaluation.",,frame-health
candidate-ffcc9ec64703b357,"Court e-filing defect detection, ADALAT AI and LESA",Context / deferred,"Related court/legal-service descriptions; individual deployment scope and institutional identity deferred, not counted as absent.",,frame-court
sys-aadhaar-face,UIDAI Aadhaar face-authentication service,Included,Broadening-round named system; stage and AI qualification retained; not every deployment or legacy app counted separately,sys-aadhaar-face,
sys-abhigyan,NCRB-Abhigyan,Included,"Named system found in fixed institutional documentary searches; AI attribution, qualified biometric context or evaluation infrastructure retained with explicit limits",sys-abhigyan,
sys-advait,ADVAIT,Included,Named India public-service AI attribution or qualified algorithmic/biometric context; purposive seed selection,sys-advait,
sys-apt,India Post APT 2.0 AI operational analytics,Included,Broadening-round named system; stage and AI qualification retained; not every deployment or legacy app counted separately,sys-apt,
sys-askdisha,AskDISHA 2.0,Included,Named India public-service AI attribution or qualified algorithmic/biometric context; purposive seed selection,sys-askdisha,
sys-astr,ASTR telecom subscriber verification,Included,Broadening-round named system; stage and AI qualification retained; not every deployment or legacy app counted separately,sys-astr,
sys-astram,Bengaluru ASTraM traffic intelligence,Included,Broadening-round named system; stage and AI qualification retained; not every deployment or legacy app counted separately,sys-astram,
sys-atman,ATMAN chest-X-ray COVID triage,Included,Broadening-round named system; stage and AI qualification retained; not every deployment or legacy app counted separately,sys-atman,
sys-aware,Andhra Pradesh AWARE disaster intelligence,Included,Broadening-round named system; stage and AI qualification retained; not every deployment or legacy app counted separately,sys-aware,
sys-bharat-vistaar,Bharat-VISTAAR,Included,Named India public-service AI attribution or qualified algorithmic/biometric context; purposive seed selection,sys-bharat-vistaar,
sys-bhashini,BHASHINI language-AI services,Included,Named India public-service AI attribution or qualified algorithmic/biometric context; purposive seed selection,sys-bhashini,
sys-bifa,GSTN Business Intelligence and Fraud Analytics (BIFA),Included,Broadening-round named system; stage and AI qualification retained; not every deployment or legacy app counted separately,sys-bifa,
sys-bmc-tb,BMC–Qure.ai AI-assisted TB screening pilot,Included,Named India public-service AI attribution or qualified algorithmic/biometric context; purposive seed selection,sys-bmc-tb,
sys-bodh,BODH health-AI benchmarking platform,Included,"Named system found in fixed institutional documentary searches; AI attribution, qualified biometric context or evaluation infrastructure retained with explicit limits",sys-bodh,
sys-catb,Cough Against Tuberculosis (CATB),Included,"Named system found in fixed institutional documentary searches; AI attribution, qualified biometric context or evaluation infrastructure retained with explicit limits",sys-catb,
sys-cctns2,CCTNS 2.0 AI components,Included,"Named system found in fixed institutional documentary searches; AI attribution, qualified biometric context or evaluation infrastructure retained with explicit limits",sys-cctns2,
sys-cropic,CROPIC,Included,"Named system found in fixed institutional documentary searches; AI attribution, qualified biometric context or evaluation infrastructure retained with explicit limits",sys-cropic,
sys-crpi,CrPI multimodal biometric application,Included,"Named system found in fixed institutional documentary searches; AI attribution, qualified biometric context or evaluation infrastructure retained with explicit limits",sys-crpi,
sys-cwc-google,CWC–Google flood-forecasting collaboration,Included,Broadening-round named system; stage and AI qualification retained; not every deployment or legacy app counted separately,sys-cwc-google,
sys-cyberguard,I4C CyberGuard,Included,Named India public-service AI attribution or qualified algorithmic/biometric context; purposive seed selection,sys-cyberguard,
sys-delhi-itms,Delhi Intelligent Traffic Management System (ITMS),Included,Broadening-round named system; stage and AI qualification retained; not every deployment or legacy app counted separately,sys-delhi-itms,
sys-digiyatra,Digi Yatra,Included,Named India public-service AI attribution or qualified algorithmic/biometric context; purposive seed selection,sys-digiyatra,
sys-diksha,DIKSHA AI accessibility features,Included,"Named system found in fixed institutional documentary searches; AI attribution, qualified biometric context or evaluation infrastructure retained with explicit limits",sys-diksha,
sys-djb-twin,Delhi Jal Board AI/digital-twin collaboration,Included,Broadening-round named system; stage and AI qualification retained; not every deployment or legacy app counted separately,sys-djb-twin,
sys-ejaadui,e-Jaadui Pitara AI-bot service,Included,"Named system found in fixed institutional documentary searches; AI attribution, qualified biometric context or evaluation infrastructure retained with explicit limits",sys-ejaadui,
sys-epaarvai,e-Paarvai,Included,Named India public-service AI attribution or qualified algorithmic/biometric context; purposive seed selection,sys-epaarvai,
sys-esanjeevani,eSanjeevani clinical decision support,Included,Named India public-service AI attribution or qualified algorithmic/biometric context; purposive seed selection,sys-esanjeevani,
sys-fest,RTA FEST,Included,Named India public-service AI attribution or qualified algorithmic/biometric context; purposive seed selection,sys-fest,
sys-fmr-fir,UIDAI FMR-FIR fingerprint liveness,Included,Broadening-round named system; stage and AI qualification retained; not every deployment or legacy app counted separately,sys-fmr-fir,
sys-fri,Financial Fraud Risk Indicator (FRI),Included,Broadening-round named system; stage and AI qualification retained; not every deployment or legacy app counted separately,sys-fri,
sys-igms,CPGRAMS Intelligent Grievance Management System (IGMS),Included,Broadening-round named system; stage and AI qualification retained; not every deployment or legacy app counted separately,sys-igms,
sys-infomerge,SEBI InfoMerge investigation assistance,Included,Broadening-round named system; stage and AI qualification retained; not every deployment or legacy app counted separately,sys-infomerge,
sys-insight,Project Insight,Included,Named India public-service AI attribution or qualified algorithmic/biometric context; purposive seed selection,sys-insight,
sys-ioncology,AIIMS iOncology.ai,Included,Broadening-round named system; stage and AI qualification retained; not every deployment or legacy app counted separately,sys-ioncology,
sys-iraste,iRASTE road-safety programme family,Included,Broadening-round named system; stage and AI qualification retained; not every deployment or legacy app counted separately,sys-iraste,
sys-itms,Integrated Track Monitoring System (ITMS),Included,"Named system found in fixed institutional documentary searches; AI attribution, qualified biometric context or evaluation infrastructure retained with explicit limits",sys-itms,
sys-jeevan-pramaan,Jeevan Pramaan face-authenticated life certificate,Included,Broadening-round named system; stage and AI qualification retained; not every deployment or legacy app counted separately,sys-jeevan-pramaan,
sys-khushi,TB Mukt Bharat Khushi chatbot,Included,"Named system found in fixed institutional documentary searches; AI attribution, qualified biometric context or evaluation infrastructure retained with explicit limits",sys-khushi,
sys-kisan-emitra,Kisan e-Mitra,Included,Named India public-service AI attribution or qualified algorithmic/biometric context; purposive seed selection,sys-kisan-emitra,
sys-kisan-sarathi,Kisan Sarathi advisory platform,Included,Broadening-round named system; stage and AI qualification retained; not every deployment or legacy app counted separately,sys-kisan-sarathi,
sys-ksh,Krushi Samrudhi Helpline AI advisory,Included,Broadening-round named system; stage and AI qualification retained; not every deployment or legacy app counted separately,sys-ksh,
sys-madhunetrai,MadhuNetrAI,Included,"Named system found in fixed institutional documentary searches; AI attribution, qualified biometric context or evaluation infrastructure retained with explicit limits",sys-madhunetrai,
sys-mahacrimeos,MahaCrimeOS investigation support,Included,Named India public-service AI attribution or qualified algorithmic/biometric context; purposive seed selection,sys-mahacrimeos,
sys-mahavistaar,MahaVISTAAR agricultural advisory,Included,Broadening-round named system; stage and AI qualification retained; not every deployment or legacy app counted separately,sys-mahavistaar,
sys-mausamgpt,MausamGPT weather-information assistant,Included,Broadening-round named system; stage and AI qualification retained; not every deployment or legacy app counted separately,sys-mausamgpt,
sys-mds,Media Disease Surveillance under IDSP,Included,"Named system found in fixed institutional documentary searches; AI attribution, qualified biometric context or evaluation infrastructure retained with explicit limits",sys-mds,
sys-mvis,Machine Vision Inspection System (MVIS),Included,"Named system found in fixed institutional documentary searches; AI attribution, qualified biometric context or evaluation infrastructure retained with explicit limits",sys-mvis,
sys-nhai-das,NHAI Dashcam Analytics Services (DAS),Included,Broadening-round named system; stage and AI qualification retained; not every deployment or legacy app counted separately,sys-nhai-das,
sys-npss,National Pest Surveillance System (NPSS),Included,"Named system found in fixed institutional documentary searches; AI attribution, qualified biometric context or evaluation infrastructure retained with explicit limits",sys-npss,
sys-nuwr-analysis,NUWR AI acoustic/magnetic signature-analysis project,Included,Broadening-round named system; stage and AI qualification retained; not every deployment or legacy app counted separately,sys-nuwr-analysis,
sys-paddymitra,PaddyMitra rice advisory chatbot,Included,Broadening-round named system; stage and AI qualification retained; not every deployment or legacy app counted separately,sys-paddymitra,
sys-pais,Punjab Artificial Intelligence System (PAIS),Included,Broadening-round named system; stage and AI qualification retained; not every deployment or legacy app counted separately,sys-pais,
sys-plcs,Pensioners Life Certificate through Selfie (PLCS),Included,Named India public-service AI attribution or qualified algorithmic/biometric context; purposive seed selection,sys-plcs,
sys-raidar,SEBI R(AI)DAR advertisement review,Included,Broadening-round named system; stage and AI qualification retained; not every deployment or legacy app counted separately,sys-raidar,
sys-rail-ids,Elephant Intrusion Detection System,Included,Named India public-service AI attribution or qualified algorithmic/biometric context; purposive seed selection,sys-rail-ids,
sys-rail-vss,Railway Video Surveillance System (VSS) AI analytics,Included,"Named system found in fixed institutional documentary searches; AI attribution, qualified biometric context or evaluation infrastructure retained with explicit limits",sys-rail-vss,
sys-railmadad,RailMadad AI complaint prioritisation,Included,"Named system found in fixed institutional documentary searches; AI attribution, qualified biometric context or evaluation infrastructure retained with explicit limits",sys-railmadad,
sys-raj-silicosis,Raj-Silicosis AI certification and auto-approval,Included,Broadening-round named system; stage and AI qualification retained; not every deployment or legacy app counted separately,sys-raj-silicosis,
sys-rajgpt,RajGPT / RajNivesh investor facilitation,Included,Broadening-round named system; stage and AI qualification retained; not every deployment or legacy app counted separately,sys-rajgpt,
sys-saagu-baagu,Saagu Baagu agricultural AI pilot,Included,Broadening-round named system; stage and AI qualification retained; not every deployment or legacy app counted separately,sys-saagu-baagu,
sys-safe-kerala,Safe Kerala AI traffic enforcement,Included,Broadening-round named system; stage and AI qualification retained; not every deployment or legacy app counted separately,sys-safe-kerala,
sys-sanjay,SANJAY battlefield surveillance system,Included,Broadening-round named system; stage and AI qualification retained; not every deployment or legacy app counted separately,sys-sanjay,
sys-sansad-chatbot,Sansad procedural-information chatbot proposal,Included,Broadening-round named system; stage and AI qualification retained; not every deployment or legacy app counted separately,sys-sansad-chatbot,
sys-seva,SEBI Virtual Assistant (SEVA),Included,Broadening-round named system; stage and AI qualification retained; not every deployment or legacy app counted separately,sys-seva,
sys-sudarsan,SEBI Project SUDARSAN,Included,Broadening-round named system; stage and AI qualification retained; not every deployment or legacy app counted separately,sys-sudarsan,
sys-supace,SUPACE research assistance,Included,Named India public-service AI attribution or qualified algorithmic/biometric context; purposive seed selection,sys-supace,
sys-susahyak,SuSahayak court-information chatbot,Included,"Named system found in fixed institutional documentary searches; AI attribution, qualified biometric context or evaluation infrastructure retained with explicit limits",sys-susahyak,
sys-suvas,SUVAS judicial translation,Included,Named India public-service AI attribution or qualified algorithmic/biometric context; purposive seed selection,sys-suvas,
sys-teres,TERES judicial transcription,Included,"Named system found in fixed institutional documentary searches; AI attribution, qualified biometric context or evaluation infrastructure retained with explicit limits",sys-teres,
sys-upsc,UPSC face authentication,Included,Named India public-service AI attribution or qualified algorithmic/biometric context; purposive seed selection,sys-upsc,
sys-uzhavan-pest,Uzhavan pest-identification service,Included,Broadening-round named system; stage and AI qualification retained; not every deployment or legacy app counted separately,sys-uzhavan-pest,
sys-yaksh,UP Police YAKSH / legacy Trinetra family,Included,Broadening-round named system; stage and AI qualification retained; not every deployment or legacy app counted separately,sys-yaksh,
