coverage_id,frame_id,system_id,relation
coverage-03b4e8b2236391f0,frame-railways,sys-rail-ids,Documentary coverage association; not proof of administrative ownership
coverage-03cd9ece14f9a550,frame-health,sys-esanjeevani,Documentary coverage association; not proof of administrative ownership
coverage-0564852d4500aaf8,frame-agriculture,sys-kisan-emitra,Documentary coverage association; not proof of administrative ownership
coverage-09526b22a918ff54,frame-health,sys-bodh,Documentary coverage association; not proof of administrative ownership
coverage-0e6b35814dd95325,frame-health,sys-khushi,Documentary coverage association; not proof of administrative ownership
coverage-180e54b02fd018cd,frame-education,sys-ejaadui,Documentary coverage association; not proof of administrative ownership
coverage-1a09b841b7c3c96a,frame-health,sys-mds,Documentary coverage association; not proof of administrative ownership
coverage-264e5a87b71112c3,frame-agriculture,sys-bharat-vistaar,Documentary coverage association; not proof of administrative ownership
coverage-284a26eae291d7b9,frame-court,sys-suvas,Documentary coverage association; not proof of administrative ownership
coverage-41add470c86960ef,frame-court,sys-teres,Documentary coverage association; not proof of administrative ownership
coverage-53f98ea45f3df30a,frame-railways,sys-mvis,Documentary coverage association; not proof of administrative ownership
coverage-589bc04a734eb879,frame-health,sys-catb,Documentary coverage association; not proof of administrative ownership
coverage-65d653e9fd4d2309,frame-health,sys-madhunetrai,Documentary coverage association; not proof of administrative ownership
coverage-6d30face5b38b817,frame-railways,sys-askdisha,Documentary coverage association; not proof of administrative ownership
coverage-71c342fab8790300,frame-railways,sys-rail-vss,Documentary coverage association; not proof of administrative ownership
coverage-744b7b84c7a02072,frame-home,sys-crpi,Documentary coverage association; not proof of administrative ownership
coverage-8259c88211017f07,frame-agriculture,sys-cropic,Documentary coverage association; not proof of administrative ownership
coverage-8470d4a7c9c614e8,frame-railways,sys-railmadad,Documentary coverage association; not proof of administrative ownership
coverage-8bb5191d8103b46e,frame-agriculture,sys-npss,Documentary coverage association; not proof of administrative ownership
coverage-95aa7d9f4a946ae9,frame-home,sys-cctns2,Documentary coverage association; not proof of administrative ownership
coverage-97071f05caeb65fd,frame-court,sys-supace,Documentary coverage association; not proof of administrative ownership
coverage-d45da1752dfd141a,frame-railways,sys-itms,Documentary coverage association; not proof of administrative ownership
coverage-de0ea3fc5afcbbcd,frame-home,sys-abhigyan,Documentary coverage association; not proof of administrative ownership
coverage-e21de4fd366d8e5e,frame-court,sys-susahyak,Documentary coverage association; not proof of administrative ownership
coverage-f0e9144d8abda58f,frame-home,sys-cyberguard,Documentary coverage association; not proof of administrative ownership
coverage-f15d44146db4a51e,frame-education,sys-diksha,Documentary coverage association; not proof of administrative ownership
