deployment_id,system_id,event_date,date_precision,stage,place,description,institution_name
deployments-040d14ab720c6135,sys-saagu-baagu,2026-04-02,"Source report date, not actual go-live; undated if no exact report date established",Partner-reported pilot outcomes and expansion plans,Telangana,"Partner-reported pilot outcomes and expansion plans; documentary stage, not an independent October operational audit.",
deployments-06393a09bac906bf,sys-igms,,"Source report date, not actual go-live; undated if no exact report date established",Official module use described,India,"Official module use described; documentary stage, not an independent October operational audit.",
deployments-0954cd3c74f277d1,sys-pais,,"Source report date, not actual go-live; undated if no exact report date established",Police-developer app listing present,Punjab,"Police-developer app listing present; documentary stage, not an independent October operational audit.",
deployments-0c4218e6bd5da643,sys-upsc,,Mixed dates in source-backed narrative; not assigned one go-live date,Official deployment reported,India,"A September 2025 pilot and scaled use on 24 May 2026 are officially reported, with about 5.50 lakh candidates.",
deployments-0ebff93ad441d6ec,sys-jeevan-pramaan,,"Source report date, not actual go-live; undated if no exact report date established",Face-authentication workflow documented,India,"Face-authentication workflow documented; documentary stage, not an independent October operational audit.",
deployments-137611336b764de7,sys-ioncology,2026-09-15,"Source report date, not actual go-live; undated if no exact report date established",September report says pilot/research evaluation,India,"September report says pilot/research evaluation; documentary stage, not an independent October operational audit.",
deployments-1a25b2087067c037,sys-plcs,2019-04,month,Historical launch reported,Telangana,Date from undated ESD page; October 2026 current coverage unverified.,
deployments-248cde3a24c1aba1,sys-bharat-vistaar,2026-02-17,day,Phase-I launch reported,India; Phase-I Hindi and English,Launch date from March government explanation.,
deployments-2bf5e92c2b96046a,sys-nuwr-analysis,,"Source report date, not actual go-live; undated if no exact report date established",Official catalogue describes proposed project,India,"Official catalogue describes proposed project; documentary stage, not an independent October operational audit.",
deployments-369ba9e9c9546320,sys-digiyatra,2026-08-06,day,Reported operational,39 airports,Parliamentary availability; not independent site audit.,
deployments-4060eb2e54432bdb,sys-bifa,,"Source report date, not actual go-live; undated if no exact report date established",AI/ML tools described in industry consultation,India,"AI/ML tools described in industry consultation; documentary stage, not an independent October operational audit.",
deployments-4435a62fb9ab493a,sys-fri,2026-09-08,"Source report date, not actual go-live; undated if no exact report date established",Risk intelligence in bank/payment workflows reported,India,"Risk intelligence in bank/payment workflows reported; documentary stage, not an independent October operational audit.",
deployments-476794153f290fd9,sys-aware,2026-03-31,"Source report date, not actual go-live; undated if no exact report date established",Governance/developer accounts describe use,Andhra Pradesh,"Governance/developer accounts describe use; documentary stage, not an independent October operational audit.",
deployments-49ce682690a7dd0e,sys-seva,,"Source report date, not actual go-live; undated if no exact report date established",Beta chatbot introduction reported; current version not verified,India,"Beta chatbot introduction reported; current version not verified; documentary stage, not an independent October operational audit.",
deployments-4b7177386610a7d9,sys-iraste,,"Source report date, not actual go-live; undated if no exact report date established",Partner report describes deployments and observational comparison,Telangana and Nagpur,"Partner report describes deployments and observational comparison; documentary stage, not an independent October operational audit.",
deployments-4e27f51ee9e32bc6,sys-safe-kerala,2026-09-20,"Source report date, not actual go-live; undated if no exact report date established",Challan processing reported suspended in September,Kerala,"Challan processing reported suspended in September; documentary stage, not an independent October operational audit.",
deployments-51907e79d92e0115,sys-mahacrimeos,,Mixed dates in source-backed narrative; not assigned one go-live date,Vendor/reporting-supported pilot; scale unverified,Maharashtra,"Sources describe 23 and 25 pilot stations and an announcement to extend to 1,100; a completed station-wise rollout was not verified.",
deployments-51a7341f253f9beb,sys-aadhaar-face,2026-09-09,"Source report date, not actual go-live; undated if no exact report date established",SDK/service capability described,India,"SDK/service capability described; documentary stage, not an independent October operational audit.",
deployments-59fe859d55fa9538,sys-askdisha,2021-09-06,day,Historical enquiry service reported,IRCTC users,Historical report; booking still stated as future.,
deployments-5e84ac7c3ff8cfa5,sys-digiyatra,2026-05-30,day,Reported operational,38 airports,Official May coverage; not later October coverage.,
deployments-61741cf9e357806e,sys-djb-twin,,"Source report date, not actual go-live; undated if no exact report date established",MoU development plan reported,Delhi,"MoU development plan reported; documentary stage, not an independent October operational audit.",
deployments-6475653e5d94f6e2,sys-bhashini,2026-09-30,day,Launch reported,Comptroller and Auditor General of India,CAG-BHASHINI Anuvaad named launch; no completed output audit.,Comptroller and Auditor General of India
deployments-64ccc84ad850700e,sys-ksh,,"Source report date, not actual go-live; undated if no exact report date established",Tender describes current chatbot and planned voice scaling,Odisha,"Tender describes current chatbot and planned voice scaling; documentary stage, not an independent October operational audit.",
deployments-6564fae26d6eefa8,sys-uzhavan-pest,2020-02-18,"Source report date, not actual go-live; undated if no exact report date established",Historical 2020 service account,Tamil Nadu,"Historical 2020 service account; documentary stage, not an independent October operational audit.",
deployments-6901786729fd58b0,sys-kisan-emitra,2023,year,Launch reported,India,Launch year only; exact day not assigned from an unreviewed source.,
deployments-6bbba07c442082bf,sys-atman,,"Source report date, not actual go-live; undated if no exact report date established",Developer describes development and testing,India,"Developer describes development and testing; documentary stage, not an independent October operational audit.",
deployments-7139ead4b966a118,sys-delhi-itms,2026-09-30,"Source report date, not actual go-live; undated if no exact report date established",Cabinet-approved project; future implementation,Delhi,"Cabinet-approved project; future implementation; documentary stage, not an independent October operational audit.",
deployments-7144d2a1f7ccb5e0,sys-npss,2024-08-15,day,Launch reported,India,Launch date is stated; October site-by-site availability not audited.,
deployments-7599f4c32ec37c4e,sys-infomerge,,"Source report date, not actual go-live; undated if no exact report date established",In-house investigation use reported,India,"In-house investigation use reported; documentary stage, not an independent October operational audit.",
deployments-786bad966d204f6f,sys-bhashini,2026-07-02,day,Reported operational,India government services,"Platform-level activity, not 800 separately inventoried deployments.",
deployments-7952e3be2323ed68,sys-bmc-tb,2021–2022,range,Historical pilot reported,"Nine BMC hospitals, Mumbai",Attributed reporting; current operation and exact software version not verified.,
deployments-8213742751a2bbad,sys-supace,,Mixed dates in source-backed narrative; not assigned one go-live date,Experimental in reviewed official record,India,"The February official source describes experimental status and no regular judicial use, rather than completed deployment.",
deployments-8a69aab952355f21,sys-sanjay,2025-01-24,"Source report date, not actual go-live; undated if no exact report date established",Flag-off and planned induction described,India,"Flag-off and planned induction described; documentary stage, not an independent October operational audit.",
deployments-8a752ee36579f633,sys-astr,2026-07-23,"Source report date, not actual go-live; undated if no exact report date established",Official use and re-verification disconnections reported,India,"Official use and re-verification disconnections reported; documentary stage, not an independent October operational audit.",
deployments-8e2e40ef2029a862,sys-yaksh,,"Source report date, not actual go-live; undated if no exact report date established",Launch reporting and official YAKSH instructions indexed,Uttar Pradesh,"Launch reporting and official YAKSH instructions indexed; documentary stage, not an independent October operational audit.",
deployments-9f0b5d0a30b69e71,sys-madhunetrai,2025-12-16,day,AFMS pilot programme launched; seven sites planned,AFMS named locations,Future site implementation not treated as all seven operational.,
deployments-a4bc4ce547060b1b,sys-apt,2026-05-12,"Source report date, not actual go-live; undated if no exact report date established",Ministerial review describes AI integration,India,"Ministerial review describes AI integration; documentary stage, not an independent October operational audit.",
deployments-a586880da2abff61,sys-paddymitra,2025-10-20,"Source report date, not actual go-live; undated if no exact report date established",Implementing institute reports Odisha launch,Odisha,"Implementing institute reports Odisha launch; documentary stage, not an independent October operational audit.",
deployments-a6641c56a334d805,sys-astram,,"Source report date, not actual go-live; undated if no exact report date established",Developer case study describes platform use,Karnataka,"Developer case study describes platform use; documentary stage, not an independent October operational audit.",
deployments-a6dde8b2d1a9ad3e,sys-kisan-sarathi,,"Source report date, not actual go-live; undated if no exact report date established",Official advisory platform coverage; AI search intent also advertised,India,"Official advisory platform coverage; AI search intent also advertised; documentary stage, not an independent October operational audit.",
deployments-b1b678169d746237,sys-insight,2017-05,month,Expected launch,Income Tax Department,Expected first phase only; not treated as achieved date.,
deployments-b2b5bb1a2b26dd42,sys-bharat-vistaar,2026-07-24,day,Channel-specific service use reported,India,July reply reports two telephone languages versus ten digital-channel languages.,
deployments-b8cfb956ce441b71,sys-sudarsan,,"Source report date, not actual go-live; undated if no exact report date established",Annual report states operationalisation,India,"Annual report states operationalisation; documentary stage, not an independent October operational audit.",
deployments-bedfd8c333f99e58,sys-fmr-fir,2023-03-22,"Source report date, not actual go-live; undated if no exact report date established",Historical rollout with readiness exceptions reported,India,"Historical rollout with readiness exceptions reported; documentary stage, not an independent October operational audit.",
deployments-c1fbee5192bde329,sys-mausamgpt,2026-08-12,"Source report date, not actual go-live; undated if no exact report date established",Under development in August answer,India,"Under development in August answer; documentary stage, not an independent October operational audit.",
deployments-c505f5f2bee4deb6,sys-suvas,,Mixed dates in source-backed narrative; not assigned one go-live date,Official use reported,India,The February official explanation reports use and hosting on e-SCR; current court-by-court coverage is not certified.,
deployments-d1f3458cde1e8bc9,sys-cwc-google,,"Source report date, not actual go-live; undated if no exact report date established",Historical pilot and official collaboration documented,India,"Historical pilot and official collaboration documented; documentary stage, not an independent October operational audit.",
deployments-d75f49619c47faad,sys-mahavistaar,,"Source report date, not actual go-live; undated if no exact report date established",Official directory describes 2026 personalisation upgrade,Maharashtra,"Official directory describes 2026 personalisation upgrade; documentary stage, not an independent October operational audit.",
deployments-d8d02505fc731509,sys-raj-silicosis,,"Source report date, not actual go-live; undated if no exact report date established",Official programme presentation describes workflow,Rajasthan,"Official programme presentation describes workflow; documentary stage, not an independent October operational audit.",
deployments-db01aed08ae68824,sys-raidar,,"Source report date, not actual go-live; undated if no exact report date established",AMC/AMFI deployment reported,India,"AMC/AMFI deployment reported; documentary stage, not an independent October operational audit.",
deployments-dd505a9ca60b7b43,sys-sansad-chatbot,2025-03-18,"Source report date, not actual go-live; undated if no exact report date established",MoU describes proposed development,India,"MoU describes proposed development; documentary stage, not an independent October operational audit.",
deployments-e3e4727c3fa5f5f6,sys-rail-ids,2026-02-04,day,Reported operational,Northeast Frontier Railway: 141 route-km,Sanctioned work elsewhere is not counted as completed working extent.,
deployments-ea50e046c34fac09,sys-askdisha,,undated,Service interface observed,IRCTC–CoRover interface,Observed 5 October 2026; no booking was submitted.,
deployments-ed059d31c2b562da,sys-esanjeevani,,Mixed dates in source-backed narrative; not assigned one go-live date,Official integration reported,India,The parliamentary response dates integration to April 2023 and usage through July 2026; the developer page says March 2023. These descriptions may refer to different components/stages; they are not silently reconciled.,
deployments-f0d49a05aece823e,sys-rajgpt,2026-04-13,"Source report date, not actual go-live; undated if no exact report date established",State-roadmap account describes deployment,Rajasthan,"State-roadmap account describes deployment; documentary stage, not an independent October operational audit.",
deployments-f3e1f38204c456fc,sys-cyberguard,,Mixed dates in source-backed narrative; not assigned one go-live date,Official integration reported,India,The 29 July official record reports integration with I4C systems.,
deployments-f409e028668740ec,sys-fest,2020-07,month,Historical launch reported,Telangana,Physical test and inspection exceptions retained.,
deployments-fd1eccfa2b0c7c62,sys-advait,2021,year,Historical rollout reported,CBIC,Rollout year stated in 2023 explanation; no precise start date invented.,
deployments-ff0499ccd50f6e2e,sys-nhai-das,2026-06-16,"Source report date, not actual go-live; undated if no exact report date established",June statement says rollout initiated,India,"June statement says rollout initiated; documentary stage, not an independent October operational audit.",
