evaluation_id,system_id,evaluation_type,sample_n,sample_unit,setting,current_version_match,result_summary,evidence_status
evaluation-0392f99b781dabb0,sys-upsc,Evaluation-related documentary evidence; not verified current performance,,,See assertion and linked source context,Not established,UPSC reports six-to-eight-second typical authentication; no independent false-accept/reject or subgroup evaluation was verified.,Partial
evaluation-1d6996d576339737,sys-cyberguard,Evaluation-related documentary evidence; not verified current performance,,,See assertion and linked source context,Not established,"n.a. 'Improved speed and accuracy' is an official qualitative claim, not a production benchmark with error distributions.",Not verified
evaluation-cbeac9ed93a5b068,sys-esanjeevani,Evaluation-related documentary evidence; not verified current performance,,,See assertion and linked source context,Not established,"A national implementation-study abstract reports expert-clinician validation and implementation, but independent numeric error rates were not established in the retrieved text and full manuscript access was blocked. A separate local 4,401-record study's 90% figure is not the existing national system's score.",Partial
evaluations-21bf161f0903c59b,sys-iraste,Implementing-partner observational fleet comparison,200,TGSRTC buses in selected primary study fleet,April 2023–March 2024; over 20 million ADAS-bus km reported,Historical intervention; current fleet/model not verified,40% lower fatal-accident crash rate reported versus non-ADAS buses; training and selection not causally isolated,Partial
evaluations-55c191eeb8a01801,sys-ioncology,Clinician-reported historical test plus later validation limitation,1500,breast and ovarian cancer patients in reporting,AIIMS; peer-reviewed protocol not reviewed,Not established,Over 75% clinician-comparison claim; later research-mode status does not certify clinical utility,Partial
evaluations-7f6084e26e3ef0f8,sys-epaarvai,Prospective diagnostic field study,1407,patients; 2619 eyes,"Tertiary eye hospital, South India; Jan–Apr 2022; >40 years and BCVA <20/40",Current production version not verified,"96% sensitivity, 25% specificity, 88% accuracy; selected sample and reference standard retained.",
evaluations-d15ed8c11f8b5661,sys-rail-ids,Specification; not measured evaluation,,,RDSO requirement,Not a measurement,Detection and false-alarm targets; acceptance results not reviewed.,
evaluations-eb164993e2f00cf2,sys-atman,Developer-described doctor testing,,X-ray images; exact evaluated cohort not established,HCG and Ankh Life Care named in developer account,Not established,Testing/validation claimed without reviewed reproducible performance protocol,Partial
evaluations-f7e17a21b79197c7,sys-shiksha-copilot,Partner mixed-methods study; abstract reviewed only,1043,teachers,Government schools in Karnataka; also 23 curators,Not independently established,Abstract reports reduced planning burden and constrained pedagogical change; not causal student-outcome validation.,Partial
