metric_id,system_id,metric_name,value,unit,metric_kind,measurement_scope,denominator,value_qualifier,value_upper
metrics-2c4f52bcbdb9d493,sys-kisan-emitra,Answered queries,9300000,queries,Usage self-report,More than this value as of December 2025; not verified successful grievances,,More than stated lower bound,
metrics-31c9a05abd301b15,sys-epaarvai,Specificity,25,%,Study measurement,"2022 field study, cataract detection, selected tertiary-hospital sample",2619 eyes from 1407 patients; metric-specific denominator not reconstructed,Reported value,
metrics-38746cef4d5114ab,sys-rail-ids,Reported elephants saved,255,elephants,Multi-intervention outcome self-report,"January–September 2026, news quoting NFR; not causal IDS-only attribution",,Reported value,
metrics-3fac242193aabf34,sys-astr,Reported connections disconnected after failed re-verification,8800000,mobile connections,Administrative outcome self-report,As of 15 July 2026; no false-positive denominator; not all Sanchar Saathi disconnections are ASTR.,,More than stated lower bound,
metrics-7366c599e3cffb52,sys-bmc-tb,Returned for confirmation,2376,people,Reported clinical workflow count,2021–2022 pilot reporting; not algorithm accuracy,Around 9702 asked to return,Reported value,
metrics-7a9192d5c07c6de6,sys-iraste,Reported lower fatal-accident crash rate,40,percent,Partner observational comparative outcome,April 2023–March 2024; ADAS-equipped versus non-ADAS; not randomised AI-only attribution.,,Reported value; not independent validation,
metrics-7c6bad59a8f710dd,sys-digiyatra,Reported usage,107500000,uses,Usage self-report,Cumulative to August parliamentary answer; not unique travellers,,More than stated lower bound,
metrics-80222c2b884056d4,sys-fri,Reported cumulative suspected losses prevented,5043.73,INR crore,Official suspected-loss prevention self-report,By August 2026; not independently verified actual losses avoided or model accuracy.,,Reported value; not independent validation,
metrics-8a5ca668af877043,sys-saagu-baagu,Partner-reported chilli yield increase,21,percent,Multi-intervention outcome self-report,First-phase participating farmers; bundled services and selection effects not isolated.,,Reported value; not independent validation,
metrics-8c6b20d586eaee7c,sys-epaarvai,Accuracy,88,%,Study measurement,"2022 field study, cataract detection, selected tertiary-hospital sample",2619 eyes from 1407 patients; metric-specific denominator not reconstructed,Reported value,
metrics-8f4612706e36a1d9,sys-npss,Reported extension-worker use,10000,extension workers,Usage self-report,Over this lower bound as of July reply; not diagnostic accuracy,,More than stated lower bound,
metrics-974b493147ef3a94,sys-catb,Reported additional TB yield range,12,% additional yield,Official outcome claim; evaluation protocol unavailable,Not sensitivity/specificity or current version accuracy,Conventional screening comparator not fully specified,Reported lower/upper range; not diagnostic accuracy,16
metrics-a692989b097f76b6,sys-sudarsan,Reported content instances identified,20000,instances,Administrative detection self-report,"Since November 2025 commencement, annual-report period; precision/false positives not established.",,More than stated lower bound,
metrics-b7c195786f5c8004,sys-rail-ids,Maximum false-alarm share,5,% generated alarms/section/month,Specification threshold,Not observed false-positive rate; user Railway may define,All generated alarms in section/month,Maximum requirement; not observation,
metrics-bf44a78e615764de,sys-epaarvai,Positive predictive value,92.3,%,Study measurement,"2022 field study, cataract detection, selected tertiary-hospital sample",2619 eyes from 1407 patients; metric-specific denominator not reconstructed,Reported value,
metrics-cc2daa40c0cfe860,sys-bhashini,Daily AI inferences,24000000,inferences/day,Usage self-report,September government statement says over this value; not unique users or quality,,More than stated lower bound,
metrics-cd11c355367b646d,sys-astram,Claimed critical-corridor congestion reduction,20,percent,Developer outcome claim; protocol unavailable,"Up to 20%; dates, comparator and confounding not established.",,Up to stated maximum; not independent validation,
metrics-d91a696d1fd2a785,sys-epaarvai,Sensitivity,96,%,Study measurement,"2022 field study, cataract detection, selected tertiary-hospital sample",2619 eyes from 1407 patients; metric-specific denominator not reconstructed,Reported value,
metrics-dce10123a29cc481,sys-plcs,Authentication success claim,93,%,Case-study claim; protocol unavailable,About 93%; not current independently measured accuracy,Not supplied in reviewed case study,About,
metrics-f3ff4af4a32bf9ad,sys-epaarvai,Negative predictive value,57.8,%,Study measurement,"2022 field study, cataract detection, selected tertiary-hospital sample",2619 eyes from 1407 patients; metric-specific denominator not reconstructed,Reported value,
