system_id,name,sector,jurisdiction,stage,latest_record_date,ai_basis,legacy_id,owner_institution_id,checked_date,unit,selection,frame_id,system_kind,ai_class,ai_class_basis,research_round
sys-aadhaar-face,UIDAI Aadhaar face-authentication service,Identity infrastructure,India,SDK/service capability described,2026-09-09,Qualified automated/algorithmic context; system-specific AI architecture not established,,inst-e999f31ac201d555,2026-10-05,Named service/system; not each installation or model,Broadening-round named-system addition,,Public-service system,Qualified algorithmic / biometric context,"AI attribution includes vendor/editorial sources, not independent or government validation. Qualified subset lacks verified system-specific AI identification in the reviewed records.",1.2.0
sys-aarogya-ai,Aarogya Setu 2.0 AI health insights,Personal health information,India,June 2026 upgrade announced,2026-06-29,"Explicit AI attribution in reviewed institutional, developer or editorial record; not independent validation",,inst-4db7fdfd0df0fe6b,2026-10-05,Named service/system; not each installation or model,Scaling cohort: purposive named family; variants and installations coalesced,,Public-service system,Explicit source attribution,"AI attribution includes vendor/editorial sources, not independent or government validation. Qualified subset lacks verified system-specific AI identification in the reviewed records.",1.3.0
sys-abhigyan,NCRB-Abhigyan,Police biometric identification,India,Application launch reported,2026-06-19,Biometric matching described; system-specific AI identification not established,,inst-e3938ebce6d6f9f4,2026-10-05,Named service/system; not each installation or model,Fixed-frame documentary search addition,frame-home,Public-service system,Qualified algorithmic / biometric context,"AI attribution includes vendor/editorial sources, not independent or government validation. Qualified subset lacks verified system-specific AI identification in the reviewed records.",1.1.0
sys-adalat-ai,Adalat AI court-assistance family,Judicial recording and assistance,Andhra Pradesh; wider programme context,Court order mandates rollout from 1 October 2026; actual courtroom coverage not established,2026-07-27,"Explicit AI attribution in reviewed institutional, developer or editorial record; not independent validation",,inst-e03e9569c4f357a7,2026-10-05,Named service/system; not each installation or model,Scaling cohort: purposive named family; variants and installations coalesced,,Public-service system,Explicit source attribution,"AI attribution includes vendor/editorial sources, not independent or government validation. Qualified subset lacks verified system-specific AI identification in the reviewed records.",1.3.0
sys-aditi,Bank of Baroda ADITI virtual assistant,Public-sector banking assistance,India,ADITI 2.0 upgrade reported July 2026; one version family,2026-07-20,"Explicit AI attribution in reviewed institutional, developer or editorial record; not independent validation",,inst-fce0b15c7c195529,2026-10-05,Named service/system; not each installation or model,Scaling cohort: purposive named family; variants and installations coalesced,,Public-service system,Explicit source attribution,"AI attribution includes vendor/editorial sources, not independent or government validation. Qualified subset lacks verified system-specific AI identification in the reviewed records.",1.3.0
sys-advait,ADVAIT,Tax administration,India,Historical rollout reported,2023-03-27,Explicit AI in official source,,inst-f79096a81f8ebca4,2026-10-05,Named service/system; not each installation or model,Purposive exploratory seed,,Public-service system,Explicit source attribution,"AI attribution includes vendor/editorial sources, not independent or government validation. Qualified subset lacks verified system-specific AI identification in the reviewed records.",1.0.0
sys-adya,Indian Bank ADYA,Public-sector banking assistance,India,Historical launch and July 2026 tender reference indicate service; current acceptance not audited,,"Explicit AI attribution in reviewed institutional, developer or editorial record; not independent validation",,inst-dc90b35cf13128a7,2026-10-05,Named service/system; not each installation or model,Scaling cohort: purposive named family; variants and installations coalesced,,Public-service system,Explicit source attribution,"AI attribution includes vendor/editorial sources, not independent or government validation. Qualified subset lacks verified system-specific AI identification in the reviewed records.",1.3.0
sys-ahmedabad-atcs,Ahmedabad Adaptive Traffic Control System,Urban traffic management,"Ahmedabad, Gujarat",Reported ten-junction pilot; not all-city completion,2026-04-23,"Explicit AI attribution in reviewed institutional, developer or editorial record; not independent validation",,inst-265acafabf2343bc,2026-10-05,Named service/system; not each installation or model,Scaling cohort: purposive named family; variants and installations coalesced,,Public-service system,Explicit source attribution,"AI attribution includes vendor/editorial sources, not independent or government validation. Qualified subset lacks verified system-specific AI identification in the reviewed records.",1.3.0
sys-ai-manthan,NICSI AI Manthan,Government model development,India,Model-development service described,,"Explicit AI attribution in reviewed institutional, developer or editorial record; not independent validation",,inst-a63a8d052080055d,2026-10-05,Named service/system; not each installation or model,Scaling cohort: purposive named family; variants and installations coalesced,,Government enabling infrastructure,Explicit source attribution,"AI attribution includes vendor/editorial sources, not independent or government validation. Qualified subset lacks verified system-specific AI identification in the reviewed records.",1.3.0
sys-anuvadini,AICTE Anuvadini,Translation infrastructure,India,Beta AI translation service description available,,"Explicit AI attribution in reviewed institutional, developer or editorial record; not independent validation",,inst-2bf623d90b50fad9,2026-10-05,Named service/system; not each installation or model,Scaling cohort: purposive named family; variants and installations coalesced,,Government translation infrastructure,Explicit source attribution,"AI attribution includes vendor/editorial sources, not independent or government validation. Qualified subset lacks verified system-specific AI identification in the reviewed records.",1.3.0
sys-apt,India Post APT 2.0 AI operational analytics,Postal service operations,India,Ministerial review describes AI integration,2026-05-12,Explicit AI attribution in reviewed source; not independent validation,,inst-6e09d383bf58c7d8,2026-10-05,Named service/system; not each installation or model,Broadening-round named-system addition,,Public-service system,Explicit source attribution,"AI attribution includes vendor/editorial sources, not independent or government validation. Qualified subset lacks verified system-specific AI identification in the reviewed records.",1.2.0
sys-army-ims,Indian Army AI Intercept Management System,Defence / public-sector technical capability,India,Historical government-hosted capability catalogue; current operating coverage unverified,,"Explicit AI attribution in reviewed institutional, developer or editorial record; not independent validation",,inst-0db9a515e3aacb97,2026-10-05,Named service/system; not each installation or model,Scaling cohort: purposive named family; variants and installations coalesced,,Public-sector internal / defence capability,Explicit source attribution,"AI attribution includes vendor/editorial sources, not independent or government validation. Qualified subset lacks verified system-specific AI identification in the reviewed records.",1.3.0
sys-army-storm,Indian Army Project Storm Drone,Defence autonomous intervention research,India,Historical capability catalogue; current operating scope unverified,,"Explicit AI attribution in reviewed institutional, developer or editorial record; not independent validation",,inst-0db9a515e3aacb97,2026-10-05,Named service/system; not each installation or model,Scaling cohort: purposive named family; variants and installations coalesced,,Public-sector research / defence capability,Explicit source attribution,"AI attribution includes vendor/editorial sources, not independent or government validation. Qualified subset lacks verified system-specific AI identification in the reviewed records.",1.3.0
sys-askdisha,AskDISHA 2.0,Rail passenger services,India,Service interface observed,2021-09-06,Explicit AI in institutional report and service interface,,inst-c0df593d9ca61f9c,2026-10-05,Named service/system; not each installation or model,Purposive exploratory seed,frame-railways,Public-service system,Explicit source attribution,"AI attribution includes vendor/editorial sources, not independent or government validation. Qualified subset lacks verified system-specific AI identification in the reviewed records.",1.0.0
sys-assam-shiksha,Assam Shiksha Setu attendance,School biometric attendance,Assam,Official accounts describe facial attendance rollout,2026-09-29,"Explicit AI attribution in reviewed institutional, developer or editorial record; not independent validation",,inst-aef722cc950c0d8a,2026-10-05,Named service/system; not each installation or model,Scaling cohort: purposive named family; variants and installations coalesced,,Public-service system,Explicit source attribution,"AI attribution includes vendor/editorial sources, not independent or government validation. Qualified subset lacks verified system-specific AI identification in the reviewed records.",1.3.0
sys-astr,ASTR telecom subscriber verification,Telecom fraud and identity,India,Official use and re-verification disconnections reported,2026-07-23,Explicit AI attribution in reviewed source; not independent validation,,inst-2b4a6b77a838e76a,2026-10-05,Named service/system; not each installation or model,Broadening-round named-system addition,,Public-service system,Explicit source attribution,"AI attribution includes vendor/editorial sources, not independent or government validation. Qualified subset lacks verified system-specific AI identification in the reviewed records.",1.2.0
sys-astram,Bengaluru ASTraM traffic intelligence,Traffic management,Karnataka,Developer case study describes platform use,,Explicit AI attribution in reviewed source; not independent validation,,inst-6f2298d613f6b8d6,2026-10-05,Named service/system; not each installation or model,Broadening-round named-system addition,,Public-service system,Explicit source attribution,"AI attribution includes vendor/editorial sources, not independent or government validation. Qualified subset lacks verified system-specific AI identification in the reviewed records.",1.2.0
sys-atman,ATMAN chest-X-ray COVID triage,Clinical screening research,India,Developer describes development and testing,,Explicit AI attribution in reviewed source; not independent validation,,inst-2d89a5e2556c8d76,2026-10-05,Named service/system; not each installation or model,Broadening-round named-system addition,,Public-service system,Explicit source attribution,"AI attribution includes vendor/editorial sources, not independent or government validation. Qualified subset lacks verified system-specific AI identification in the reviewed records.",1.2.0
sys-awaas-ai,PMAY-G Awaas / Awaas+ AI verification family,Housing welfare verification,India,2025 official presentation describes AI verification workflow,2025-08-05,"Explicit AI attribution in reviewed institutional, developer or editorial record; not independent validation",,inst-073ddabcc51fe809,2026-10-05,Named service/system; not each installation or model,Scaling cohort: purposive named family; variants and installations coalesced,,Public-service system,Explicit source attribution,"AI attribution includes vendor/editorial sources, not independent or government validation. Qualified subset lacks verified system-specific AI identification in the reviewed records.",1.3.0
sys-aware,Andhra Pradesh AWARE disaster intelligence,Disaster management,Andhra Pradesh,Governance/developer accounts describe use,2026-03-31,Explicit AI attribution in reviewed source; not independent validation,,inst-80f84b53dc6799f4,2026-10-05,Named service/system; not each installation or model,Broadening-round named-system addition,,Public-service system,Explicit source attribution,"AI attribution includes vendor/editorial sources, not independent or government validation. Qualified subset lacks verified system-specific AI identification in the reviewed records.",1.2.0
sys-ayushman-sarathi,Ayushman Sarathi,Health-insurance information and grievances,India,Official API-based chatbot description available,2026-06-29,Qualified algorithmic/biometric or autonomous context; system-specific AI architecture not established,,inst-4db7fdfd0df0fe6b,2026-10-05,Named service/system; not each installation or model,Scaling cohort: purposive named family; variants and installations coalesced,,Public-service system,Qualified algorithmic / biometric context,"AI attribution includes vendor/editorial sources, not independent or government validation. Qualified subset lacks verified system-specific AI identification in the reviewed records.",1.3.0
sys-bel-lynx,BEL Lynx U2 predictive maintenance,Defence / public-sector technical capability,India,Historical government-hosted capability catalogue; current operating coverage unverified,,"Explicit AI attribution in reviewed institutional, developer or editorial record; not independent validation",,inst-9fc9870cbff25d12,2026-10-05,Named service/system; not each installation or model,Scaling cohort: purposive named family; variants and installations coalesced,,Public-sector internal / defence capability,Explicit source attribution,"AI attribution includes vendor/editorial sources, not independent or government validation. Qualified subset lacks verified system-specific AI identification in the reviewed records.",1.3.0
sys-beml-fatigue,BEML driver-fatigue monitoring,Defence / public-sector technical capability,India,Historical government-hosted capability catalogue; current operating coverage unverified,,"Explicit AI attribution in reviewed institutional, developer or editorial record; not independent validation",,inst-80c84cd20a7e9264,2026-10-05,Named service/system; not each installation or model,Scaling cohort: purposive named family; variants and installations coalesced,,Public-sector internal / defence capability,Explicit source attribution,"AI attribution includes vendor/editorial sources, not independent or government validation. Qualified subset lacks verified system-specific AI identification in the reviewed records.",1.3.0
sys-beml-mining,BEML predictive mining maintenance,Defence / public-sector technical capability,India,Historical government-hosted capability catalogue; current operating coverage unverified,,"Explicit AI attribution in reviewed institutional, developer or editorial record; not independent validation",,inst-80c84cd20a7e9264,2026-10-05,Named service/system; not each installation or model,Scaling cohort: purposive named family; variants and installations coalesced,,Public-sector internal / defence capability,Explicit source attribution,"AI attribution includes vendor/editorial sources, not independent or government validation. Qualified subset lacks verified system-specific AI identification in the reviewed records.",1.3.0
sys-bharat-vistaar,Bharat-VISTAAR,Agriculture and benefits information,India,Phase-I launch reported,2026-07-24,Explicit AI in official source,,inst-9da8a4e007d95a58,2026-10-05,Named service/system; not each installation or model,Purposive exploratory seed,frame-agriculture,Public-service system,Explicit source attribution,"AI attribution includes vendor/editorial sources, not independent or government validation. Qualified subset lacks verified system-specific AI identification in the reviewed records.",1.0.0
sys-bharatgen,BharatGen foundation-model service family,Government language-model infrastructure,India,Official 2026 model release/programme account,2025-11-20,"Explicit AI attribution in reviewed institutional, developer or editorial record; not independent validation",,inst-953179fff313c55f,2026-10-05,Named service/system; not each installation or model,Scaling cohort: purposive named family; variants and installations coalesced,,Foundation-model research and enabling infrastructure,Explicit source attribution,"AI attribution includes vendor/editorial sources, not independent or government validation. Qualified subset lacks verified system-specific AI identification in the reviewed records.",1.3.0
sys-bhashini,BHASHINI language-AI services,Language and administrative access,India,Reported operational,2026-09-30,Explicit AI in official source,,inst-f44a2ec8e996964e,2026-10-05,Named service/system; not each installation or model,Purposive exploratory seed,,Public-service system,Explicit source attribution,"AI attribution includes vendor/editorial sources, not independent or government validation. Qualified subset lacks verified system-specific AI identification in the reviewed records.",1.0.0
sys-bhopal-itms,Bhopal Intelligent Traffic Management System,Traffic enforcement,"Bhopal, Madhya Pradesh",Institutional brochure and historical vendor case account; October operating status unverified,,"Explicit AI attribution in reviewed institutional, developer or editorial record; not independent validation",,inst-71b1e60730218b90,2026-10-05,Named service/system; not each installation or model,Scaling cohort: purposive named family; variants and installations coalesced,,Public-service system,Explicit source attribution,"AI attribution includes vendor/editorial sources, not independent or government validation. Qualified subset lacks verified system-specific AI identification in the reviewed records.",1.3.0
sys-bifa,GSTN Business Intelligence and Fraud Analytics (BIFA),Tax administration,India,AI/ML tools described in industry consultation,,Explicit AI attribution in reviewed source; not independent validation,,inst-23cb88b76fb93da5,2026-10-05,Named service/system; not each installation or model,Broadening-round named-system addition,,Public-service system,Explicit source attribution,"AI attribution includes vendor/editorial sources, not independent or government validation. Qualified subset lacks verified system-specific AI identification in the reviewed records.",1.2.0
sys-bmc-tb,BMC–Qure.ai AI-assisted TB screening pilot,Public healthcare,"Mumbai, Maharashtra",Historical pilot reported,2023-03-29,AI in attributed institutional reporting; specific product/version not verified,,inst-541bddce041e4617,2026-10-05,Named service/system; not each installation or model,Purposive exploratory seed,,Public-service system,Explicit source attribution,"AI attribution includes vendor/editorial sources, not independent or government validation. Qualified subset lacks verified system-specific AI identification in the reviewed records.",1.0.0
sys-bodh,BODH health-AI benchmarking platform,Health AI evaluation infrastructure,India,Platform launch/design described; benchmark outputs not verified,2026-02-17,Explicit AI attribution in reviewed source; not independent validation,,inst-4db7fdfd0df0fe6b,2026-10-05,Named service/system; not each installation or model,Fixed-frame documentary search addition,frame-health,AI evaluation infrastructure,AI evaluation infrastructure,"AI attribution includes vendor/editorial sources, not independent or government validation. Qualified subset lacks verified system-specific AI identification in the reviewed records.",1.1.0
sys-ca-gpt,ICAI CA GPT family,Professional audit / regulatory knowledge,India,Official November 2024 account describes launch and variants; current accuracy not established,2024-11-25,"Explicit AI attribution in reviewed institutional, developer or editorial record; not independent validation",,inst-864d0848d4a34a89,2026-10-05,Named service/system; not each installation or model,Scaling cohort: purposive named family; variants and installations coalesced,,Statutory professional-body information service,Explicit source attribution,"AI attribution includes vendor/editorial sources, not independent or government validation. Qualified subset lacks verified system-specific AI identification in the reviewed records.",1.3.0
sys-cag-parakh,CAG Parakh document/image analytics,Public audit assistance,India,February 2026 office order refers to AI tool in data-led audit presentation,2026-02-20,"Explicit AI attribution in reviewed institutional, developer or editorial record; not independent validation",,inst-ba0a6b19273766c9,2026-10-05,Named service/system; not each installation or model,Scaling cohort: purposive named family; variants and installations coalesced,,Public-sector internal decision support,Explicit source attribution,"AI attribution includes vendor/editorial sources, not independent or government validation. Qualified subset lacks verified system-specific AI identification in the reviewed records.",1.3.0
sys-cag-paras,CAG AI-PARAS pension pre-scrutiny,Pension audit / pre-scrutiny,India,May 2026 EOI describes existing targeted application and intended agentic commissioning; accepted upgrade unverified,2026-05-05,"Explicit AI attribution in reviewed institutional, developer or editorial record; not independent validation",,inst-ba0a6b19273766c9,2026-10-05,Named service/system; not each installation or model,Scaling cohort: purposive named family; variants and installations coalesced,,Public-sector internal decision support,Explicit source attribution,"AI attribution includes vendor/editorial sources, not independent or government validation. Qualified subset lacks verified system-specific AI identification in the reviewed records.",1.3.0
sys-catb,Cough Against Tuberculosis (CATB),TB screening,India,Community screening use reported,2025-12-05,Explicit AI attribution in reviewed source; not independent validation,,inst-204b63fb560341f5,2026-10-05,Named service/system; not each installation or model,Fixed-frame documentary search addition,frame-health,Public-service system,Explicit source attribution,"AI attribution includes vendor/editorial sources, not independent or government validation. Qualified subset lacks verified system-specific AI identification in the reviewed records.",1.1.0
sys-cctns2,CCTNS 2.0 AI components,Police analytics,India,Conflicting version/timeline descriptions; component rollout unverified,2026-06-19,Explicit AI attribution in reviewed source; not independent validation,,inst-e3938ebce6d6f9f4,2026-10-05,Named service/system; not each installation or model,Fixed-frame documentary search addition,frame-home,Public-service system,Explicit source attribution,"AI attribution includes vendor/editorial sources, not independent or government validation. Qualified subset lacks verified system-specific AI identification in the reviewed records.",1.1.0
sys-cdot-trinetra,C-DOT TRINETRA cybersecurity family,Government cybersecurity,India,Product family and Delhi Police collaboration described; future deployment not presumed complete,2026-03-28,"Explicit AI attribution in reviewed institutional, developer or editorial record; not independent validation",,inst-c5cf066f486e654b,2026-10-05,Named service/system; not each installation or model,Scaling cohort: purposive named family; variants and installations coalesced,,Public-service system,Explicit source attribution,"AI attribution includes vendor/editorial sources, not independent or government validation. Qualified subset lacks verified system-specific AI identification in the reviewed records.",1.3.0
sys-cropic,CROPIC,Crop insurance and monitoring,India,Service app listed; actual rollout not independently verified,2026-05-07,Explicit AI attribution in reviewed source; not independent validation,,inst-9da8a4e007d95a58,2026-10-05,Named service/system; not each installation or model,Fixed-frame documentary search addition,frame-agriculture,Public-service system,Explicit source attribution,"AI attribution includes vendor/editorial sources, not independent or government validation. Qualified subset lacks verified system-specific AI identification in the reviewed records.",1.1.0
sys-crpi,CrPI multimodal biometric application,Police biometric identification,India,Application launch reported; model-specific AI unverified,2026-06-19,Multimodal biometric matching described; model-specific AI identification not established,,inst-e3938ebce6d6f9f4,2026-10-05,Named service/system; not each installation or model,Fixed-frame documentary search addition,frame-home,Public-service system,Qualified algorithmic / biometric context,"AI attribution includes vendor/editorial sources, not independent or government validation. Qualified subset lacks verified system-specific AI identification in the reviewed records.",1.1.0
sys-cwc-google,CWC–Google flood-forecasting collaboration,Flood warning,India,Historical pilot and official collaboration documented,,Explicit AI attribution in reviewed source; not independent validation,,inst-7fb1fee101f6550d,2026-10-05,Named service/system; not each installation or model,Broadening-round named-system addition,,Public-service system,Explicit source attribution,"AI attribution includes vendor/editorial sources, not independent or government validation. Qualified subset lacks verified system-specific AI identification in the reviewed records.",1.2.0
sys-cyberguard,I4C CyberGuard,Cybercrime administration,India,Official integration reported,2026-07-29,Explicit AI in official integration description,service-cyberguard,inst-8bb78df3fe653106,2026-10-05,Named service/system; not each installation or model,Purposive exploratory seed,frame-home,Public-service system,Explicit source attribution,"AI attribution includes vendor/editorial sources, not independent or government validation. Qualified subset lacks verified system-specific AI identification in the reviewed records.",1.0.0
sys-cyberwall,Kerala CyberWall,Citizen cyber-risk assistance,Kerala,Official citizen service described,,"Explicit AI attribution in reviewed institutional, developer or editorial record; not independent validation",,inst-a10986ec566d2cf2,2026-10-05,Named service/system; not each installation or model,Scaling cohort: purposive named family; variants and installations coalesced,,Public-service system,Explicit source attribution,"AI attribution includes vendor/editorial sources, not independent or government validation. Qualified subset lacks verified system-specific AI identification in the reviewed records.",1.3.0
sys-delhi-itms,Delhi Intelligent Traffic Management System (ITMS),Traffic management and enforcement,Delhi,Cabinet-approved project; future implementation,2026-09-30,Explicit AI attribution in reviewed source; not independent validation,,inst-899f4725b13a40bc,2026-10-05,Named service/system; not each installation or model,Broadening-round named-system addition,,Public-service system,Explicit source attribution,"AI attribution includes vendor/editorial sources, not independent or government validation. Qualified subset lacks verified system-specific AI identification in the reviewed records.",1.2.0
sys-dharavi-didi,Dharavi Didi,Redevelopment communication,"Dharavi, Mumbai",Developer describes multilingual assistant,,"Explicit AI attribution in reviewed institutional, developer or editorial record; not independent validation",,inst-47cec0bd2d0ead45,2026-10-05,Named service/system; not each installation or model,Scaling cohort: purposive named family; variants and installations coalesced,,Public-governance communication operated by private developer,Explicit source attribution,"AI attribution includes vendor/editorial sources, not independent or government validation. Qualified subset lacks verified system-specific AI identification in the reviewed records.",1.3.0
sys-digiyatra,Digi Yatra,Aviation and travel,India,Reported operational,2026-08-06,Biometric system; model-specific AI architecture not verified,,inst-2155d03e61814da2,2026-10-05,Named service/system; not each installation or model,Purposive exploratory seed,,Public-service system,Qualified algorithmic / biometric context,"AI attribution includes vendor/editorial sources, not independent or government validation. Qualified subset lacks verified system-specific AI identification in the reviewed records.",1.0.0
sys-diksha,DIKSHA AI accessibility features,Education accessibility,India,Official feature use described,2026-03-03,Explicit AI attribution in reviewed source; not independent validation,,inst-336e44e3a51f9f87,2026-10-05,Named service/system; not each installation or model,Fixed-frame documentary search addition,frame-education,Public-service system,Explicit source attribution,"AI attribution includes vendor/editorial sources, not independent or government validation. Qualified subset lacks verified system-specific AI identification in the reviewed records.",1.1.0
sys-divya-identity,Divya Drishti personal identification,Defence identity assistance,India,Official development account; current field deployment not established,2024-06-14,"Explicit AI attribution in reviewed institutional, developer or editorial record; not independent validation",,inst-1deae3474020e9ac,2026-10-05,Named service/system; not each installation or model,Scaling cohort: purposive named family; variants and installations coalesced,,Public-sector research / defence capability,Explicit source attribution,"AI attribution includes vendor/editorial sources, not independent or government validation. Qualified subset lacks verified system-specific AI identification in the reviewed records.",1.3.0
sys-djb-twin,Delhi Jal Board AI/digital-twin collaboration,Water and wastewater management,Delhi,MoU development plan reported,,Explicit AI attribution in reviewed source; not independent validation,,inst-87d295e4a6e3956e,2026-10-05,Named service/system; not each installation or model,Broadening-round named-system addition,,Public-service system,Explicit source attribution,"AI attribution includes vendor/editorial sources, not independent or government validation. Qualified subset lacks verified system-specific AI identification in the reviewed records.",1.2.0
sys-dmrc-predictive,DMRC AI predictive maintenance family,Public transport maintenance,Delhi,August 2026 track-circuit monitoring described; historical catalogue identity not equated,2026-08-07,"Explicit AI attribution in reviewed institutional, developer or editorial record; not independent validation",,inst-a3a6245c581b76e8,2026-10-05,Named service/system; not each installation or model,Scaling cohort: purposive named family; variants and installations coalesced,,Public-service system,Explicit source attribution,"AI attribution includes vendor/editorial sources, not independent or government validation. Qualified subset lacks verified system-specific AI identification in the reviewed records.",1.3.0
sys-ejaadui,e-Jaadui Pitara AI-bot service,Early-childhood education,India,Service channels advertised; no interaction submitted,,Explicit AI attribution in reviewed source; not independent validation,,inst-d2473e761c5e1987,2026-10-05,Named service/system; not each installation or model,Fixed-frame documentary search addition,frame-education,Public-service system,Explicit source attribution,"AI attribution includes vendor/editorial sources, not independent or government validation. Qualified subset lacks verified system-specific AI identification in the reviewed records.",1.1.0
sys-epaarvai,e-Paarvai,Public healthcare,Tamil Nadu,Historical field use reported,2023-08-01,Explicit AI in government and research sources,,inst-765993c8e5e23c65,2026-10-05,Named service/system; not each installation or model,Purposive exploratory seed,,Public-service system,Explicit source attribution,"AI attribution includes vendor/editorial sources, not independent or government validation. Qualified subset lacks verified system-specific AI identification in the reviewed records.",1.0.0
sys-esanjeevani,eSanjeevani clinical decision support,Public healthcare,India,Official integration reported,2026-08-07,Explicit AI in official integration description,service-esanjeevani,inst-204b63fb560341f5,2026-10-05,Named service/system; not each installation or model,Purposive exploratory seed,frame-health,Public-service system,Explicit source attribution,"AI attribution includes vendor/editorial sources, not independent or government validation. Qualified subset lacks verified system-specific AI identification in the reviewed records.",1.0.0
sys-fest,RTA FEST,Transport licensing and access,Telangana,Historical use reported,,RTDAI AI context; component model not verified,,inst-b4a65faa8f6deb4e,2026-10-05,Named service/system; not each installation or model,Purposive exploratory seed,,Public-service system,Qualified algorithmic / biometric context,"AI attribution includes vendor/editorial sources, not independent or government validation. Qualified subset lacks verified system-specific AI identification in the reviewed records.",1.0.0
sys-fmr-fir,UIDAI FMR-FIR fingerprint liveness,Identity infrastructure,India,Historical rollout with readiness exceptions reported,2023-03-22,Explicit AI attribution in reviewed source; not independent validation,,inst-e999f31ac201d555,2026-10-05,Named service/system; not each installation or model,Broadening-round named-system addition,,Public-service system,Explicit source attribution,"AI attribution includes vendor/editorial sources, not independent or government validation. Qualified subset lacks verified system-specific AI identification in the reviewed records.",1.2.0
sys-fri,Financial Fraud Risk Indicator (FRI),Financial fraud decision support,India,Risk intelligence in bank/payment workflows reported,2026-09-08,Qualified automated/algorithmic context; system-specific AI architecture not established,,inst-2b4a6b77a838e76a,2026-10-05,Named service/system; not each installation or model,Broadening-round named-system addition,,Public-service system,Qualified algorithmic / biometric context,"AI attribution includes vendor/editorial sources, not independent or government validation. Qualified subset lacks verified system-specific AI identification in the reviewed records.",1.2.0
sys-goa-online-ai,Goa Online AI chatbot,Government conversational assistance,Goa,February 2026 beta and September announcements reported; version progression unverified,2026-09-24,"Explicit AI attribution in reviewed institutional, developer or editorial record; not independent validation",,inst-728b8af7f1affaf6,2026-10-05,Named service/system; not each installation or model,Scaling cohort: purposive named family; variants and installations coalesced,,Public-service system,Explicit source attribution,"AI attribution includes vendor/editorial sources, not independent or government validation. Qualified subset lacks verified system-specific AI identification in the reviewed records.",1.3.0
sys-goa-tourism-ai,Goa Tourism AI chatbot,Government conversational assistance,Goa,September 2026 launch reported,2026-09-25,"Explicit AI attribution in reviewed institutional, developer or editorial record; not independent validation",,inst-2693ba73bb702fbf,2026-10-05,Named service/system; not each installation or model,Scaling cohort: purposive named family; variants and installations coalesced,,Public-service system,Explicit source attribution,"AI attribution includes vendor/editorial sources, not independent or government validation. Qualified subset lacks verified system-specific AI identification in the reviewed records.",1.3.0
sys-grse-anvesha,GRSE HR Chatbot Anvesha,Public-sector personnel information,India,"Historical catalogue, launch account and employee app listing; current uptime unverified",2021-08-30,"Explicit AI attribution in reviewed institutional, developer or editorial record; not independent validation",,inst-16ad8b40b09b7158,2026-10-05,Named service/system; not each installation or model,Scaling cohort: purposive named family; variants and installations coalesced,,Public-sector internal capability,Explicit source attribution,"AI attribution includes vendor/editorial sources, not independent or government validation. Qualified subset lacks verified system-specific AI identification in the reviewed records.",1.3.0
sys-grse-jigyasa,GRSE Jigyasa,Public-sector engineering assistance,India,2024 developer interview describes AI assistant; current production version not established,2024-08-12,"Explicit AI attribution in reviewed institutional, developer or editorial record; not independent validation",,inst-16ad8b40b09b7158,2026-10-05,Named service/system; not each installation or model,Scaling cohort: purposive named family; variants and installations coalesced,,Public-sector internal decision-support capability,Explicit source attribution,"AI attribution includes vendor/editorial sources, not independent or government validation. Qualified subset lacks verified system-specific AI identification in the reviewed records.",1.3.0
sys-gujarat-vsk-ai,Gujarat AI-enhanced Vidya Samiksha Kendra 2.0,Education administration analytics,Gujarat,Official tender notice; executed AI upgrade and acceptance not established,,"Explicit AI attribution in reviewed institutional, developer or editorial record; not independent validation",,inst-52594d9b3febf137,2026-10-05,Named service/system; not each installation or model,Scaling cohort: purposive named family; variants and installations coalesced,,Public-service system,Explicit source attribution,"AI attribution includes vendor/editorial sources, not independent or government validation. Qualified subset lacks verified system-specific AI identification in the reviewed records.",1.3.0
sys-hyderabad-itms,Hyderabad ITMS,Urban traffic management,"Hyderabad, Telangana",Development plan and broad deployment descriptions require version reconciliation,2026-07-09,"Explicit AI attribution in reviewed institutional, developer or editorial record; not independent validation",,inst-167a1f9941a11a3c,2026-10-05,Named service/system; not each installation or model,Scaling cohort: purposive named family; variants and installations coalesced,,Public-service system,Explicit source attribution,"AI attribution includes vendor/editorial sources, not independent or government validation. Qualified subset lacks verified system-specific AI identification in the reviewed records.",1.3.0
sys-igms,CPGRAMS Intelligent Grievance Management System (IGMS),Public grievance triage,India,Official module use described,,Explicit AI attribution in reviewed source; not independent validation,,inst-47b878b9100a8229,2026-10-05,Named service/system; not each installation or model,Broadening-round named-system addition,,Public-service system,Explicit source attribution,"AI attribution includes vendor/editorial sources, not independent or government validation. Qualified subset lacks verified system-specific AI identification in the reviewed records.",1.2.0
sys-imd-monsoon-ai,IMD AI monsoon-advance forecasts,Weather and early warning,India,12 May 2026 AI forecast products announced; one forecast family,,"Explicit AI attribution in reviewed institutional, developer or editorial record; not independent validation",,inst-d8151ada4bb4d040,2026-10-05,Named service/system; not each installation or model,Scaling cohort: purposive named family; variants and installations coalesced,,Public-service system,Explicit source attribution,"AI attribution includes vendor/editorial sources, not independent or government validation. Qualified subset lacks verified system-specific AI identification in the reviewed records.",1.3.0
sys-infomerge,SEBI InfoMerge investigation assistance,Market-regulation investigations,India,In-house investigation use reported,,Explicit AI attribution in reviewed source; not independent validation,,inst-7851473390a62459,2026-10-05,Named service/system; not each installation or model,Broadening-round named-system addition,,Public-service system,Explicit source attribution,"AI attribution includes vendor/editorial sources, not independent or government validation. Qualified subset lacks verified system-specific AI identification in the reviewed records.",1.2.0
sys-insight,Project Insight,Tax administration,India,Phased platform described,2016-07-19,Analytics documented; project-specific AI model not verified,,inst-baa97366d7ccc323,2026-10-05,Named service/system; not each installation or model,Purposive exploratory seed,,Public-service system,Qualified algorithmic / biometric context,"AI attribution includes vendor/editorial sources, not independent or government validation. Qualified subset lacks verified system-specific AI identification in the reviewed records.",1.0.0
sys-iob-buddy,Indian Overseas Bank IOB BUDDY,Public-sector banking assistance,India,2025–26 annual-report mirror describes service; original report not independently mirrored here,,"Explicit AI attribution in reviewed institutional, developer or editorial record; not independent validation",,inst-fcd9ac49e877771f,2026-10-05,Named service/system; not each installation or model,Scaling cohort: purposive named family; variants and installations coalesced,,Public-service system,Explicit source attribution,"AI attribution includes vendor/editorial sources, not independent or government validation. Qualified subset lacks verified system-specific AI identification in the reviewed records.",1.3.0
sys-ioncology,AIIMS iOncology.ai,Cancer research and care support,India,September report says pilot/research evaluation,2026-09-15,Explicit AI attribution in reviewed source; not independent validation,,inst-21e89a0ce17d5759,2026-10-05,Named service/system; not each installation or model,Broadening-round named-system addition,,Public-service system,Explicit source attribution,"AI attribution includes vendor/editorial sources, not independent or government validation. Qualified subset lacks verified system-specific AI identification in the reviewed records.",1.2.0
sys-iraste,iRASTE road-safety programme family,Road safety,Telangana and Nagpur,Partner report describes deployments and observational comparison,,Explicit AI attribution in reviewed source; not independent validation,,inst-cb5ed1dc40d2da03,2026-10-05,Named service/system; not each installation or model,Broadening-round named-system addition,,Public-service system,Explicit source attribution,"AI attribution includes vendor/editorial sources, not independent or government validation. Qualified subset lacks verified system-specific AI identification in the reviewed records.",1.2.0
sys-itms,Integrated Track Monitoring System (ITMS),Rail track inspection,India,Three deployments officially reported,2026-03-12,Explicit AI attribution in reviewed source; not independent validation,,inst-c3cf368fff4679f9,2026-10-05,Named service/system; not each installation or model,Fixed-frame documentary search addition,frame-railways,Public-service system,Explicit source attribution,"AI attribution includes vendor/editorial sources, not independent or government validation. Qualified subset lacks verified system-specific AI identification in the reviewed records.",1.1.0
sys-jeevan-pramaan,Jeevan Pramaan face-authenticated life certificate,Pension authentication,India,Face-authentication workflow documented,,Qualified automated/algorithmic context; system-specific AI architecture not established,,inst-5f5171085b9e42f9,2026-10-05,Named service/system; not each installation or model,Broadening-round named-system addition,,Public-service system,Qualified algorithmic / biometric context,"AI attribution includes vendor/editorial sources, not independent or government validation. Qualified subset lacks verified system-specific AI identification in the reviewed records.",1.2.0
sys-kaaval-ai,Kaaval AI Kanyakumari,Police video surveillance,"Kanyakumari, Tamil Nadu",Public broadcaster reports AI-camera introduction,2026-07-31,"Explicit AI attribution in reviewed institutional, developer or editorial record; not independent validation",,inst-1ae8da4f73fbff9e,2026-10-05,Named service/system; not each installation or model,Scaling cohort: purposive named family; variants and installations coalesced,,Public-service system,Explicit source attribution,"AI attribution includes vendor/editorial sources, not independent or government validation. Qualified subset lacks verified system-specific AI identification in the reviewed records.",1.3.0
sys-karnataka-tutor,Karnataka Personalised Self-Learning Digital Tutor,Student learning assistance,Karnataka,Budget proposal; delivery and acceptance not established,2026-03-06,"Explicit AI attribution in reviewed institutional, developer or editorial record; not independent validation",,inst-c410e6632d1ec14c,2026-10-05,Named service/system; not each installation or model,Scaling cohort: purposive named family; variants and installations coalesced,,Public-service system,Explicit source attribution,"AI attribution includes vendor/editorial sources, not independent or government validation. Qualified subset lacks verified system-specific AI identification in the reviewed records.",1.3.0
sys-kerala-court-cms,Kerala District Court Case Management System,Judicial case management,Kerala and Lakshadweep,2026 award report describes district-judiciary deployment,2026-06-09,"Explicit AI attribution in reviewed institutional, developer or editorial record; not independent validation",,inst-fdb0cb6c13a5abb7,2026-10-05,Named service/system; not each installation or model,Scaling cohort: purposive named family; variants and installations coalesced,,Public-service system,Explicit source attribution,"AI attribution includes vendor/editorial sources, not independent or government validation. Qualified subset lacks verified system-specific AI identification in the reviewed records.",1.3.0
sys-khushi,TB Mukt Bharat Khushi chatbot,TB treatment support,India,Operational use described by ministry,2026-07-31,Explicit AI attribution in reviewed source; not independent validation,,inst-204b63fb560341f5,2026-10-05,Named service/system; not each installation or model,Fixed-frame documentary search addition,frame-health,Public-service system,Explicit source attribution,"AI attribution includes vendor/editorial sources, not independent or government validation. Qualified subset lacks verified system-specific AI identification in the reviewed records.",1.1.0
sys-kisan-emitra,Kisan e-Mitra,Agriculture and benefits information,India,Reported operational,2026-02-14,Explicit AI in official source,,inst-9da8a4e007d95a58,2026-10-05,Named service/system; not each installation or model,Purposive exploratory seed,frame-agriculture,Public-service system,Explicit source attribution,"AI attribution includes vendor/editorial sources, not independent or government validation. Qualified subset lacks verified system-specific AI identification in the reviewed records.",1.0.0
sys-kisan-sarathi,Kisan Sarathi advisory platform,Agricultural extension,India,Official advisory platform coverage; AI search intent also advertised,2026-06-29,Explicit AI attribution in reviewed source; not independent validation,,inst-8dcfb8acc65d8a91,2026-10-05,Named service/system; not each installation or model,Broadening-round named-system addition,,Public-service system,Explicit source attribution,"AI attribution includes vendor/editorial sources, not independent or government validation. Qualified subset lacks verified system-specific AI identification in the reviewed records.",1.2.0
sys-ksh,Krushi Samrudhi Helpline AI advisory,Agricultural extension,Odisha,Tender describes current chatbot and planned voice scaling,,Explicit AI attribution in reviewed source; not independent validation,,inst-bfd6b4277a93f961,2026-10-05,Named service/system; not each installation or model,Broadening-round named-system addition,,Public-service system,Explicit source attribution,"AI attribution includes vendor/editorial sources, not independent or government validation. Qualified subset lacks verified system-specific AI identification in the reviewed records.",1.2.0
sys-madhunetrai,MadhuNetrAI,Retinal screening,India,Official screening use and separate pilot reported,2025-12-16,Explicit AI attribution in reviewed source; not independent validation,,inst-f1118c6f3a9781ad,2026-10-05,Named service/system; not each installation or model,Fixed-frame documentary search addition,frame-health,Public-service system,Explicit source attribution,"AI attribution includes vendor/editorial sources, not independent or government validation. Qualified subset lacks verified system-specific AI identification in the reviewed records.",1.1.0
sys-madukkarai-elephant,Madukkarai AI elephant-warning system,Wildlife conflict warning,"Madukkarai, Tamil Nadu",January 2026 official interview reports deployment,2026-01-02,"Explicit AI attribution in reviewed institutional, developer or editorial record; not independent validation",,inst-44e4fa9a415955e1,2026-10-05,Named service/system; not each installation or model,Scaling cohort: purposive named family; variants and installations coalesced,,Public-service system,Explicit source attribution,"AI attribution includes vendor/editorial sources, not independent or government validation. Qualified subset lacks verified system-specific AI identification in the reviewed records.",1.3.0
sys-maha-ai,NIC MAHA-AI,Government AI infrastructure,Maharashtra,June 2026 platform launch described,2026-06-24,"Explicit AI attribution in reviewed institutional, developer or editorial record; not independent validation",,inst-d157b8476767ccc8,2026-10-05,Named service/system; not each installation or model,Scaling cohort: purposive named family; variants and installations coalesced,,Government enabling infrastructure,Explicit source attribution,"AI attribution includes vendor/editorial sources, not independent or government validation. Qualified subset lacks verified system-specific AI identification in the reviewed records.",1.3.0
sys-maha-metaverse,Bank of Maharashtra metaverse AI assistant,Public-sector banking assistance,India,Official service page describes AI/ML/NLP virtual humanoid,,"Explicit AI attribution in reviewed institutional, developer or editorial record; not independent validation",,inst-4472c97499c30987,2026-10-05,Named service/system; not each installation or model,Scaling cohort: purposive named family; variants and installations coalesced,,Public-service system,Explicit source attribution,"AI attribution includes vendor/editorial sources, not independent or government validation. Qualified subset lacks verified system-specific AI identification in the reviewed records.",1.3.0
sys-mahacrimeos,MahaCrimeOS investigation support,State policing,Maharashtra,Vendor/reporting-supported pilot; scale unverified,2025-12-14,AI described by vendor/reporting; independent architecture not verified,service-mahacrimeos,inst-02ff35c659e60448,2026-10-05,Named service/system; not each installation or model,Purposive exploratory seed,,Public-service system,Explicit source attribution,"AI attribution includes vendor/editorial sources, not independent or government validation. Qualified subset lacks verified system-specific AI identification in the reviewed records.",1.0.0
sys-mahamuni,Maharashtra Mahamuni tourism assistant,Tourism information,Maharashtra,September 2026 tourism-policy account describes planned AI chatbot,2026-09-27,"Explicit AI attribution in reviewed institutional, developer or editorial record; not independent validation",,inst-23f9b4f4518e6121,2026-10-05,Named service/system; not each installation or model,Scaling cohort: purposive named family; variants and installations coalesced,,Public-service system,Explicit source attribution,"AI attribution includes vendor/editorial sources, not independent or government validation. Qualified subset lacks verified system-specific AI identification in the reviewed records.",1.3.0
sys-mahavistaar,MahaVISTAAR agricultural advisory,Agricultural advisory,Maharashtra,Official directory describes 2026 personalisation upgrade,,Explicit AI attribution in reviewed source; not independent validation,,inst-a157dac3e3f15a6c,2026-10-05,Named service/system; not each installation or model,Broadening-round named-system addition,,Public-service system,Explicit source attribution,"AI attribution includes vendor/editorial sources, not independent or government validation. Qualified subset lacks verified system-specific AI identification in the reviewed records.",1.2.0
sys-mana-mitra,Mana Mitra AI upgrade,Government-service assistance,Andhra Pradesh,Agentic conversational upgrade proposed; existing menu service is not proof of completed upgrade,2026-03-11,"Explicit AI attribution in reviewed institutional, developer or editorial record; not independent validation",,inst-801aaca70a9356f3,2026-10-05,Named service/system; not each installation or model,Scaling cohort: purposive named family; variants and installations coalesced,,Public-service system,Explicit source attribution,"AI attribution includes vendor/editorial sources, not independent or government validation. Qualified subset lacks verified system-specific AI identification in the reviewed records.",1.3.0
sys-mausamgpt,MausamGPT weather-information assistant,Weather and early warning,India,Under development in August answer,2026-08-12,Explicit AI attribution in reviewed source; not independent validation,,inst-d8151ada4bb4d040,2026-10-05,Named service/system; not each installation or model,Broadening-round named-system addition,,Public-service system,Explicit source attribution,"AI attribution includes vendor/editorial sources, not independent or government validation. Qualified subset lacks verified system-specific AI identification in the reviewed records.",1.2.0
sys-mds,Media Disease Surveillance under IDSP,Disease surveillance,India,Operational use described by ministry,2026-07-31,Explicit AI attribution in reviewed source; not independent validation,,inst-204b63fb560341f5,2026-10-05,Named service/system; not each installation or model,Fixed-frame documentary search addition,frame-health,Public-service system,Explicit source attribution,"AI attribution includes vendor/editorial sources, not independent or government validation. Qualified subset lacks verified system-specific AI identification in the reviewed records.",1.1.0
sys-mulehunter,RBIH MuleHunter,Bank fraud detection,India,"Developer describes staged bank deployment; hourly Stage II target, not universal near-real-time use",2026-05-13,"Explicit AI attribution in reviewed institutional, developer or editorial record; not independent validation",,inst-63f3c7d5d7f43f82,2026-10-05,Named service/system; not each installation or model,Scaling cohort: purposive named family; variants and installations coalesced,,Public-service system,Explicit source attribution,"AI attribution includes vendor/editorial sources, not independent or government validation. Qualified subset lacks verified system-specific AI identification in the reviewed records.",1.3.0
sys-muntra,DRDO MUNTRA,Defence robotics research,India,"Official research capability description, not verified operational deployment",2004-02-01,Qualified algorithmic/biometric or autonomous context; system-specific AI architecture not established,,inst-4afdc9cdd93290e4,2026-10-05,Named service/system; not each installation or model,Scaling cohort: purposive named family; variants and installations coalesced,,Public-sector research capability,Qualified algorithmic / biometric context,"AI attribution includes vendor/editorial sources, not independent or government validation. Qualified subset lacks verified system-specific AI identification in the reviewed records.",1.3.0
sys-mvis,Machine Vision Inspection System (MVIS),Rail rolling-stock inspection,India,Six pilot installations officially reported,2026-03-12,Explicit AI attribution in reviewed source; not independent validation,,inst-c3cf368fff4679f9,2026-10-05,Named service/system; not each installation or model,Fixed-frame documentary search addition,frame-railways,Public-service system,Explicit source attribution,"AI attribution includes vendor/editorial sources, not independent or government validation. Qualified subset lacks verified system-specific AI identification in the reviewed records.",1.1.0
sys-nagpur-iitms,Nagpur Intelligent Integrated Traffic Management System,Urban traffic management,"Nagpur, Maharashtra",August report says installation expanded but central integration unfinished; October target unverified,2026-08-29,"Explicit AI attribution in reviewed institutional, developer or editorial record; not independent validation",,inst-837d3e1b3d0d6f85,2026-10-05,Named service/system; not each installation or model,Scaling cohort: purposive named family; variants and installations coalesced,,Public-service system,Explicit source attribution,"AI attribution includes vendor/editorial sources, not independent or government validation. Qualified subset lacks verified system-specific AI identification in the reviewed records.",1.3.0
sys-nalsa-vani,NALSA VANI legal-information assistant,Legal aid information,India,Official domain assistant described,,"Explicit AI attribution in reviewed institutional, developer or editorial record; not independent validation",,inst-91983457b9a16dfa,2026-10-05,Named service/system; not each installation or model,Scaling cohort: purposive named family; variants and installations coalesced,,Public-service system,Explicit source attribution,"AI attribution includes vendor/editorial sources, not independent or government validation. Qualified subset lacks verified system-specific AI identification in the reviewed records.",1.3.0
sys-navy-afib,Indian Navy Autonomous Fast Intercept Boat,Defence autonomous vessel research,India,Historical capability catalogue; current adoption and safety validation not established,,"Explicit AI attribution in reviewed institutional, developer or editorial record; not independent validation",,inst-c86ddcb778fd604a,2026-10-05,Named service/system; not each installation or model,Scaling cohort: purposive named family; variants and installations coalesced,,Public-sector research / defence capability,Explicit source attribution,"AI attribution includes vendor/editorial sources, not independent or government validation. Qualified subset lacks verified system-specific AI identification in the reviewed records.",1.3.0
sys-ncs-ai,National Career Service AI revamp,Employment matching,India,August 2026 proposed AI-enhanced revamp; existing portal users not new-AI users,2025-11-20,"Explicit AI attribution in reviewed institutional, developer or editorial record; not independent validation",,inst-756a9ebf9531c3e3,2026-10-05,Named service/system; not each installation or model,Scaling cohort: purposive named family; variants and installations coalesced,,Public-service system,Explicit source attribution,"AI attribution includes vendor/editorial sources, not independent or government validation. Qualified subset lacks verified system-specific AI identification in the reviewed records.",1.3.0
sys-nhai-das,NHAI Dashcam Analytics Services (DAS),Highway maintenance,India,June statement says rollout initiated,2026-06-16,Explicit AI attribution in reviewed source; not independent validation,,inst-8940c3eac6828cd5,2026-10-05,Named service/system; not each installation or model,Broadening-round named-system addition,,Public-service system,Explicit source attribution,"AI attribution includes vendor/editorial sources, not independent or government validation. Qualified subset lacks verified system-specific AI identification in the reviewed records.",1.2.0
sys-nic-ivaani,NIC IVAANI computer-vision services,Government AI infrastructure,India,Official service portfolio described,,"Explicit AI attribution in reviewed institutional, developer or editorial record; not independent validation",,inst-105b2a327ff73653,2026-10-05,Named service/system; not each installation or model,Scaling cohort: purposive named family; variants and installations coalesced,,Government enabling infrastructure,Explicit source attribution,"AI attribution includes vendor/editorial sources, not independent or government validation. Qualified subset lacks verified system-specific AI identification in the reviewed records.",1.3.0
sys-nic-taani,NIC TAANI text services,Government AI infrastructure,India,Official service portfolio described,,"Explicit AI attribution in reviewed institutional, developer or editorial record; not independent validation",,inst-105b2a327ff73653,2026-10-05,Named service/system; not each installation or model,Scaling cohort: purposive named family; variants and installations coalesced,,Government enabling infrastructure,Explicit source attribution,"AI attribution includes vendor/editorial sources, not independent or government validation. Qualified subset lacks verified system-specific AI identification in the reviewed records.",1.3.0
sys-nic-vani,NIC VANI conversational framework,Government AI infrastructure,India,Official service portfolio described,,"Explicit AI attribution in reviewed institutional, developer or editorial record; not independent validation",,inst-105b2a327ff73653,2026-10-05,Named service/system; not each installation or model,Scaling cohort: purposive named family; variants and installations coalesced,,Government enabling infrastructure,Explicit source attribution,"AI attribution includes vendor/editorial sources, not independent or government validation. Qualified subset lacks verified system-specific AI identification in the reviewed records.",1.3.0
sys-niti-ai-saarthi,NITI AI Saarthi,Policy data analysis,India,September 2026 introduction reported and platform description available,2026-09-03,"Explicit AI attribution in reviewed institutional, developer or editorial record; not independent validation",,inst-fbc0dacf2eaaa64a,2026-10-05,Named service/system; not each installation or model,Scaling cohort: purposive named family; variants and installations coalesced,,Public-service system,Explicit source attribution,"AI attribution includes vendor/editorial sources, not independent or government validation. Qualified subset lacks verified system-specific AI identification in the reviewed records.",1.3.0
sys-npss,National Pest Surveillance System (NPSS),Agricultural advisory,India,Official use reported,2026-07-24,Explicit AI attribution in reviewed source; not independent validation,,inst-9da8a4e007d95a58,2026-10-05,Named service/system; not each installation or model,Fixed-frame documentary search addition,frame-agriculture,Public-service system,Explicit source attribution,"AI attribution includes vendor/editorial sources, not independent or government validation. Qualified subset lacks verified system-specific AI identification in the reviewed records.",1.1.0
sys-nuwr-analysis,NUWR AI acoustic/magnetic signature-analysis project,Defence asset analysis,India,Official catalogue describes proposed project,,Explicit AI attribution in reviewed source; not independent validation,,inst-c86ddcb778fd604a,2026-10-05,Named service/system; not each installation or model,Broadening-round named-system addition,,Public-service system,Explicit source attribution,"AI attribution includes vendor/editorial sources, not independent or government validation. Qualified subset lacks verified system-specific AI identification in the reviewed records.",1.2.0
sys-ompts,Odisha i3MS AI-enabled ore-dispatch workflow,Mineral transport administration,Odisha,Official programme presentation describes AI-integrated workflow; live acceptance not established,,"Explicit AI attribution in reviewed institutional, developer or editorial record; not independent validation",,inst-b8c4d73d867fd864,2026-10-05,Named service/system; not each installation or model,Scaling cohort: purposive named family; variants and installations coalesced,,Public-service system,Explicit source attribution,"AI attribution includes vendor/editorial sources, not independent or government validation. Qualified subset lacks verified system-specific AI identification in the reviewed records.",1.3.0
sys-paddymitra,PaddyMitra rice advisory chatbot,Agricultural advisory,Odisha,Implementing institute reports Odisha launch,2025-10-20,Explicit AI attribution in reviewed source; not independent validation,,inst-5419694268005d37,2026-10-05,Named service/system; not each installation or model,Broadening-round named-system addition,,Public-service system,Explicit source attribution,"AI attribution includes vendor/editorial sources, not independent or government validation. Qualified subset lacks verified system-specific AI identification in the reviewed records.",1.2.0
sys-pais,Punjab Artificial Intelligence System (PAIS),Police identity search,Punjab,Police-developer app listing present,,Explicit AI attribution in reviewed source; not independent validation,,inst-29b9a3c648b1d0f7,2026-10-05,Named service/system; not each installation or model,Broadening-round named-system addition,,Public-service system,Explicit source attribution,"AI attribution includes vendor/editorial sources, not independent or government validation. Qualified subset lacks verified system-specific AI identification in the reviewed records.",1.2.0
sys-pihu,PNB PIHU,Public-sector banking assistance,India,Official generative-AI service description available,,"Explicit AI attribution in reviewed institutional, developer or editorial record; not independent validation",,inst-eb64ebaee08e80b0,2026-10-05,Named service/system; not each installation or model,Scaling cohort: purposive named family; variants and installations coalesced,,Public-service system,Explicit source attribution,"AI attribution includes vendor/editorial sources, not independent or government validation. Qualified subset lacks verified system-specific AI identification in the reviewed records.",1.3.0
sys-plcs,Pensioners Life Certificate through Selfie (PLCS),Pension identity and access,Telangana,Historical use reported,2020-10-27,Explicit AI in government-hosted case study,,inst-0b757f6ea62e3a88,2026-10-05,Named service/system; not each installation or model,Purposive exploratory seed,,Public-service system,Explicit source attribution,"AI attribution includes vendor/editorial sources, not independent or government validation. Qualified subset lacks verified system-specific AI identification in the reviewed records.",1.0.0
sys-poshan-frs,Poshan Tracker facial recognition,Nutrition welfare authentication,India,Official 2026 account reports FRS for take-home ration workflows,,"Explicit AI attribution in reviewed institutional, developer or editorial record; not independent validation",,inst-d79285aa4e6fee0f,2026-10-05,Named service/system; not each installation or model,Scaling cohort: purposive named family; variants and installations coalesced,,Public-service system,Explicit source attribution,"AI attribution includes vendor/editorial sources, not independent or government validation. Qualified subset lacks verified system-specific AI identification in the reviewed records.",1.3.0
sys-pune-traffic-ai,Pune AI traffic-violation detection,Traffic enforcement,"Pune, Maharashtra",May 2025 report describes limited trial; October continuation not established,2025-05-29,"Explicit AI attribution in reviewed institutional, developer or editorial record; not independent validation",,inst-3e6ce745320797f1,2026-10-05,Named service/system; not each installation or model,Scaling cohort: purposive named family; variants and installations coalesced,,Public-service system,Explicit source attribution,"AI attribution includes vendor/editorial sources, not independent or government validation. Qualified subset lacks verified system-specific AI identification in the reviewed records.",1.3.0
sys-raidar,SEBI R(AI)DAR advertisement review,Market-regulation compliance,India,AMC/AMFI deployment reported,,Explicit AI attribution in reviewed source; not independent validation,,inst-7851473390a62459,2026-10-05,Named service/system; not each installation or model,Broadening-round named-system addition,,Public-service system,Explicit source attribution,"AI attribution includes vendor/editorial sources, not independent or government validation. Qualified subset lacks verified system-specific AI identification in the reviewed records.",1.2.0
sys-rail-ids,Elephant Intrusion Detection System,Rail safety and wildlife,India; Northeast Frontier and other railway corridors,Reported operational,2026-10-05,Explicit AI in official source,,inst-58a0fcc79c90b09f,2026-10-05,Named service/system; not each installation or model,Purposive exploratory seed,frame-railways,Public-service system,Explicit source attribution,"AI attribution includes vendor/editorial sources, not independent or government validation. Qualified subset lacks verified system-specific AI identification in the reviewed records.",1.0.0
sys-rail-vss,Railway Video Surveillance System (VSS) AI analytics,Passenger surveillance,India,Official coverage reported; station configuration unverified,2026-04-07,Explicit AI attribution in reviewed source; not independent validation,,inst-c3cf368fff4679f9,2026-10-05,Named service/system; not each installation or model,Fixed-frame documentary search addition,frame-railways,Public-service system,Explicit source attribution,"AI attribution includes vendor/editorial sources, not independent or government validation. Qualified subset lacks verified system-specific AI identification in the reviewed records.",1.1.0
sys-railmadad,RailMadad AI complaint prioritisation,Rail grievance handling,India,Integration reported in CRIS interview,2026-02-20,Explicit AI attribution in reviewed source; not independent validation,,inst-2261f4d2a9883aaa,2026-10-05,Named service/system; not each installation or model,Fixed-frame documentary search addition,frame-railways,Public-service system,Explicit source attribution,"AI attribution includes vendor/editorial sources, not independent or government validation. Qualified subset lacks verified system-specific AI identification in the reviewed records.",1.1.0
sys-raj-silicosis,Raj-Silicosis AI certification and auto-approval,Occupational health and welfare,Rajasthan,Official programme presentation describes workflow,,Explicit AI attribution in reviewed source; not independent validation,,inst-0b79cf195addb412,2026-10-05,Named service/system; not each installation or model,Broadening-round named-system addition,,Public-service system,Explicit source attribution,"AI attribution includes vendor/editorial sources, not independent or government validation. Qualified subset lacks verified system-specific AI identification in the reviewed records.",1.2.0
sys-rajgpt,RajGPT / RajNivesh investor facilitation,Investment facilitation,Rajasthan,State-roadmap account describes deployment,2026-04-13,Explicit AI attribution in reviewed source; not independent validation,,inst-cddfdda3e91aa9b7,2026-10-05,Named service/system; not each installation or model,Broadening-round named-system addition,,Public-service system,Explicit source attribution,"AI attribution includes vendor/editorial sources, not independent or government validation. Qualified subset lacks verified system-specific AI identification in the reviewed records.",1.2.0
sys-saagu-baagu,Saagu Baagu agricultural AI pilot,Agricultural advisory,Telangana,Partner-reported pilot outcomes and expansion plans,2026-04-02,Explicit AI attribution in reviewed source; not independent validation,,inst-51eee65c3c8d3490,2026-10-05,Named service/system; not each installation or model,Broadening-round named-system addition,,Public-service system,Explicit source attribution,"AI attribution includes vendor/editorial sources, not independent or government validation. Qualified subset lacks verified system-specific AI identification in the reviewed records.",1.2.0
sys-safe-kerala,Safe Kerala AI traffic enforcement,Traffic enforcement,Kerala,Challan processing reported suspended in September,2026-09-20,Explicit AI attribution in reviewed source; not independent validation,,inst-a453522a2cbb0303,2026-10-05,Named service/system; not each installation or model,Broadening-round named-system addition,,Public-service system,Explicit source attribution,"AI attribution includes vendor/editorial sources, not independent or government validation. Qualified subset lacks verified system-specific AI identification in the reviewed records.",1.2.0
sys-samagra-ai,KITE Samagra Plus AI,Educational resource generation,Kerala,Official curriculum AI engine and teacher-review presentation described,,"Explicit AI attribution in reviewed institutional, developer or editorial record; not independent validation",,inst-696a60209f1e4918,2026-10-05,Named service/system; not each installation or model,Scaling cohort: purposive named family; variants and installations coalesced,,Public-service system,Explicit source attribution,"AI attribution includes vendor/editorial sources, not independent or government validation. Qualified subset lacks verified system-specific AI identification in the reviewed records.",1.3.0
sys-sanjay,SANJAY battlefield surveillance system,Defence surveillance and decision support,India,Flag-off and planned induction described,2025-01-24,Qualified automated/algorithmic context; system-specific AI architecture not established,,inst-0db9a515e3aacb97,2026-10-05,Named service/system; not each installation or model,Broadening-round named-system addition,,Public-service system,Qualified algorithmic / biometric context,"AI attribution includes vendor/editorial sources, not independent or government validation. Qualified subset lacks verified system-specific AI identification in the reviewed records.",1.2.0
sys-sansad-chatbot,Sansad procedural-information chatbot proposal,Parliamentary information access,India,MoU describes proposed development,2025-03-18,Explicit AI attribution in reviewed source; not independent validation,,inst-2890dfd46b4eb43b,2026-10-05,Named service/system; not each installation or model,Broadening-round named-system addition,,Public-service system,Explicit source attribution,"AI attribution includes vendor/editorial sources, not independent or government validation. Qualified subset lacks verified system-specific AI identification in the reviewed records.",1.2.0
sys-sasya,ISRO SASYA,Crop mapping,India,Official satellite AI crop-mapping service described,2026-03-18,"Explicit AI attribution in reviewed institutional, developer or editorial record; not independent validation",,inst-12cdb0fccab6e667,2026-10-05,Named service/system; not each installation or model,Scaling cohort: purposive named family; variants and installations coalesced,,Public-service system,Explicit source attribution,"AI attribution includes vendor/editorial sources, not independent or government validation. Qualified subset lacks verified system-specific AI identification in the reviewed records.",1.3.0
sys-sathee-ai,SATHEE AI tutoring,Exam preparation assistance,India,Institutional AI upgrade described,2026-02-18,"Explicit AI attribution in reviewed institutional, developer or editorial record; not independent validation",,inst-47bcc707da421a01,2026-10-05,Named service/system; not each installation or model,Scaling cohort: purposive named family; variants and installations coalesced,,Public-service system,Explicit source attribution,"AI attribution includes vendor/editorial sources, not independent or government validation. Qualified subset lacks verified system-specific AI identification in the reviewed records.",1.3.0
sys-seeker,Indian Army Project Seeker,Defence / public-sector technical capability,India,Historical government-hosted capability catalogue; current operating coverage unverified,,"Explicit AI attribution in reviewed institutional, developer or editorial record; not independent validation",,inst-0db9a515e3aacb97,2026-10-05,Named service/system; not each installation or model,Scaling cohort: purposive named family; variants and installations coalesced,,Public-sector internal / defence capability,Explicit source attribution,"AI attribution includes vendor/editorial sources, not independent or government validation. Qualified subset lacks verified system-specific AI identification in the reviewed records.",1.3.0
sys-seva,SEBI Virtual Assistant (SEVA),Investor information,India,Beta chatbot introduction reported; current version not verified,,Explicit AI attribution in reviewed source; not independent validation,,inst-7851473390a62459,2026-10-05,Named service/system; not each installation or model,Broadening-round named-system addition,,Public-service system,Explicit source attribution,"AI attribution includes vendor/editorial sources, not independent or government validation. Qualified subset lacks verified system-specific AI identification in the reviewed records.",1.2.0
sys-shiksha-copilot,Karnataka Shiksha Copilot,Teacher lesson planning,Karnataka,"Launch reported 2024; partner research describes school use, not current statewide coverage",2026-09-03,"Explicit AI attribution in reviewed institutional, developer or editorial record; not independent validation",,inst-abb18bdd47185f82,2026-10-05,Named service/system; not each installation or model,Scaling cohort: purposive named family; variants and installations coalesced,,Public-service system,Explicit source attribution,"AI attribution includes vendor/editorial sources, not independent or government validation. Qualified subset lacks verified system-specific AI identification in the reviewed records.",1.3.0
sys-sia,SBI SIA,Public-sector banking assistance,India,Historical institutional listing; October uptime not independently established,,"Explicit AI attribution in reviewed institutional, developer or editorial record; not independent validation",,inst-4e4f0340c8b6b77c,2026-10-05,Named service/system; not each installation or model,Scaling cohort: purposive named family; variants and installations coalesced,,Public-service system,Explicit source attribution,"AI attribution includes vendor/editorial sources, not independent or government validation. Qualified subset lacks verified system-specific AI identification in the reviewed records.",1.3.0
sys-silent-sentry,Indian Army Silent Sentry,Defence / public-sector technical capability,India,Historical government-hosted capability catalogue; current operating coverage unverified,,"Explicit AI attribution in reviewed institutional, developer or editorial record; not independent validation",,inst-0db9a515e3aacb97,2026-10-05,Named service/system; not each installation or model,Scaling cohort: purposive named family; variants and installations coalesced,,Public-sector internal / defence capability,Explicit source attribution,"AI attribution includes vendor/editorial sources, not independent or government validation. Qualified subset lacks verified system-specific AI identification in the reviewed records.",1.3.0
sys-simba,Nagpur SIMBA,Police investigation assistance,"Nagpur, Maharashtra",AI platform launch described,2024-07-24,"Explicit AI attribution in reviewed institutional, developer or editorial record; not independent validation",,inst-5da1b70934ce70d6,2026-10-05,Named service/system; not each installation or model,Scaling cohort: purposive named family; variants and installations coalesced,,Public-service system,Explicit source attribution,"AI attribution includes vendor/editorial sources, not independent or government validation. Qualified subset lacks verified system-specific AI identification in the reviewed records.",1.3.0
sys-smart-annavani,Karnataka Smart Annavani,Food-welfare assistance and grievances,Karnataka,2026 budget proposal to upgrade existing helpline; completed AI upgrade unverified,2026-03-06,"Explicit AI attribution in reviewed institutional, developer or editorial record; not independent validation",,inst-d946328a61eec970,2026-10-05,Named service/system; not each installation or model,Scaling cohort: purposive named family; variants and installations coalesced,,Public-service system,Explicit source attribution,"AI attribution includes vendor/editorial sources, not independent or government validation. Qualified subset lacks verified system-specific AI identification in the reviewed records.",1.3.0
sys-sudarsan,SEBI Project SUDARSAN,Market-regulation surveillance,India,Annual report states operationalisation,,Explicit AI attribution in reviewed source; not independent validation,,inst-7851473390a62459,2026-10-05,Named service/system; not each installation or model,Broadening-round named-system addition,,Public-service system,Explicit source attribution,"AI attribution includes vendor/editorial sources, not independent or government validation. Qualified subset lacks verified system-specific AI identification in the reviewed records.",1.2.0
sys-supace,SUPACE research assistance,Judicial administration,India,Experimental in reviewed official record,2026-06-03,Explicit AI in official experimental description,service-supace,inst-ade08b2d56db380a,2026-10-05,Named service/system; not each installation or model,Purposive exploratory seed,frame-court,Public-service system,Explicit source attribution,"AI attribution includes vendor/editorial sources, not independent or government validation. Qualified subset lacks verified system-specific AI identification in the reviewed records.",1.0.0
sys-susahyak,SuSahayak court-information chatbot,Judicial information access,India,Service interface observed; no query submitted,,Explicit AI attribution in reviewed source; not independent validation,,inst-ade08b2d56db380a,2026-10-05,Named service/system; not each installation or model,Fixed-frame documentary search addition,frame-court,Public-service system,Explicit source attribution,"AI attribution includes vendor/editorial sources, not independent or government validation. Qualified subset lacks verified system-specific AI identification in the reviewed records.",1.1.0
sys-suvas,SUVAS judicial translation,Judicial access,India,Official use reported,2026-02-11,Explicit AI translation in official source,service-suvas,inst-ade08b2d56db380a,2026-10-05,Named service/system; not each installation or model,Purposive exploratory seed,frame-court,Public-service system,Explicit source attribution,"AI attribution includes vendor/editorial sources, not independent or government validation. Qualified subset lacks verified system-specific AI identification in the reviewed records.",1.0.0
sys-swayam-plus-ai,SWAYAM Plus AI course assistant,Course discovery assistance,India,Launch account describes proposed AI chatbot assistance; specific current version not established,2025-11-20,"Explicit AI attribution in reviewed institutional, developer or editorial record; not independent validation",,inst-3b27ede5c0526fb5,2026-10-05,Named service/system; not each installation or model,Scaling cohort: purposive named family; variants and installations coalesced,,Public-service system,Explicit source attribution,"AI attribution includes vendor/editorial sources, not independent or government validation. Qualified subset lacks verified system-specific AI identification in the reviewed records.",1.3.0
sys-tejasvi,NIC TejasVI,Government analytics,India,Institutional publication describes analytical platform and AI journey,2023-01-01,"Explicit AI attribution in reviewed institutional, developer or editorial record; not independent validation",,inst-105b2a327ff73653,2026-10-05,Named service/system; not each installation or model,Scaling cohort: purposive named family; variants and installations coalesced,,Government enabling infrastructure,Explicit source attribution,"AI attribution includes vendor/editorial sources, not independent or government validation. Qualified subset lacks verified system-specific AI identification in the reviewed records.",1.3.0
sys-teres,TERES judicial transcription,Judicial transcription,India,Use described in court white paper,2023-05-23,Explicit AI attribution in reviewed source; not independent validation,,inst-ade08b2d56db380a,2026-10-05,Named service/system; not each installation or model,Fixed-frame documentary search addition,frame-court,Public-service system,Explicit source attribution,"AI attribution includes vendor/editorial sources, not independent or government validation. Qualified subset lacks verified system-specific AI identification in the reviewed records.",1.1.0
sys-tn-police-frs,Tamil Nadu Police facial-recognition family,Police identity search,Tamil Nadu,Policy note and historical reporting describe FRS,,Qualified algorithmic/biometric or autonomous context; system-specific AI architecture not established,,inst-d2df20efb7e269e6,2026-10-05,Named service/system; not each installation or model,Scaling cohort: purposive named family; variants and installations coalesced,,Public-service system,Qualified algorithmic / biometric context,"AI attribution includes vendor/editorial sources, not independent or government validation. Qualified subset lacks verified system-specific AI identification in the reviewed records.",1.3.0
sys-trailguard-wb,West Bengal TrailGuard elephant-warning programme,Wildlife conflict warning,West Bengal,JICA describes completed proof of concept and subsequent local use; October continuity not audited,2025-09-01,"Explicit AI attribution in reviewed institutional, developer or editorial record; not independent validation",,inst-9093a77abee4c5f9,2026-10-05,Named service/system; not each installation or model,Scaling cohort: purposive named family; variants and installations coalesced,,Public-service system,Explicit source attribution,"AI attribution includes vendor/editorial sources, not independent or government validation. Qualified subset lacks verified system-specific AI identification in the reviewed records.",1.3.0
sys-tscop,Telangana TSCOP facial-recognition workflow,Police identity search,Telangana,Historical journalism describes mobile database searches,2020-06-22,Qualified algorithmic/biometric or autonomous context; system-specific AI architecture not established,,inst-b290d2b13630358a,2026-10-05,Named service/system; not each installation or model,Scaling cohort: purposive named family; variants and installations coalesced,,Public-service system,Qualified algorithmic / biometric context,"AI attribution includes vendor/editorial sources, not independent or government validation. Qualified subset lacks verified system-specific AI identification in the reviewed records.",1.3.0
sys-uday,UCO Bank UDAY,Public-sector banking assistance,India,July 2026 institutional transcript describes AI chatbot,2026-07-23,"Explicit AI attribution in reviewed institutional, developer or editorial record; not independent validation",,inst-44789b01ab59fd0f,2026-10-05,Named service/system; not each installation or model,Scaling cohort: purposive named family; variants and installations coalesced,,Public-service system,Explicit source attribution,"AI attribution includes vendor/editorial sources, not independent or government validation. Qualified subset lacks verified system-specific AI identification in the reviewed records.",1.3.0
sys-universe,Union Bank Uni-verse AI assistant,Public-sector banking assistance,India,Official metaverse service page describes AI assistant,2021-11-10,"Explicit AI attribution in reviewed institutional, developer or editorial record; not independent validation",,inst-5d85c944312ac272,2026-10-05,Named service/system; not each installation or model,Scaling cohort: purposive named family; variants and installations coalesced,,Public-service system,Explicit source attribution,"AI attribution includes vendor/editorial sources, not independent or government validation. Qualified subset lacks verified system-specific AI identification in the reviewed records.",1.3.0
sys-upsc,UPSC face authentication,Public examinations,India,Official deployment reported,2026-10-04,Biometric application; current model architecture not verified,service-upsc,inst-45ee9688e858c52d,2026-10-05,Named service/system; not each installation or model,Purposive exploratory seed,,Public-service system,Qualified algorithmic / biometric context,"AI attribution includes vendor/editorial sources, not independent or government validation. Qualified subset lacks verified system-specific AI identification in the reviewed records.",1.0.0
sys-uzhavan-pest,Uzhavan pest-identification service,Agricultural advisory,Tamil Nadu,Historical 2020 service account,2020-02-18,Explicit AI attribution in reviewed source; not independent validation,,inst-3efd4b94a330ceaf,2026-10-05,Named service/system; not each installation or model,Broadening-round named-system addition,,Public-service system,Explicit source attribution,"AI attribution includes vendor/editorial sources, not independent or government validation. Qualified subset lacks verified system-specific AI identification in the reviewed records.",1.2.0
sys-vlog,Indian Army V-Log vehicle tracker,Defence / public-sector technical capability,India,Historical government-hosted capability catalogue; current operating coverage unverified,,"Explicit AI attribution in reviewed institutional, developer or editorial record; not independent validation",,inst-0db9a515e3aacb97,2026-10-05,Named service/system; not each installation or model,Scaling cohort: purposive named family; variants and installations coalesced,,Public-sector internal / defence capability,Explicit source attribution,"AI attribution includes vendor/editorial sources, not independent or government validation. Qualified subset lacks verified system-specific AI identification in the reviewed records.",1.3.0
sys-yaksh,UP Police YAKSH / legacy Trinetra family,Police investigation and risk ranking,Uttar Pradesh,Launch reporting and official YAKSH instructions indexed,,Explicit AI attribution in reviewed source; not independent validation,,inst-89845125f562794a,2026-10-05,Named service/system; not each installation or model,Broadening-round named-system addition,,Public-service system,Explicit source attribution,"AI attribution includes vendor/editorial sources, not independent or government validation. Qualified subset lacks verified system-specific AI identification in the reviewed records.",1.2.0
