coverage_id,system_id,dimension,observation_ids,evidence_status,unknown_or_next_record,absence_interpretation
sys-rail-ids-procurement,sys-rail-ids,Procurement,"[""obs-rail-iti-01"",""obs-rail-spec-02"",""obs-rail-operation-02""]",Primary records reviewed; strength/stage varies,Tender evaluation and award chain establishing continuity from invitation to the specific deployed version.,"Not evidence that the record, safeguard or remedy does not exist."
sys-rail-ids-contracts-and-awards,sys-rail-ids,Contracts and awards,[],Not established in reviewed corpus,"Original award, executed agreement, amendments and supplier identity; reported awards are not substituted for contracts.","Not evidence that the record, safeguard or remedy does not exist."
sys-rail-ids-funding,sys-rail-ids,Funding,"[""obs-rail-iti-02""]",Primary records reviewed; strength/stage varies,"Disbursement/expenditure and payment ledger against the defined scope, not estimates, sanctions or bid securities.","Not evidence that the record, safeguard or remedy does not exist."
sys-rail-ids-supplier,sys-rail-ids,Supplier,[],Not established in reviewed corpus,"Named award counterparty and verified legal identity, not attendance, an invitation or technical-support attribution.","Not evidence that the record, safeguard or remedy does not exist."
sys-rail-ids-implementation,sys-rail-ids,Implementation,"[""obs-rail-iti-04"",""obs-rail-operation-01""]",Primary records reviewed; strength/stage varies,"Dated acceptance, commissioning, training-completion or go-live records for the named scope.","Not evidence that the record, safeguard or remedy does not exist."
sys-rail-ids-evaluation,sys-rail-ids,Evaluation,"[""obs-rail-iti-05"",""obs-rail-spec-03"",""obs-rail-spec-04""]",Primary records reviewed; strength/stage varies,"Completed acceptance/evaluation reports, test sample, version, metrics and independent outcome evidence, not targets or timing claims.","Not evidence that the record, safeguard or remedy does not exist."
sys-rail-ids-human-oversight,sys-rail-ids,Human oversight,"[""obs-rail-spec-05""]",Primary records reviewed; strength/stage varies,"Actual reviewer authority, exception handling and implementation logs, not merely a prescribed workflow.","Not evidence that the record, safeguard or remedy does not exist."
sys-rail-ids-redress,sys-rail-ids,Redress,[],Not established in reviewed corpus,"AI-specific exception/appeal route, decision authority and outcome records; general institutional routes are not equivalent.","Not evidence that the record, safeguard or remedy does not exist."
sys-rail-ids-data-safeguards,sys-rail-ids,Data safeguards,[],Not established in reviewed corpus,"Implemented access, retention, deletion and data-sharing controls for the named version, not generic platform policy.","Not evidence that the record, safeguard or remedy does not exist."
sys-rail-ids-operational-status,sys-rail-ids,Operational status,"[""obs-rail-spec-01"",""obs-rail-operation-03""]",Primary records reviewed; strength/stage varies,"Dated, version-specific activation/coverage inventory and logs; announcements or schedules do not establish current operation.","Not evidence that the record, safeguard or remedy does not exist."
sys-rail-vss-procurement,sys-rail-vss,Procurement,"[""obs-vss-tender-01"",""obs-vss-award-01"",""obs-vss-nwr-01"",""obs-vss-2025-tender-01"",""obs-vss-2025-tender-02""]",Primary records reviewed; strength/stage varies,Tender evaluation and award chain establishing continuity from invitation to the specific deployed version.,"Not evidence that the record, safeguard or remedy does not exist."
sys-rail-vss-contracts-and-awards,sys-rail-vss,Contracts and awards,[],Not established in reviewed corpus,"Original award, executed agreement, amendments and supplier identity; reported awards are not substituted for contracts.","Not evidence that the record, safeguard or remedy does not exist."
sys-rail-vss-funding,sys-rail-vss,Funding,"[""obs-vss-tender-02"",""obs-vss-award-02""]",Primary records reviewed; strength/stage varies,"Disbursement/expenditure and payment ledger against the defined scope, not estimates, sanctions or bid securities.","Not evidence that the record, safeguard or remedy does not exist."
sys-rail-vss-supplier,sys-rail-vss,Supplier,[],Not established in reviewed corpus,"Named award counterparty and verified legal identity, not attendance, an invitation or technical-support attribution.","Not evidence that the record, safeguard or remedy does not exist."
sys-rail-vss-implementation,sys-rail-vss,Implementation,"[""obs-vss-tender-06"",""obs-vss-award-03"",""obs-vss-status-02"",""obs-vss-nwr-02"",""obs-vss-2025-tender-03"",""obs-vss-2025-tender-04"",""obs-vss-2025-tender-05""]",Primary records reviewed; strength/stage varies,"Dated acceptance, commissioning, training-completion or go-live records for the named scope.","Not evidence that the record, safeguard or remedy does not exist."
sys-rail-vss-evaluation,sys-rail-vss,Evaluation,[],Not established in reviewed corpus,"Completed acceptance/evaluation reports, test sample, version, metrics and independent outcome evidence, not targets or timing claims.","Not evidence that the record, safeguard or remedy does not exist."
sys-rail-vss-human-oversight,sys-rail-vss,Human oversight,"[""obs-vss-tender-05""]",Primary records reviewed; strength/stage varies,"Actual reviewer authority, exception handling and implementation logs, not merely a prescribed workflow.","Not evidence that the record, safeguard or remedy does not exist."
sys-rail-vss-redress,sys-rail-vss,Redress,[],Not established in reviewed corpus,"AI-specific exception/appeal route, decision authority and outcome records; general institutional routes are not equivalent.","Not evidence that the record, safeguard or remedy does not exist."
sys-rail-vss-data-safeguards,sys-rail-vss,Data safeguards,"[""obs-vss-award-04"",""obs-vss-award-05""]",Primary records reviewed; strength/stage varies,"Implemented access, retention, deletion and data-sharing controls for the named version, not generic platform policy.","Not evidence that the record, safeguard or remedy does not exist."
sys-rail-vss-operational-status,sys-rail-vss,Operational status,"[""obs-vss-status-01""]",Primary records reviewed; strength/stage varies,"Dated, version-specific activation/coverage inventory and logs; announcements or schedules do not establish current operation.","Not evidence that the record, safeguard or remedy does not exist."
sys-nhai-das-procurement,sys-nhai-das,Procurement,"[""obs-nhai-tcil-01"",""obs-nhai-tcil-02""]",Primary records reviewed; strength/stage varies,Tender evaluation and award chain establishing continuity from invitation to the specific deployed version.,"Not evidence that the record, safeguard or remedy does not exist."
sys-nhai-das-contracts-and-awards,sys-nhai-das,Contracts and awards,[],Not established in reviewed corpus,"Original award, executed agreement, amendments and supplier identity; reported awards are not substituted for contracts.","Not evidence that the record, safeguard or remedy does not exist."
sys-nhai-das-funding,sys-nhai-das,Funding,[],Not established in reviewed corpus,"Disbursement/expenditure and payment ledger against the defined scope, not estimates, sanctions or bid securities.","Not evidence that the record, safeguard or remedy does not exist."
sys-nhai-das-supplier,sys-nhai-das,Supplier,[],Not established in reviewed corpus,"Named award counterparty and verified legal identity, not attendance, an invitation or technical-support attribution.","Not evidence that the record, safeguard or remedy does not exist."
sys-nhai-das-implementation,sys-nhai-das,Implementation,"[""obs-nhai-proposal-01"",""obs-nhai-proposal-02"",""obs-nhai-proposal-03"",""obs-nhai-proposal-05"",""obs-nhai-status-04"",""obs-nhai-tcil-03""]",Primary records reviewed; strength/stage varies,"Dated acceptance, commissioning, training-completion or go-live records for the named scope.","Not evidence that the record, safeguard or remedy does not exist."
sys-nhai-das-evaluation,sys-nhai-das,Evaluation,"[""obs-nhai-tcil-04""]",Primary records reviewed; strength/stage varies,"Completed acceptance/evaluation reports, test sample, version, metrics and independent outcome evidence, not targets or timing claims.","Not evidence that the record, safeguard or remedy does not exist."
sys-nhai-das-human-oversight,sys-nhai-das,Human oversight,"[""obs-nhai-tcil-05""]",Primary records reviewed; strength/stage varies,"Actual reviewer authority, exception handling and implementation logs, not merely a prescribed workflow.","Not evidence that the record, safeguard or remedy does not exist."
sys-nhai-das-redress,sys-nhai-das,Redress,"[""obs-nhai-complaint-01"",""obs-nhai-complaint-04""]",Primary records reviewed; strength/stage varies,"AI-specific exception/appeal route, decision authority and outcome records; general institutional routes are not equivalent.","Not evidence that the record, safeguard or remedy does not exist."
sys-nhai-das-data-safeguards,sys-nhai-das,Data safeguards,"[""obs-nhai-tcil-06"",""obs-nhai-complaint-03""]",Primary records reviewed; strength/stage varies,"Implemented access, retention, deletion and data-sharing controls for the named version, not generic platform policy.","Not evidence that the record, safeguard or remedy does not exist."
sys-nhai-das-operational-status,sys-nhai-das,Operational status,"[""obs-nhai-status-03""]",Primary records reviewed; strength/stage varies,"Dated, version-specific activation/coverage inventory and logs; announcements or schedules do not establish current operation.","Not evidence that the record, safeguard or remedy does not exist."
sys-adalat-ai-procurement,sys-adalat-ai,Procurement,[],Not established in reviewed corpus,Tender evaluation and award chain establishing continuity from invitation to the specific deployed version.,"Not evidence that the record, safeguard or remedy does not exist."
sys-adalat-ai-contracts-and-awards,sys-adalat-ai,Contracts and awards,[],Not established in reviewed corpus,"Original award, executed agreement, amendments and supplier identity; reported awards are not substituted for contracts.","Not evidence that the record, safeguard or remedy does not exist."
sys-adalat-ai-funding,sys-adalat-ai,Funding,[],Not established in reviewed corpus,"Disbursement/expenditure and payment ledger against the defined scope, not estimates, sanctions or bid securities.","Not evidence that the record, safeguard or remedy does not exist."
sys-adalat-ai-supplier,sys-adalat-ai,Supplier,[],Not established in reviewed corpus,"Named award counterparty and verified legal identity, not attendance, an invitation or technical-support attribution.","Not evidence that the record, safeguard or remedy does not exist."
sys-adalat-ai-implementation,sys-adalat-ai,Implementation,"[""obs-court-order-01"",""obs-court-order-02"",""obs-court-order-05"",""obs-court-followup-02"",""obs-court-followup-03"",""obs-court-followup-04""]",Primary records reviewed; strength/stage varies,"Dated acceptance, commissioning, training-completion or go-live records for the named scope.","Not evidence that the record, safeguard or remedy does not exist."
sys-adalat-ai-evaluation,sys-adalat-ai,Evaluation,[],Not established in reviewed corpus,"Completed acceptance/evaluation reports, test sample, version, metrics and independent outcome evidence, not targets or timing claims.","Not evidence that the record, safeguard or remedy does not exist."
sys-adalat-ai-human-oversight,sys-adalat-ai,Human oversight,"[""obs-court-order-03"",""obs-court-order-04"",""obs-court-followup-05""]",Primary records reviewed; strength/stage varies,"Actual reviewer authority, exception handling and implementation logs, not merely a prescribed workflow.","Not evidence that the record, safeguard or remedy does not exist."
sys-adalat-ai-redress,sys-adalat-ai,Redress,[],Not established in reviewed corpus,"AI-specific exception/appeal route, decision authority and outcome records; general institutional routes are not equivalent.","Not evidence that the record, safeguard or remedy does not exist."
sys-adalat-ai-data-safeguards,sys-adalat-ai,Data safeguards,[],Not established in reviewed corpus,"Implemented access, retention, deletion and data-sharing controls for the named version, not generic platform policy.","Not evidence that the record, safeguard or remedy does not exist."
sys-adalat-ai-operational-status,sys-adalat-ai,Operational status,[],Not established in reviewed corpus,"Dated, version-specific activation/coverage inventory and logs; announcements or schedules do not establish current operation.","Not evidence that the record, safeguard or remedy does not exist."
sys-cag-paras-procurement,sys-cag-paras,Procurement,"[""obs-cag-eoi-01"",""obs-cag-eoi-02""]",Primary records reviewed; strength/stage varies,Tender evaluation and award chain establishing continuity from invitation to the specific deployed version.,"Not evidence that the record, safeguard or remedy does not exist."
sys-cag-paras-contracts-and-awards,sys-cag-paras,Contracts and awards,[],Not established in reviewed corpus,"Original award, executed agreement, amendments and supplier identity; reported awards are not substituted for contracts.","Not evidence that the record, safeguard or remedy does not exist."
sys-cag-paras-funding,sys-cag-paras,Funding,[],Not established in reviewed corpus,"Disbursement/expenditure and payment ledger against the defined scope, not estimates, sanctions or bid securities.","Not evidence that the record, safeguard or remedy does not exist."
sys-cag-paras-supplier,sys-cag-paras,Supplier,[],Not established in reviewed corpus,"Named award counterparty and verified legal identity, not attendance, an invitation or technical-support attribution.","Not evidence that the record, safeguard or remedy does not exist."
sys-cag-paras-implementation,sys-cag-paras,Implementation,"[""obs-cag-order-01"",""obs-cag-order-02"",""obs-cag-order-05"",""obs-cag-minutes-01"",""obs-cag-minutes-02"",""obs-cag-minutes-04""]",Primary records reviewed; strength/stage varies,"Dated acceptance, commissioning, training-completion or go-live records for the named scope.","Not evidence that the record, safeguard or remedy does not exist."
sys-cag-paras-evaluation,sys-cag-paras,Evaluation,"[""obs-cag-eoi-03"",""obs-cag-minutes-05""]",Primary records reviewed; strength/stage varies,"Completed acceptance/evaluation reports, test sample, version, metrics and independent outcome evidence, not targets or timing claims.","Not evidence that the record, safeguard or remedy does not exist."
sys-cag-paras-human-oversight,sys-cag-paras,Human oversight,"[""obs-cag-eoi-05""]",Primary records reviewed; strength/stage varies,"Actual reviewer authority, exception handling and implementation logs, not merely a prescribed workflow.","Not evidence that the record, safeguard or remedy does not exist."
sys-cag-paras-redress,sys-cag-paras,Redress,[],Not established in reviewed corpus,"AI-specific exception/appeal route, decision authority and outcome records; general institutional routes are not equivalent.","Not evidence that the record, safeguard or remedy does not exist."
sys-cag-paras-data-safeguards,sys-cag-paras,Data safeguards,"[""obs-cag-eoi-06""]",Primary records reviewed; strength/stage varies,"Implemented access, retention, deletion and data-sharing controls for the named version, not generic platform policy.","Not evidence that the record, safeguard or remedy does not exist."
sys-cag-paras-operational-status,sys-cag-paras,Operational status,[],Not established in reviewed corpus,"Dated, version-specific activation/coverage inventory and logs; announcements or schedules do not establish current operation.","Not evidence that the record, safeguard or remedy does not exist."
sys-cag-parakh-procurement,sys-cag-parakh,Procurement,"[""obs-cag-eoi-01"",""obs-cag-eoi-02""]",Primary records reviewed; strength/stage varies,Tender evaluation and award chain establishing continuity from invitation to the specific deployed version.,"Not evidence that the record, safeguard or remedy does not exist."
sys-cag-parakh-contracts-and-awards,sys-cag-parakh,Contracts and awards,[],Not established in reviewed corpus,"Original award, executed agreement, amendments and supplier identity; reported awards are not substituted for contracts.","Not evidence that the record, safeguard or remedy does not exist."
sys-cag-parakh-funding,sys-cag-parakh,Funding,[],Not established in reviewed corpus,"Disbursement/expenditure and payment ledger against the defined scope, not estimates, sanctions or bid securities.","Not evidence that the record, safeguard or remedy does not exist."
sys-cag-parakh-supplier,sys-cag-parakh,Supplier,[],Not established in reviewed corpus,"Named award counterparty and verified legal identity, not attendance, an invitation or technical-support attribution.","Not evidence that the record, safeguard or remedy does not exist."
sys-cag-parakh-implementation,sys-cag-parakh,Implementation,"[""obs-cag-order-01"",""obs-cag-order-02"",""obs-cag-order-05"",""obs-cag-minutes-01"",""obs-cag-minutes-02"",""obs-cag-minutes-04""]",Primary records reviewed; strength/stage varies,"Dated acceptance, commissioning, training-completion or go-live records for the named scope.","Not evidence that the record, safeguard or remedy does not exist."
sys-cag-parakh-evaluation,sys-cag-parakh,Evaluation,"[""obs-cag-eoi-03"",""obs-cag-minutes-05""]",Primary records reviewed; strength/stage varies,"Completed acceptance/evaluation reports, test sample, version, metrics and independent outcome evidence, not targets or timing claims.","Not evidence that the record, safeguard or remedy does not exist."
sys-cag-parakh-human-oversight,sys-cag-parakh,Human oversight,"[""obs-cag-eoi-05""]",Primary records reviewed; strength/stage varies,"Actual reviewer authority, exception handling and implementation logs, not merely a prescribed workflow.","Not evidence that the record, safeguard or remedy does not exist."
sys-cag-parakh-redress,sys-cag-parakh,Redress,[],Not established in reviewed corpus,"AI-specific exception/appeal route, decision authority and outcome records; general institutional routes are not equivalent.","Not evidence that the record, safeguard or remedy does not exist."
sys-cag-parakh-data-safeguards,sys-cag-parakh,Data safeguards,"[""obs-cag-eoi-06""]",Primary records reviewed; strength/stage varies,"Implemented access, retention, deletion and data-sharing controls for the named version, not generic platform policy.","Not evidence that the record, safeguard or remedy does not exist."
sys-cag-parakh-operational-status,sys-cag-parakh,Operational status,[],Not established in reviewed corpus,"Dated, version-specific activation/coverage inventory and logs; announcements or schedules do not establish current operation.","Not evidence that the record, safeguard or remedy does not exist."
sys-safe-kerala-procurement,sys-safe-kerala,Procurement,"[""obs-safe-report-01"",""obs-safe-order-02""]",Primary records reviewed; strength/stage varies,Tender evaluation and award chain establishing continuity from invitation to the specific deployed version.,"Not evidence that the record, safeguard or remedy does not exist."
sys-safe-kerala-contracts-and-awards,sys-safe-kerala,Contracts and awards,[],Not established in reviewed corpus,"Original award, executed agreement, amendments and supplier identity; reported awards are not substituted for contracts.","Not evidence that the record, safeguard or remedy does not exist."
sys-safe-kerala-funding,sys-safe-kerala,Funding,"[""obs-safe-report-03"",""obs-safe-order-01""]",Primary records reviewed; strength/stage varies,"Disbursement/expenditure and payment ledger against the defined scope, not estimates, sanctions or bid securities.","Not evidence that the record, safeguard or remedy does not exist."
sys-safe-kerala-supplier,sys-safe-kerala,Supplier,"[""obs-safe-report-02""]",Primary records reviewed; strength/stage varies,"Named award counterparty and verified legal identity, not attendance, an invitation or technical-support attribution.","Not evidence that the record, safeguard or remedy does not exist."
sys-safe-kerala-implementation,sys-safe-kerala,Implementation,[],Not established in reviewed corpus,"Dated acceptance, commissioning, training-completion or go-live records for the named scope.","Not evidence that the record, safeguard or remedy does not exist."
sys-safe-kerala-evaluation,sys-safe-kerala,Evaluation,[],Not established in reviewed corpus,"Completed acceptance/evaluation reports, test sample, version, metrics and independent outcome evidence, not targets or timing claims.","Not evidence that the record, safeguard or remedy does not exist."
sys-safe-kerala-human-oversight,sys-safe-kerala,Human oversight,"[""obs-safe-report-04"",""obs-safe-order-04""]",Primary records reviewed; strength/stage varies,"Actual reviewer authority, exception handling and implementation logs, not merely a prescribed workflow.","Not evidence that the record, safeguard or remedy does not exist."
sys-safe-kerala-redress,sys-safe-kerala,Redress,[],Not established in reviewed corpus,"AI-specific exception/appeal route, decision authority and outcome records; general institutional routes are not equivalent.","Not evidence that the record, safeguard or remedy does not exist."
sys-safe-kerala-data-safeguards,sys-safe-kerala,Data safeguards,"[""obs-safe-report-05""]",Primary records reviewed; strength/stage varies,"Implemented access, retention, deletion and data-sharing controls for the named version, not generic platform policy.","Not evidence that the record, safeguard or remedy does not exist."
sys-safe-kerala-operational-status,sys-safe-kerala,Operational status,[],Not established in reviewed corpus,"Dated, version-specific activation/coverage inventory and logs; announcements or schedules do not establish current operation.","Not evidence that the record, safeguard or remedy does not exist."
sys-upsc-procurement,sys-upsc,Procurement,"[""obs-upsc-tender-01""]",Primary records reviewed; strength/stage varies,Tender evaluation and award chain establishing continuity from invitation to the specific deployed version.,"Not evidence that the record, safeguard or remedy does not exist."
sys-upsc-contracts-and-awards,sys-upsc,Contracts and awards,[],Not established in reviewed corpus,"Original award, executed agreement, amendments and supplier identity; reported awards are not substituted for contracts.","Not evidence that the record, safeguard or remedy does not exist."
sys-upsc-funding,sys-upsc,Funding,"[""obs-upsc-correction-02""]",Primary records reviewed; strength/stage varies,"Disbursement/expenditure and payment ledger against the defined scope, not estimates, sanctions or bid securities.","Not evidence that the record, safeguard or remedy does not exist."
sys-upsc-supplier,sys-upsc,Supplier,"[""obs-upsc-status-recovery-02""]",Primary records reviewed; strength/stage varies,"Named award counterparty and verified legal identity, not attendance, an invitation or technical-support attribution.","Not evidence that the record, safeguard or remedy does not exist."
sys-upsc-implementation,sys-upsc,Implementation,"[""obs-upsc-tender-02"",""obs-upsc-tender-03"",""obs-upsc-correction-03"",""obs-upsc-recent-01"",""obs-upsc-status-recovery-01"",""obs-upsc-status-recovery-03""]",Primary records reviewed; strength/stage varies,"Dated acceptance, commissioning, training-completion or go-live records for the named scope.","Not evidence that the record, safeguard or remedy does not exist."
sys-upsc-evaluation,sys-upsc,Evaluation,"[""obs-upsc-status-recovery-05""]",Primary records reviewed; strength/stage varies,"Completed acceptance/evaluation reports, test sample, version, metrics and independent outcome evidence, not targets or timing claims.","Not evidence that the record, safeguard or remedy does not exist."
sys-upsc-human-oversight,sys-upsc,Human oversight,"[""obs-upsc-tender-06"",""obs-upsc-correction-06"",""obs-upsc-recent-02""]",Primary records reviewed; strength/stage varies,"Actual reviewer authority, exception handling and implementation logs, not merely a prescribed workflow.","Not evidence that the record, safeguard or remedy does not exist."
sys-upsc-redress,sys-upsc,Redress,"[""obs-upsc-recent-03""]",Primary records reviewed; strength/stage varies,"AI-specific exception/appeal route, decision authority and outcome records; general institutional routes are not equivalent.","Not evidence that the record, safeguard or remedy does not exist."
sys-upsc-data-safeguards,sys-upsc,Data safeguards,"[""obs-upsc-tender-04"",""obs-upsc-correction-05""]",Primary records reviewed; strength/stage varies,"Implemented access, retention, deletion and data-sharing controls for the named version, not generic platform policy.","Not evidence that the record, safeguard or remedy does not exist."
sys-upsc-operational-status,sys-upsc,Operational status,"[""obs-upsc-tender-05"",""obs-upsc-status-recovery-04""]",Primary records reviewed; strength/stage varies,"Dated, version-specific activation/coverage inventory and logs; announcements or schedules do not establish current operation.","Not evidence that the record, safeguard or remedy does not exist."
sys-madukkarai-elephant-procurement,sys-madukkarai-elephant,Procurement,[],Not established in reviewed corpus,Tender evaluation and award chain establishing continuity from invitation to the specific deployed version.,"Not evidence that the record, safeguard or remedy does not exist."
sys-madukkarai-elephant-contracts-and-awards,sys-madukkarai-elephant,Contracts and awards,[],Not established in reviewed corpus,"Original award, executed agreement, amendments and supplier identity; reported awards are not substituted for contracts.","Not evidence that the record, safeguard or remedy does not exist."
sys-madukkarai-elephant-funding,sys-madukkarai-elephant,Funding,"[""obs-tn-launch-02""]",Primary records reviewed; strength/stage varies,"Disbursement/expenditure and payment ledger against the defined scope, not estimates, sanctions or bid securities.","Not evidence that the record, safeguard or remedy does not exist."
sys-madukkarai-elephant-supplier,sys-madukkarai-elephant,Supplier,[],Not established in reviewed corpus,"Named award counterparty and verified legal identity, not attendance, an invitation or technical-support attribution.","Not evidence that the record, safeguard or remedy does not exist."
sys-madukkarai-elephant-implementation,sys-madukkarai-elephant,Implementation,"[""obs-tn-launch-01"",""obs-tn-launch-03""]",Primary records reviewed; strength/stage varies,"Dated acceptance, commissioning, training-completion or go-live records for the named scope.","Not evidence that the record, safeguard or remedy does not exist."
sys-madukkarai-elephant-evaluation,sys-madukkarai-elephant,Evaluation,[],Not established in reviewed corpus,"Completed acceptance/evaluation reports, test sample, version, metrics and independent outcome evidence, not targets or timing claims.","Not evidence that the record, safeguard or remedy does not exist."
sys-madukkarai-elephant-human-oversight,sys-madukkarai-elephant,Human oversight,"[""obs-tn-launch-04""]",Primary records reviewed; strength/stage varies,"Actual reviewer authority, exception handling and implementation logs, not merely a prescribed workflow.","Not evidence that the record, safeguard or remedy does not exist."
sys-madukkarai-elephant-redress,sys-madukkarai-elephant,Redress,[],Not established in reviewed corpus,"AI-specific exception/appeal route, decision authority and outcome records; general institutional routes are not equivalent.","Not evidence that the record, safeguard or remedy does not exist."
sys-madukkarai-elephant-data-safeguards,sys-madukkarai-elephant,Data safeguards,[],Not established in reviewed corpus,"Implemented access, retention, deletion and data-sharing controls for the named version, not generic platform policy.","Not evidence that the record, safeguard or remedy does not exist."
sys-madukkarai-elephant-operational-status,sys-madukkarai-elephant,Operational status,"[""obs-tn-launch-05"",""obs-tn-policy-note-01""]",Primary records reviewed; strength/stage varies,"Dated, version-specific activation/coverage inventory and logs; announcements or schedules do not establish current operation.","Not evidence that the record, safeguard or remedy does not exist."
sys-igms-procurement,sys-igms,Procurement,"[""obs-igms-rfp-01"",""obs-igms-prebid-01""]",Primary records reviewed; strength/stage varies,Tender evaluation and award chain establishing continuity from invitation to the specific deployed version.,"Not evidence that the record, safeguard or remedy does not exist."
sys-igms-contracts-and-awards,sys-igms,Contracts and awards,[],Not established in reviewed corpus,"Original award, executed agreement, amendments and supplier identity; reported awards are not substituted for contracts.","Not evidence that the record, safeguard or remedy does not exist."
sys-igms-funding,sys-igms,Funding,"[""obs-igms-rfp-02""]",Primary records reviewed; strength/stage varies,"Disbursement/expenditure and payment ledger against the defined scope, not estimates, sanctions or bid securities.","Not evidence that the record, safeguard or remedy does not exist."
sys-igms-supplier,sys-igms,Supplier,[],Not established in reviewed corpus,"Named award counterparty and verified legal identity, not attendance, an invitation or technical-support attribution.","Not evidence that the record, safeguard or remedy does not exist."
sys-igms-implementation,sys-igms,Implementation,"[""obs-igms-rfp-05"",""obs-igms-prebid-03"",""obs-igms-prebid-05"",""obs-igms-aug-04"",""obs-igms-about-01"",""obs-igms-about-02"",""obs-igms-about-04"",""obs-igms-launch-01"",""obs-igms-launch-02"",""obs-igms-launch-03"",""obs-igms-guidelines-01"",""obs-igms-guidelines-02"",""obs-igms-guidelines-03"",""obs-igms-guidelines-04"",""obs-igms-g2g-01""]",Primary records reviewed; strength/stage varies,"Dated acceptance, commissioning, training-completion or go-live records for the named scope.","Not evidence that the record, safeguard or remedy does not exist."
sys-igms-evaluation,sys-igms,Evaluation,[],Not established in reviewed corpus,"Completed acceptance/evaluation reports, test sample, version, metrics and independent outcome evidence, not targets or timing claims.","Not evidence that the record, safeguard or remedy does not exist."
sys-igms-human-oversight,sys-igms,Human oversight,"[""obs-igms-rfp-03""]",Primary records reviewed; strength/stage varies,"Actual reviewer authority, exception handling and implementation logs, not merely a prescribed workflow.","Not evidence that the record, safeguard or remedy does not exist."
sys-igms-redress,sys-igms,Redress,"[""obs-igms-aug-05""]",Primary records reviewed; strength/stage varies,"AI-specific exception/appeal route, decision authority and outcome records; general institutional routes are not equivalent.","Not evidence that the record, safeguard or remedy does not exist."
sys-igms-data-safeguards,sys-igms,Data safeguards,"[""obs-igms-rfp-04"",""obs-igms-prebid-06"",""obs-igms-privacy-02"",""obs-igms-privacy-03"",""obs-igms-privacy-04""]",Primary records reviewed; strength/stage varies,"Implemented access, retention, deletion and data-sharing controls for the named version, not generic platform policy.","Not evidence that the record, safeguard or remedy does not exist."
sys-igms-operational-status,sys-igms,Operational status,"[""obs-igms-about-03""]",Primary records reviewed; strength/stage varies,"Dated, version-specific activation/coverage inventory and logs; announcements or schedules do not establish current operation.","Not evidence that the record, safeguard or remedy does not exist."
