financial_observation_id,observation_id,amount_text,amount_kind,currency,actual_spending_verified,aggregation_warning
money-obs-rail-iti-02,obs-rail-iti-02,"Rs. 16,03,10,078.63/-",Estimated project cost,INR,0,"Different scopes, stages and periods; do not sum estimates, sanctions, securities and reported project totals."
money-obs-vss-tender-02,obs-vss-tender-02,"Estimated cost: Rs. 46,95,165 inclusive of GST@12%; EMD: Rs. 93,900",Estimated procurement value and earnest money deposit (bid security),INR,0,"Different scopes, stages and periods; do not sum estimates, sanctions, securities and reported project totals."
money-obs-vss-2025-tender-02,obs-vss-2025-tender-02,Rs 8 lacs + Applicable Taxes,Approximate value of the work; not expenditure,INR,0,"Different scopes, stages and periods; do not sum estimates, sanctions, securities and reported project totals."
money-obs-upsc-tender-01,obs-upsc-tender-01,"Rs. 3,00,00,000/- (Rupees Three Crore Only)",Optional earnest-money-deposit security; bidder may instead submit a Bid Security Declaration,INR,0,"Different scopes, stages and periods; do not sum estimates, sanctions, securities and reported project totals."
money-obs-upsc-correction-02,obs-upsc-correction-02,"Rs. 3,00,00,000/- (Rupees Three Crore Only)","Earnest Money Deposit (EMD), with Bid Security Declaration as an alternative",INR,0,"Different scopes, stages and periods; do not sum estimates, sanctions, securities and reported project totals."
money-obs-tn-launch-02,obs-tn-launch-02,Rs.724.00/- Lakhs (Rs. Seven Crore Twenty Four lakhs only),Sanctioned project funding; not reported expenditure,INR,0,"Different scopes, stages and periods; do not sum estimates, sanctions, securities and reported project totals."
money-obs-tn-policy-note-01,obs-tn-policy-note-01,Rs.7.24 Cr.,Reported cost of the established system,INR,0,"Different scopes, stages and periods; do not sum estimates, sanctions, securities and reported project totals."
money-obs-igms-rfp-02,obs-igms-rfp-02,"INR 5,00,000/- (INR Five Lakh)",Earnest Money Deposit (bid security),INR,0,"Different scopes, stages and periods; do not sum estimates, sanctions, securities and reported project totals."
money-obs-safe-report-02,obs-safe-report-02,"Rs. 128,15,85,546/- plus GST @ 18% of Rs. 23,06,85,398/-; printed grant total: Rs. 151,22,709,44/-",Reported negotiated contract price for the vendor’s work; GST-inclusive total is unclear as printed,INR,0,"Different scopes, stages and periods; do not sum estimates, sanctions, securities and reported project totals."
money-obs-safe-report-03,obs-safe-report-03,"Rs. 2,322,550,286 (cost-summary table); earlier proposal total: Rs. 2,358,228,812",Reported five-year combined CAPEX and OPEX project cost; not verified spending,INR,0,"Different scopes, stages and periods; do not sum estimates, sanctions, securities and reported project totals."
money-obs-safe-order-01,obs-safe-order-01,"₹232,25,50,286; 20 equal quarterly installments","Authorized project cost and scheduled payments, not confirmed spending",INR,0,"Different scopes, stages and periods; do not sum estimates, sanctions, securities and reported project totals."
money-obs-safe-order-04,obs-safe-order-04,"₹11,61,27,514 per quarterly installment",Scheduled installment conditional on committee report,INR,0,"Different scopes, stages and periods; do not sum estimates, sanctions, securities and reported project totals."
