instrument_id,title,document_status,primary_source_url
gov-aadhaar-regulations,"Aadhaar (Authentication and Offline Verification) Regulations, 2021",Enacted / notified,https://uidai.gov.in/images/The_Aadhaar_Authentication_and_Offline_Verifications_Regulations_2021-_Clean_copy-30122025.pdf
gov-ai-consultation,Report of the Subcommittee on ‘AI Governance and Guidelines Development’,Historical / predecessor,https://indiaai.s3.ap-south-1.amazonaws.com/docs/subcommittee-report-dec26.pdf
gov-ai-guidelines,India AI Governance Guidelines: Enabling Safe and Trusted AI Innovation,Published recommendations / guidance,https://www.psa.gov.in/CMS/web/sites/default/files/publication/India%20Al%20Governance%20Guidelines%205%C2%A0Nov%C2%A02025.pdf
gov-aigeg-order,Constitution of AI Governance and Economic Group (AIGEG),Adopted / formally constituted,https://www.meity.gov.in/static/uploads/2026/04/43a4ec455c26b0f061cc7cca98770a45.pdf
gov-ap-court-order,"Mandatory use of the Adalat.AI Platform for recording of court proceedings, recording evidence, and dictation of orders or judgments in the District Judiciary of Andhra Pradesh",Adopted / formally constituted,https://aphc.gov.in/docs/notification_1785225296_0.pdf
gov-cag-ai-eoi,Establishment of a Sovereign AI & Data Platform with Agentic AI Applications,Procurement requirements / award unverified,https://cag.gov.in/uploads/tenders/tenders-EOI-for-Establishment-of-Sovereign-AI-Platform-for-CAG-of-India-069fb031304a1b8-89068885.pdf
gov-cert-aibom,"Technical Guidelines on SBOM, QBOM & CBOM, AIBOM and HBOM, Version 2.0",Published recommendations / guidance,"https://www.cert-in.org.in/PDF/TechnicalGuidelines-on-SBOM,QBOM&CBOM,AIBOM_and_HBOM_ver2.0.pdf"
gov-cert-directions,"Directions under sub-section (6) of section 70B of the Information Technology Act, 2000 relating to information security practices, procedure, prevention, response and reporting of cyber incidents for Safe & Trusted Internet",Enacted / notified,https://www.cert-in.org.in/PDF/CERT-In_Directions_70B_28.04.2022.pdf
gov-cert-extension,"Extension of timelines for enforcement of Cyber Security Directions of 28th April, 2022",Historical / predecessor,https://www.cert-in.org.in/PDF/CERT-In_directions_extension_MSMEs_and_validation_27.06.2022.pdf
gov-dpdp-act,"Digital Personal Data Protection Act, 2023",Enacted / notified,https://www.meity.gov.in/static/uploads/2024/06/2bf1f0e9f04e6fb4f8fef35e82c42aa5.pdf
gov-dpdp-commencement,"Notification appointing commencement dates under the Digital Personal Data Protection Act, 2023",Enacted / notified,https://www.meity.gov.in/static/uploads/2025/11/c56ceae6c383460ca69577428d36828b.pdf
gov-dpdp-correction,Corrigenda to the MeitY notification G.S.R. 846(E),Enacted / notified,https://www.meity.gov.in/static/uploads/2025/12/3c7ebbae0e5456f493f486e6845df86b.pdf
gov-dpdp-draft,"Digital Personal Data Protection Rules, 2025 (Draft)",Historical / predecessor,https://www.meity.gov.in/static/uploads/2025/02/f8a8e97a91091543fe19139cac7514a1.pdf
gov-dpdp-rules,"Digital Personal Data Protection Rules, 2025",Enacted / notified,https://www.meity.gov.in/static/uploads/2025/11/53450e6e5dc0bfa85ebd78686cadad39.pdf
gov-frt-approach,Adopting the Framework: A Use Case Approach on Facial Recognition Technology,Draft / consultation,https://www.niti.gov.in/sites/default/files/2022-11/Ai_for_All_2022_02112022.pdf
gov-gfr-procurement,"General Financial Rules, 2017",Enacted / notified,https://cdnbbsr.s3waas.gov.in/s316026d60ff9b54410b3435b403afd226/uploads/2024/08/202408121698012541.pdf
gov-goa-draft,Goa Artificial Intelligence (AI) Policy 2026,Draft / consultation,https://dit.goa.gov.in/assets/books/goa_ai_policy_draft.pdf
gov-gujarat-taskforce,Setting up of “AI Taskforce” in the State of Gujarat,Historical mandate / renewal unverified,https://dst.gujarat.gov.in/ViewFile?fileName=wKb4HJPjE81gwZNiRxKFzIylsKQNavbyz93vz9J0eK48ly4kdrF1K5xEPdz%E2%9C%BFXnihIyzOm%E2%9C%BFxBn3EMDjT%E2%9C%BFzMyI79bPQ9TIAmaW2BUmOsa2EW3A6Ll2c23BwQp6A758XXZyzoImmdGN4iWtDtgzUFZSmg%E2%99%AC%E2%99%AC
gov-icmr-ai,Ethical guidelines for application of Artificial Intelligence in Biomedical Research and Healthcare,Published recommendations / guidance,https://www.icmr.gov.in/ethical-guidelines-for-application-of-artificial-intelligence-in-biomedical-research-and-healthcare
gov-indiaai-mission,Cabinet Approves Ambitious IndiaAI Mission to Strengthen the AI Innovation Ecosystem,Adopted / formally constituted,https://www.pmindia.gov.in/en/news_updates/cabinet-approves-ambitious-indiaai-mission-to-strengthen-the-ai-innovation-ecosystem/
gov-it-rules-consolidated,"Information Technology (Intermediary Guidelines and Digital Media Ethics Code) Rules, 2021",Enacted / notified,https://www.meity.gov.in/static/uploads/2026/03/0b576f2071694b52e4cd6bb1b6dfab1e.pdf
gov-jharkhand-draft,"Jharkhand Artificial Intelligence Policy, 2026",Draft / consultation,https://www.jharkhand.gov.in/PDepartment/ViewDoc?id=D016DO002SD00205072026052600249
gov-jk-framework,JAMMU & KASHMIR’S ARTIFICAL INTELLIGENCE (AI) FRAMEWORK,Proposed framework / adoption unverified,https://obps.jk.gov.in/BPAMSClient/HomePageHtml/AIFramework.pdf
gov-kerala-it,IT Policy 2026,Published policy / adoption unverified,https://kfon.kerala.gov.in/wp-content/uploads/2026/02/IT_policy_2026_Kerala.pdf
gov-maharashtra-ai,Maharashtra Artificial Intelligence (AI) Policy 2026,Adopted / formally constituted,https://cdnbbsr.s3waas.gov.in/s3ffedf5be3a86e2ee281d54cdc97bc1cf/uploads/2026/07/202607071486006862.pdf
gov-medical-software,Guidance Document on Medical Device Software,Published recommendations / guidance,https://cdsco.gov.in/opencms/export/sites/CDSCO_WEB/Pdf-documents/Guidance-document-on-Medical-Device-Software-under-MDR-2017.pdf
gov-meghalaya-it,Meghalaya Information Technology and Information Technology Enabled Services (IT & ITeS) Promotion Policy 2024,Published policy / commencement unverified,https://investmeghalaya.gov.in/resources/homePage/17/megeodb/policies/it2024.pdf
gov-national-strategy,National Strategy for Artificial Intelligence,Published recommendations / guidance,https://www.niti.gov.in/sites/default/files/2023-03/National-Strategy-for-Artificial-Intelligence.pdf
gov-ndgf-draft,Draft National Data Governance Framework Policy,Draft / consultation,https://www.meity.gov.in/content/draft-national-data-governance-framework-policy-0
gov-new-delhi-declaration,"AI Impact Summit Declaration, New Delhi (February 18 - 19, 2026)",Published recommendations / guidance,https://www.mea.gov.in/bilateral-documents?dtl/40809
gov-odisha-ai,Odisha Artificial Intelligence Policy-2025,Adopted / formally constituted,https://it.odisha.gov.in/sites/default/files/2026-01/4602-E&IT%20Deptt.pdf
gov-rai-operational,Approach Document For India: Part 2 - Operationalizing Principles For Responsible AI,Published recommendations / guidance,https://www.niti.gov.in/sites/default/files/2021-08/Part2-Responsible-AI-12082021.pdf
gov-rai-principles,Towards Responsible AI for All: Part 1 – Principles for Responsible AI,Published recommendations / guidance,https://www.niti.gov.in/sites/default/files/2021-02/Responsible-AI-22022021.pdf
gov-rajasthan-ai,Rajasthan AI/ML Policy 2026,Published state policy / notification date unverified,https://ai.rajasthan.gov.in/policy/AI%20ML%20POLICY.pdf
gov-rbi-freeai,Framework for Responsible and Ethical Enablement of Artificial Intelligence in the Financial Sector (FREE-AI),Published recommendations / guidance,https://rbidocs.rbi.org.in/rdocs/PublicationReport/Pdfs/FREEAIR130820250A24FF2D4578453F824C72ED9F5D5851.PDF
gov-rbi-model-risk-draft,"Guidance on Regulatory Principles for Model Risk Management, 2026",Draft / consultation,https://rbidocs.rbi.org.in/rdocs/Content/PDFs/DRAFTGUIDANCE24062026FF12A4FF7BC84E8887009D5C5365F8BF.PDF
gov-sebi-consultation,CONSULTATION PAPER ON “GUIDELINES FOR RESPONSIBLE USAGE OF AI/ML IN INDIAN SECURITIES MARKETS”,Draft / consultation,https://www.sebi.gov.in/sebi_data/attachdocs/jun-2025/1750415065695.pdf
gov-sebi-cyber-advisory,Advisory on Emerging Advanced Artificial Intelligence (AI) Tools for Vulnerability Detection (like Mythos),Issued regulatory advisory / circular,https://cybersuraksha-ai.sebi.gov.in/documents/48365173/0/Advisory+on+AI.pdf/0ccb30be-015d-f7dc-2b28-8741bf260556?t=1786862751961
gov-sebi-funds,Reporting for Artificial Intelligence (AI) and Machine Learning (ML) applications and systems offered and used by Mutual Funds,Enacted / notified,https://www.sebi.gov.in/sebi_data/attachdocs/may-2019/1557381806499.pdf
gov-sebi-reporting,Reporting for Artificial Intelligence (AI) and Machine Learning (ML) applications and systems offered and used by market intermediaries,Enacted / notified,https://www.sebi.gov.in/sebi_data/attachdocs/jan-2019/1546611637895.pdf
gov-sebi-responsibility,"Securities and Exchange Board of India (Intermediaries) (Amendment) Regulations, 2025",Enacted / notified,https://www.sebi.gov.in/sebi_data/attachdocs/feb-2025/1739276753544.pdf
gov-sgi-amendment,"Information Technology (Intermediary Guidelines and Digital Media Ethics Code) Amendment Rules, 2026",Enacted / notified,https://www.meity.gov.in/static/uploads/2026/02/f55fe52418b03f58b0669f6a8bc03b6d.pdf
gov-sgi-correction,Corrigenda to the notification dated 10 February 2026,Enacted / notified,https://www.meity.gov.in/static/uploads/2026/03/20c30107195f68865104dd4e16176f4d.pdf
gov-sgi-draft,"Information Technology (Intermediary Guidelines and Digital Media Ethics Code) Amendment Rules, 2025",Historical / predecessor,https://www.meity.gov.in/static/uploads/2025/10/9de47fb06522b9e40a61e4731bc7de51.pdf
gov-sikkim-draft,Sikkim AI Policy 2025,Draft / consultation,https://www.sikkim.gov.in/uploads/DeptUploads/Draft_AI_Policy_2025_20260313.pdf
gov-supreme-court-draft,"Regulations for Use of Artificial Intelligence in Courts, 2026",Draft / consultation,https://cdnbbsr.s3waas.gov.in/s3ec0490f1f4972d133619a60c30f3559e/uploads/2026/06/2026060342.pdf
gov-telangana-strategy,AI-Powered Telangana: Strategy Document & Implementation Roadmap,Published state strategy,https://it.telangana.gov.in/wp-content/uploads/2024/09/AI-Powered-Telangana-Strategy-Document-and-Implementation-Roadmap.pdf
gov-telemedicine,Telemedicine Practice Guidelines: Enabling Registered Medical Practitioners to Provide Healthcare Using Telemedicine,Published professional guidelines,https://health.odisha.gov.in/sites/default/files/2021-12/Telemedicine-practice-guidelines.pdf
gov-tn-ethical,Safe & Ethical Artificial Intelligence Policy 2020,Published state policy,https://it.tn.gov.in/sites/default/files/2021-06/TN_Safe_Ethical_AI_policy_2020.pdf
gov-tn-mission,Tamil Nadu Artificial Intelligence Mission (TNAIM),Adopted / formally constituted,https://cms.tn.gov.in/cms_migrated/document/GO/it_e_25_2024_Ms.pdf
gov-tpec-constitution,Government Constitutes Technology and Policy Expert Committee (TPEC) to Provide Expert Advisory Support to India’s AI Governance Architecture,Adopted / formally constituted,https://www.pib.gov.in/PressReleasePage.aspx?PRID=2253322&reg=1&lang=1
gov-uttarakhand-mission,Uttarakhand AI Mission–2025,Official launch / full text unreviewed,https://governoruk.gov.in/26-11-2025-governor-launched-the-uttarakhand-ai-mission-2025-policy-at-raj-bhawan/
