governance_link_id,system_id,instrument_id,existing_governance_link_id,link_type,rationale,implementation_observation_ids,instrument_evidence_ids,applicability_determination,compliance_verified
impl-govlink-ap-court-order-sys-adalat-ai,sys-adalat-ai,gov-ap-court-order,govlink-ap-court-order-sys-adalat-ai,Common original primary document,The circular names Adalat.AI and directs Andhra Pradesh district-court use; implementation is not verified.,"[""obs-court-order-01"",""obs-court-order-02"",""obs-court-order-03"",""obs-court-order-04"",""obs-court-order-05""]","[""gov-ap-court-order-status"",""gov-ap-court-order-scope"",""gov-ap-court-order-p1-ev""]","Not made; documentary relevance only except explicit named direction, whose implementation remains unverified",0
impl-govlink-supreme-court-draft-sys-adalat-ai,sys-adalat-ai,gov-supreme-court-draft,govlink-supreme-court-draft-sys-adalat-ai,"Inherited, expressly qualified governance association",Judicial AI scope overlaps these court tools; adoption and tool-specific applicability are not established.,"[""obs-court-order-01"",""obs-court-order-02"",""obs-court-order-03"",""obs-court-order-04"",""obs-court-order-05"",""obs-court-followup-02"",""obs-court-followup-03"",""obs-court-followup-04"",""obs-court-followup-05""]","[""gov-supreme-court-draft-status"",""gov-supreme-court-draft-scope""]","Not made; documentary relevance only except explicit named direction, whose implementation remains unverified",0
impl-govlink-ai-guidelines-sys-adalat-ai,sys-adalat-ai,gov-ai-guidelines,govlink-ai-guidelines-sys-adalat-ai,"Inherited, expressly qualified governance association",These sectoral AI uses overlap national governance principles; no new statutory audit/appeal duty or regulator finding inferred.,"[""obs-court-order-01"",""obs-court-order-02"",""obs-court-order-03"",""obs-court-order-04"",""obs-court-order-05"",""obs-court-followup-02"",""obs-court-followup-03"",""obs-court-followup-04"",""obs-court-followup-05""]","[""gov-ai-guidelines-status"",""gov-ai-guidelines-scope""]","Not made; documentary relevance only except explicit named direction, whose implementation remains unverified",0
impl-govlink-cag-ai-eoi-sys-cag-paras,sys-cag-paras,gov-cag-ai-eoi,govlink-cag-ai-eoi-sys-cag-paras,Common original primary document,"The same CAG EOI describes the named PARAS and PARAKH agent functions. Requirements are not supplier awards, implemented controls or delegation of final sanction.","[""obs-cag-eoi-01"",""obs-cag-eoi-02"",""obs-cag-eoi-03"",""obs-cag-eoi-05"",""obs-cag-eoi-06""]","[""gov-cag-ai-eoi-status"",""gov-cag-ai-eoi-scope""]","Not made; documentary relevance only except explicit named direction, whose implementation remains unverified",0
impl-govlink-gfr-procurement-sys-cag-paras,sys-cag-paras,gov-gfr-procurement,govlink-gfr-procurement-sys-cag-paras,"Inherited, expressly qualified governance association",Central public procurement is potentially governed by GFR subject to entity/procurement-specific scope and exemptions; no particular contract or procurement route inferred.,"[""obs-cag-eoi-01"",""obs-cag-eoi-02"",""obs-cag-eoi-03"",""obs-cag-eoi-05"",""obs-cag-eoi-06"",""obs-cag-order-01"",""obs-cag-order-02"",""obs-cag-order-05"",""obs-cag-minutes-01"",""obs-cag-minutes-02"",""obs-cag-minutes-04"",""obs-cag-minutes-05""]","[""gov-gfr-procurement-status"",""gov-gfr-procurement-scope""]","Not made; documentary relevance only except explicit named direction, whose implementation remains unverified",0
impl-govlink-cag-ai-eoi-sys-cag-parakh,sys-cag-parakh,gov-cag-ai-eoi,govlink-cag-ai-eoi-sys-cag-parakh,Common original primary document,"The same CAG EOI describes the named PARAS and PARAKH agent functions. Requirements are not supplier awards, implemented controls or delegation of final sanction.","[""obs-cag-eoi-01"",""obs-cag-eoi-02"",""obs-cag-eoi-03"",""obs-cag-eoi-05"",""obs-cag-eoi-06""]","[""gov-cag-ai-eoi-status"",""gov-cag-ai-eoi-scope""]","Not made; documentary relevance only except explicit named direction, whose implementation remains unverified",0
impl-govlink-gfr-procurement-sys-cag-parakh,sys-cag-parakh,gov-gfr-procurement,govlink-gfr-procurement-sys-cag-parakh,"Inherited, expressly qualified governance association",Central public procurement is potentially governed by GFR subject to entity/procurement-specific scope and exemptions; no particular contract or procurement route inferred.,"[""obs-cag-eoi-01"",""obs-cag-eoi-02"",""obs-cag-eoi-03"",""obs-cag-eoi-05"",""obs-cag-eoi-06"",""obs-cag-order-01"",""obs-cag-order-02"",""obs-cag-order-05"",""obs-cag-minutes-01"",""obs-cag-minutes-02"",""obs-cag-minutes-04"",""obs-cag-minutes-05""]","[""gov-gfr-procurement-status"",""gov-gfr-procurement-scope""]","Not made; documentary relevance only except explicit named direction, whose implementation remains unverified",0
impl-govlink-kerala-it-sys-safe-kerala,sys-safe-kerala,gov-kerala-it,govlink-kerala-it-sys-safe-kerala,"Inherited, expressly qualified governance association",Kerala public-service systems overlap proposed AI mission and responsible-use measures; no adoption order or project-specific coverage established.,"[""obs-safe-report-01"",""obs-safe-report-02"",""obs-safe-report-03"",""obs-safe-report-04"",""obs-safe-report-05"",""obs-safe-order-01"",""obs-safe-order-02"",""obs-safe-order-04""]","[""gov-kerala-it-status"",""gov-kerala-it-scope""]","Not made; documentary relevance only except explicit named direction, whose implementation remains unverified",0
impl-govlink-frt-approach-sys-upsc,sys-upsc,gov-frt-approach,govlink-frt-approach-sys-upsc,"Inherited, expressly qualified governance association","Facial recognition/authentication overlaps discussion-paper scope; no binding duties, biometric equivalence or tool evaluation inferred.","[""obs-upsc-tender-01"",""obs-upsc-tender-02"",""obs-upsc-tender-03"",""obs-upsc-tender-04"",""obs-upsc-tender-05"",""obs-upsc-tender-06"",""obs-upsc-correction-02"",""obs-upsc-correction-03"",""obs-upsc-correction-05"",""obs-upsc-correction-06"",""obs-upsc-recent-01"",""obs-upsc-recent-02"",""obs-upsc-recent-03"",""obs-upsc-status-recovery-01"",""obs-upsc-status-recovery-02"",""obs-upsc-status-recovery-03"",""obs-upsc-status-recovery-04"",""obs-upsc-status-recovery-05""]","[""gov-frt-approach-status"",""gov-frt-approach-scope""]","Not made; documentary relevance only except explicit named direction, whose implementation remains unverified",0
impl-govlink-gfr-procurement-sys-upsc,sys-upsc,gov-gfr-procurement,govlink-gfr-procurement-sys-upsc,"Inherited, expressly qualified governance association",Central public procurement is potentially governed by GFR subject to entity/procurement-specific scope and exemptions; no particular contract or procurement route inferred.,"[""obs-upsc-tender-01"",""obs-upsc-tender-02"",""obs-upsc-tender-03"",""obs-upsc-tender-04"",""obs-upsc-tender-05"",""obs-upsc-tender-06"",""obs-upsc-correction-02"",""obs-upsc-correction-03"",""obs-upsc-correction-05"",""obs-upsc-correction-06"",""obs-upsc-recent-01"",""obs-upsc-recent-02"",""obs-upsc-recent-03"",""obs-upsc-status-recovery-01"",""obs-upsc-status-recovery-02"",""obs-upsc-status-recovery-03"",""obs-upsc-status-recovery-04"",""obs-upsc-status-recovery-05""]","[""gov-gfr-procurement-status"",""gov-gfr-procurement-scope""]","Not made; documentary relevance only except explicit named direction, whose implementation remains unverified",0
impl-govlink-tn-ethical-sys-madukkarai-elephant,sys-madukkarai-elephant,gov-tn-ethical,govlink-tn-ethical-sys-madukkarai-elephant,"Inherited, expressly qualified governance association",Tamil Nadu public-service AI falls within the policy's general state deployment scope; actual DEEP-MAX assessment or compliance is not established.,"[""obs-tn-launch-01"",""obs-tn-launch-02"",""obs-tn-launch-03"",""obs-tn-launch-04"",""obs-tn-launch-05"",""obs-tn-policy-note-01""]","[""gov-tn-ethical-status"",""gov-tn-ethical-scope""]","Not made; documentary relevance only except explicit named direction, whose implementation remains unverified",0
