selection_decision_id,system_id,disposition,basis,search_design,counting_unit
selection-sys-rail-ids,sys-rail-ids,Included,Railway tender and specification offer distinct pre-award and acceptance stages alongside a ministerial report of implementation.,Five comparable initial queries and two follow-up queries; selected cases received further targeted retrieval.,"Existing family only; regional installations, components, suppliers and procurement documents are not new systems."
selection-sys-rail-vss,sys-rail-vss,Included,"Named station tender, component-integration invitation, issuer project page and stock-exchange press filing provide procurement and rollout anchors.",Five comparable initial queries and two follow-up queries; selected cases received further targeted retrieval.,"Existing family only; regional installations, components, suppliers and procurement documents are not new systems."
selection-sys-nhai-das,sys-nhai-das,Included,"TCIL's 2025 EOI reproduces the NHAI RFP, allowing requirements to be compared with the 2026 announcements.",Five comparable initial queries and two follow-up queries; selected cases received further targeted retrieval.,"Existing family only; regional installations, components, suppliers and procurement documents are not new systems."
selection-sys-adalat-ai,sys-adalat-ai,Included,"Named High Court direction and district-court training packet expose mandated use, exceptions, reporting and supplier-labelled preparation.",Five comparable initial queries and two follow-up queries; selected cases received further targeted retrieval.,"Existing family only; regional installations, components, suppliers and procurement documents are not new systems."
selection-sys-cag-paras,sys-cag-paras,Included,The common CAG sovereign-AI EOI names the existing agent family; office orders and conference minutes provide institutional context.,Five comparable initial queries and two follow-up queries; selected cases received further targeted retrieval.,"Existing family only; regional installations, components, suppliers and procurement documents are not new systems."
selection-sys-cag-parakh,sys-cag-parakh,Included,The same CAG EOI names PARAKH; contextual audit orders are retained without counting a second independent procurement.,Five comparable initial queries and two follow-up queries; selected cases received further targeted retrieval.,"Existing family only; regional installations, components, suppliers and procurement documents are not new systems."
selection-sys-safe-kerala,sys-safe-kerala,Included,"Original administrative sanction and Keltron's implementation account add conditional funding, procurement-history and review-workflow evidence.",Five comparable initial queries and two follow-up queries; selected cases received further targeted retrieval.,"Existing family only; regional installations, components, suppliers and procurement documents are not new systems."
selection-sys-upsc,sys-upsc,Included,The 2024 tender/correction can be contrasted with 2026 face-authentication reports and NeGD technical-support attribution.,Five comparable initial queries and two follow-up queries; selected cases received further targeted retrieval.,"Existing family only; regional installations, components, suppliers and procurement documents are not new systems."
selection-sys-madukkarai-elephant,sys-madukkarai-elephant,Included,"Tamil Nadu launch release and forest policy note supply sanction, site, control-room and alert-chain evidence.",Five comparable initial queries and two follow-up queries; selected cases received further targeted retrieval.,"Existing family only; regional installations, components, suppliers and procurement documents are not new systems."
selection-sys-igms,sys-igms,Included,"Legacy implementation documents are linked to the NextGen CPGRAMS RFP, pre-bid clarifications and later status without merging versions.",Five comparable initial queries and two follow-up queries; selected cases received further targeted retrieval.,"Existing family only; regional installations, components, suppliers and procurement documents are not new systems."
selection-sys-askdisha,sys-askdisha,Deferred after screening,"First-party material found, but detailed procurement/implementation chain not pursued in this ten-case cycle. Deferral is not a finding of no evidence.",Five comparable initial queries and two follow-up queries; selected cases received further targeted retrieval.,"Existing family only; regional installations, components, suppliers and procurement documents are not new systems."
selection-sys-mulehunter,sys-mulehunter,Deferred after screening,"First-party material found, but detailed procurement/implementation chain not pursued in this ten-case cycle. Deferral is not a finding of no evidence.",Five comparable initial queries and two follow-up queries; selected cases received further targeted retrieval.,"Existing family only; regional installations, components, suppliers and procurement documents are not new systems."
