"Case ID","System","Sector","Deployment stage","Dimension","Evidence status","Statement","Evidence URLs","Quoted evidence","Locator","Research limits"
"service-upsc","UPSC face authentication","Public examinations","Official deployment reported","Owner & purpose","Documented","UPSC with technical support from NeGD; exam identity authentication.","https://www.pib.gov.in/PressReleasePage.aspx?PRID=2268879&reg=3&lang=1","The face authentication application has been developed and implemented by UPSC with technical support from the National e-Governance Division (NeGD) of Ministry of Electronics and IT.","4 June release, implementation and developer","Do not equate the 2024 biometric/CCTV procurement package with the 2026 in-house mobile application. Tender requirements are not current deployed behaviour. No candidate case or device inspection was undertaken."
"service-upsc","UPSC face authentication","Public examinations","Official deployment reported","Decision role & affected people","Partial","Mobile identity matching concerns examination candidates; detailed adverse-decision rules are not verified.","https://www.pib.gov.in/PressReleaseDetail.aspx?PRID=2317336&reg=48&lang=1 | https://www.pib.gov.in/PressReleasePage.aspx?PRID=2268879&reg=3&lang=1","Following a pilot at select centres in Gurugram during the NDA & NA (II) and CDS (II) examinations in September 2025, the system was implemented at scale for the Civil Services (Preliminary) Examination on 24 May 2026, covering approximately 5.50 lakh candidates. | It works on any Android smartphone, and invigilators used their own mobile phones for the purpose, thereby reducing hardware costs and easing the logistical burden.","4 October release, examination reform | 4 June release, mobile workflow","Do not equate the 2024 biometric/CCTV procurement package with the 2026 in-house mobile application. Tender requirements are not current deployed behaviour. No candidate case or device inspection was undertaken."
"service-upsc","UPSC face authentication","Public examinations","Official deployment reported","Deployment & date","Documented","A September 2025 pilot and scaled use on 24 May 2026 are officially reported, with about 5.50 lakh candidates.","https://www.pib.gov.in/PressReleaseDetail.aspx?PRID=2317336&reg=48&lang=1","Following a pilot at select centres in Gurugram during the NDA & NA (II) and CDS (II) examinations in September 2025, the system was implemented at scale for the Civil Services (Preliminary) Examination on 24 May 2026, covering approximately 5.50 lakh candidates.","4 October release, examination reform","Do not equate the 2024 biometric/CCTV procurement package with the 2026 in-house mobile application. Tender requirements are not current deployed behaviour. No candidate case or device inspection was undertaken."
"service-upsc","UPSC face authentication","Public examinations","Official deployment reported","Procurement & supplier","Partial","A 2024 PSU tender covered biometrics, facial recognition, QR scans and AI CCTV; the June record describes in-house development. The contract link between them is unverified.","https://upsc.gov.in/sites/default/files/Tender-AadhaarQRFaceRecgAI-Corrgn_Eng-180724.pdf | https://www.pib.gov.in/PressReleasePage.aspx?PRID=2268879&reg=3&lang=1","Tender responses are invited from PSUs for Aadhaar based Fingerprint Authentication/Digital Fingerprint Capturing & Facial Recognition of Candidates, QR Code Scanning of e-Admit Cards and Live AI-based CCTV Surveillance | The face authentication application has been developed and implemented by UPSC with technical support from the National e-Governance Division (NeGD) of Ministry of Electronics and IT.","2024 tender, cover/scope | 4 June release, implementation and developer","Do not equate the 2024 biometric/CCTV procurement package with the 2026 in-house mobile application. Tender requirements are not current deployed behaviour. No candidate case or device inspection was undertaken."
"service-upsc","UPSC face authentication","Public examinations","Official deployment reported","Funding & contract","Not verified","n.a. Awarded supplier, current application budget and contract value were not verified; the tender alone is not an award.","","","","Do not equate the 2024 biometric/CCTV procurement package with the 2026 in-house mobile application. Tender requirements are not current deployed behaviour. No candidate case or device inspection was undertaken."
"service-upsc","UPSC face authentication","Public examinations","Official deployment reported","Data & integration","Partial","Invigilators' Android phones were used. The current data-flow diagram and device/data lifecycle were not verified.","https://www.pib.gov.in/PressReleasePage.aspx?PRID=2268879&reg=3&lang=1","It works on any Android smartphone, and invigilators used their own mobile phones for the purpose, thereby reducing hardware costs and easing the logistical burden.","4 June release, mobile workflow","Do not equate the 2024 biometric/CCTV procurement package with the 2026 in-house mobile application. Tender requirements are not current deployed behaviour. No candidate case or device inspection was undertaken."
"service-upsc","UPSC face authentication","Public examinations","Official deployment reported","Evaluation & error rates","Partial","UPSC reports six-to-eight-second typical authentication; no independent false-accept/reject or subgroup evaluation was verified.","https://www.pib.gov.in/PressReleasePage.aspx?PRID=2268879&reg=3&lang=1","The time required for a typical face authentication of a candidate is only about 6–8 seconds, which ensured smooth entry and prevented queuing at examination centres.","4 June release, reported timing","Do not equate the 2024 biometric/CCTV procurement package with the 2026 in-house mobile application. Tender requirements are not current deployed behaviour. No candidate case or device inspection was undertaken."
"service-upsc","UPSC face authentication","Public examinations","Official deployment reported","Human review & overrides","Partial","The older tender requires physical photo verification. The current mismatch/technical-failure SOP was not verified.","https://upsc.gov.in/sites/default/files/Tender-AadhaarQRFaceRecgAI-Corrgn_Eng-180724.pdf","6.1.11 The Service Provider has to perform physical verification of candidates’ photos with Application Database (provided by UPSC) at the time of security gate entry.","2024 tender clause 6.1.11","Do not equate the 2024 biometric/CCTV procurement package with the 2026 in-house mobile application. Tender requirements are not current deployed behaviour. No candidate case or device inspection was undertaken."
"service-upsc","UPSC face authentication","Public examinations","Official deployment reported","Privacy & retention","Partial","The older tender specifies encrypted cloud holding for at least one year or 30 days after final results, whichever is later. Applying it to the current mobile system is not established.","https://upsc.gov.in/sites/default/files/Tender-AadhaarQRFaceRecgAI-Corrgn_Eng-180724.pdf","6.1.12 After the completion of the entire process as per the scope of work, the Service Provider will hold the data on its Secured Cloud Server with 256-bit encryption for a minimum period of one (01) year from the date of the examination or 30 days after the declaration of final result of the examination, whichever is later.","2024 tender clause 6.1.12","Do not equate the 2024 biometric/CCTV procurement package with the 2026 in-house mobile application. Tender requirements are not current deployed behaviour. No candidate case or device inspection was undertaken."
"service-upsc","UPSC face authentication","Public examinations","Official deployment reported","Complaints & appeal","Not verified","n.a. A system-specific candidate mismatch appeal, deadline and non-biometric fallback were not verified.","","","","Do not equate the 2024 biometric/CCTV procurement package with the 2026 in-house mobile application. Tender requirements are not current deployed behaviour. No candidate case or device inspection was undertaken."
"service-upsc","UPSC face authentication","Public examinations","Official deployment reported","Public outputs & access","Partial","UPSC publishes implementation descriptions; the actual current failure-handling SOP, audit and test report were not obtained.","https://www.pib.gov.in/PressReleasePage.aspx?PRID=2268879&reg=3&lang=1 | https://www.pib.gov.in/PressReleaseDetail.aspx?PRID=2317336&reg=48&lang=1","The face authentication application has been developed and implemented by UPSC with technical support from the National e-Governance Division (NeGD) of Ministry of Electronics and IT. | Following a pilot at select centres in Gurugram during the NDA & NA (II) and CDS (II) examinations in September 2025, the system was implemented at scale for the Civil Services (Preliminary) Examination on 24 May 2026, covering approximately 5.50 lakh candidates.","4 June release, implementation and developer | 4 October release, examination reform","Do not equate the 2024 biometric/CCTV procurement package with the 2026 in-house mobile application. Tender requirements are not current deployed behaviour. No candidate case or device inspection was undertaken."
"service-upsc","UPSC face authentication","Public examinations","Official deployment reported","Current-status limits","Partial","The October source confirms reported scaled use, not independently audited accuracy or every current operational detail.","https://www.pib.gov.in/PressReleaseDetail.aspx?PRID=2317336&reg=48&lang=1","Following a pilot at select centres in Gurugram during the NDA & NA (II) and CDS (II) examinations in September 2025, the system was implemented at scale for the Civil Services (Preliminary) Examination on 24 May 2026, covering approximately 5.50 lakh candidates.","4 October release, examination reform","Do not equate the 2024 biometric/CCTV procurement package with the 2026 in-house mobile application. Tender requirements are not current deployed behaviour. No candidate case or device inspection was undertaken."
"service-cyberguard","I4C CyberGuard","Cybercrime administration","Official integration reported","Owner & purpose","Documented","IndiaAI and I4C developed a challenge around NCRP complaint classification and crime-pattern identification.","https://www.pib.gov.in/PressReleasePage.aspx?PRID=2132817&reg=3&lang=1","The Hackathon resulted in the development of AI-based solutions to enhance the classification of cybercrime complaints and support the identification of emerging crime patterns, trends, and modus operandi on the National Cyber Crime Reporting Portal (NCRP).","Hackathon explanation","Winner selection is not proof of the deployed supplier or a service contract. Integration does not establish measured operational accuracy, complaint outcomes, or automatic adverse decisions."
"service-cyberguard","I4C CyberGuard","Cybercrime administration","Official integration reported","Decision role & affected people","Partial","The task is complaint classification/pattern support; effects on registration, prioritisation and investigations are not specified in the reviewed record.","https://www.pib.gov.in/PressReleasePage.aspx?PRID=2132817&reg=3&lang=1","The Hackathon resulted in the development of AI-based solutions to enhance the classification of cybercrime complaints and support the identification of emerging crime patterns, trends, and modus operandi on the National Cyber Crime Reporting Portal (NCRP).","Hackathon explanation","Winner selection is not proof of the deployed supplier or a service contract. Integration does not establish measured operational accuracy, complaint outcomes, or automatic adverse decisions."
"service-cyberguard","I4C CyberGuard","Cybercrime administration","Official integration reported","Deployment & date","Documented","The 29 July official record reports integration with I4C systems.","https://www.pib.gov.in/PressReleasePage.aspx?PRID=2291062&reg=48&lang=1","The shortlisted solution has been integrated with I4C systems.","29 July release, CyberGuard paragraph","Winner selection is not proof of the deployed supplier or a service contract. Integration does not establish measured operational accuracy, complaint outcomes, or automatic adverse decisions."
"service-cyberguard","I4C CyberGuard","Cybercrime administration","Official integration reported","Procurement & supplier","Partial","The results list winning organisations. Which finalist supplied the integrated production system and on what contract is not verified.","https://www.pib.gov.in/PressReleasePage.aspx?PRID=2132817&reg=3&lang=1","Winners of IndiaAI I4C CyberGuard AI Hackathon Team Lead Names of the Team members Affiliated Organization Nisarg Gandhi Patel Darshankumar Shankarbhai and Bhensdadiya Kevin Vasantbhai S4AI Technologies LLP Lasya Ippagunta Shubham Luharuka and Puneet Hegde CloudSEK Information Security Limited Meet Bisht Rohit Ganaka and Yukta Chauhan Voldebug Innovations Pvt. Ltd.","Annexure I, winner table","Winner selection is not proof of the deployed supplier or a service contract. Integration does not establish measured operational accuracy, complaint outcomes, or automatic adverse decisions."
"service-cyberguard","I4C CyberGuard","Cybercrime administration","Official integration reported","Funding & contract","Not verified","n.a. Production award, fees, ongoing support terms and project-specific expenditure were not verified.","","","","Winner selection is not proof of the deployed supplier or a service contract. Integration does not establish measured operational accuracy, complaint outcomes, or automatic adverse decisions."
"service-cyberguard","I4C CyberGuard","Cybercrime administration","Official integration reported","Data & integration","Partial","The challenge description mentions handwritten FIRs, screenshots and audio calls. The production ingestion schema and access controls were not verified.","https://www.pib.gov.in/PressReleasePage.aspx?PRID=2132817&reg=3&lang=1","These models can interpret complex inputs such as handwritten FIRs, screenshots, and audio calls with improved speed and accuracy.","Hackathon explanation, supported inputs","Winner selection is not proof of the deployed supplier or a service contract. Integration does not establish measured operational accuracy, complaint outcomes, or automatic adverse decisions."
"service-cyberguard","I4C CyberGuard","Cybercrime administration","Official integration reported","Evaluation & error rates","Not verified","n.a. 'Improved speed and accuracy' is an official qualitative claim, not a production benchmark with error distributions.","https://www.pib.gov.in/PressReleasePage.aspx?PRID=2132817&reg=3&lang=1","These models can interpret complex inputs such as handwritten FIRs, screenshots, and audio calls with improved speed and accuracy.","Hackathon explanation, supported inputs","Winner selection is not proof of the deployed supplier or a service contract. Integration does not establish measured operational accuracy, complaint outcomes, or automatic adverse decisions."
"service-cyberguard","I4C CyberGuard","Cybercrime administration","Official integration reported","Human review & overrides","Not verified","n.a. Human correction, routing overrides and audit-log procedures were not verified.","","","","Winner selection is not proof of the deployed supplier or a service contract. Integration does not establish measured operational accuracy, complaint outcomes, or automatic adverse decisions."
"service-cyberguard","I4C CyberGuard","Cybercrime administration","Official integration reported","Privacy & retention","Not verified","n.a. System-specific retention, training reuse, processors and minimisation rules were not verified.","","","","Winner selection is not proof of the deployed supplier or a service contract. Integration does not establish measured operational accuracy, complaint outcomes, or automatic adverse decisions."
"service-cyberguard","I4C CyberGuard","Cybercrime administration","Official integration reported","Complaints & appeal","Not verified","n.a. A classifier-specific correction/appeal route was not verified; ordinary cybercrime reporting is not proof of an AI-error appeal.","","","","Winner selection is not proof of the deployed supplier or a service contract. Integration does not establish measured operational accuracy, complaint outcomes, or automatic adverse decisions."
"service-cyberguard","I4C CyberGuard","Cybercrime administration","Official integration reported","Public outputs & access","Partial","The winner table and integration statement are public; no production model card or evaluation report was verified.","https://www.pib.gov.in/PressReleasePage.aspx?PRID=2132817&reg=3&lang=1 | https://www.pib.gov.in/PressReleasePage.aspx?PRID=2291062&reg=48&lang=1","Winners of IndiaAI I4C CyberGuard AI Hackathon Team Lead Names of the Team members Affiliated Organization Nisarg Gandhi Patel Darshankumar Shankarbhai and Bhensdadiya Kevin Vasantbhai S4AI Technologies LLP Lasya Ippagunta Shubham Luharuka and Puneet Hegde CloudSEK Information Security Limited Meet Bisht Rohit Ganaka and Yukta Chauhan Voldebug Innovations Pvt. Ltd. | The shortlisted solution has been integrated with I4C systems.","Annexure I, winner table | 29 July release, CyberGuard paragraph","Winner selection is not proof of the deployed supplier or a service contract. Integration does not establish measured operational accuracy, complaint outcomes, or automatic adverse decisions."
"service-cyberguard","I4C CyberGuard","Cybercrime administration","Official integration reported","Current-status limits","Partial","Official integration is documented as a source claim; live access, coverage and decision impact were not independently tested.","https://www.pib.gov.in/PressReleasePage.aspx?PRID=2291062&reg=48&lang=1","The shortlisted solution has been integrated with I4C systems.","29 July release, CyberGuard paragraph","Winner selection is not proof of the deployed supplier or a service contract. Integration does not establish measured operational accuracy, complaint outcomes, or automatic adverse decisions."
"service-suvas","SUVAS judicial translation","Judicial access","Official use reported","Owner & purpose","Documented","Supreme Court SUVAS translates judgments and orders to vernacular languages.","https://www.pib.gov.in/PressReleasePage.aspx?PRID=2226283&reg=48&lang=2","For this, **SUVAS** **(Supreme Court Vidhik Anuvaad Software)**, an AI-driven translation tool of the Supreme Court, converts English judgments and orders into vernacular languages, enhancing accessibility and regional language use in courts. These translated judgments are hosted on the **e-SCR portal**, significantly expanding public access.","Judgment translation section","The 2023 Allahabad process is jurisdiction-specific and historical. Do not infer that its remuneration, panel or disclaimer governs every court or every current SUVAS output."
"service-suvas","SUVAS judicial translation","Judicial access","Official use reported","Decision role & affected people","Documented","Translation supports people reading court records; it is not itself a decision on the merits of a case.","https://www.pib.gov.in/PressReleasePage.aspx?PRID=2226283&reg=48&lang=2 | https://www.pib.gov.in/PressReleasePage.aspx?PRID=2226283&reg=48&lang=2","For this, **SUVAS** **(Supreme Court Vidhik Anuvaad Software)**, an AI-driven translation tool of the Supreme Court, converts English judgments and orders into vernacular languages, enhancing accessibility and regional language use in courts. These translated judgments are hosted on the **e-SCR portal**, significantly expanding public access. | **Supreme Court and High Court AI Translation Committees** oversee quality and constitutional accuracy. AI use remains assistive, with translations reviewed within judicial frameworks to support access to justice.","Judgment translation section | Translation committee oversight","The 2023 Allahabad process is jurisdiction-specific and historical. Do not infer that its remuneration, panel or disclaimer governs every court or every current SUVAS output."
"service-suvas","SUVAS judicial translation","Judicial access","Official use reported","Deployment & date","Documented","The February official explanation reports use and hosting on e-SCR; current court-by-court coverage is not certified.","https://www.pib.gov.in/PressReleasePage.aspx?PRID=2226283&reg=48&lang=2","For this, **SUVAS** **(Supreme Court Vidhik Anuvaad Software)**, an AI-driven translation tool of the Supreme Court, converts English judgments and orders into vernacular languages, enhancing accessibility and regional language use in courts. These translated judgments are hosted on the **e-SCR portal**, significantly expanding public access.","Judgment translation section","The 2023 Allahabad process is jurisdiction-specific and historical. Do not infer that its remuneration, panel or disclaimer governs every court or every current SUVAS output."
"service-suvas","SUVAS judicial translation","Judicial access","Official use reported","Procurement & supplier","Not verified","n.a. Software/model contract, procurement award and current supplier chain were not verified.","","","","The 2023 Allahabad process is jurisdiction-specific and historical. Do not infer that its remuneration, panel or disclaimer governs every court or every current SUVAS output."
"service-suvas","SUVAS judicial translation","Judicial access","Official use reported","Funding & contract","Partial","The historical Allahabad notice quotes Re. 1 per English-source word. Circulated scheme guidance describes High Court grants sanctioned by State Governments for translator remuneration; neither is a national software budget or verified expenditure.","https://www.allahabadhighcourt.in/event/event_16290_18-09-2023.pdf | https://cdnbbsr.s3waas.gov.in/s3ec03ac73001b1d44f4925449ce09d9f5/uploads/2023/09/2023092013.pdf","The remuneration for vetting & correction of the software generated translation of the judgments of this Court will be paid at the rate of Re. 1/- per word of the English version. | Amounts required for paying reasonable remuneration to the panel of translators shall be from grants sought for by the High Court and sanctioned by the State Government.","Allahabad notice, remuneration | Annexure A, guideline 10","The 2023 Allahabad process is jurisdiction-specific and historical. Do not infer that its remuneration, panel or disclaimer governs every court or every current SUVAS output."
"service-suvas","SUVAS judicial translation","Judicial access","Official use reported","Data & integration","Partial","English judgments/orders are translated; model training, confidential-case exclusions and processor access were not verified.","https://www.pib.gov.in/PressReleasePage.aspx?PRID=2226283&reg=48&lang=2","For this, **SUVAS** **(Supreme Court Vidhik Anuvaad Software)**, an AI-driven translation tool of the Supreme Court, converts English judgments and orders into vernacular languages, enhancing accessibility and regional language use in courts. These translated judgments are hosted on the **e-SCR portal**, significantly expanding public access.","Judgment translation section","The 2023 Allahabad process is jurisdiction-specific and historical. Do not infer that its remuneration, panel or disclaimer governs every court or every current SUVAS output."
"service-suvas","SUVAS judicial translation","Judicial access","Official use reported","Evaluation & error rates","Not verified","n.a. Independent legal-semantic error rates by language, case type and model version were not verified.","","","","The 2023 Allahabad process is jurisdiction-specific and historical. Do not infer that its remuneration, panel or disclaimer governs every court or every current SUVAS output."
"service-suvas","SUVAS judicial translation","Judicial access","Official use reported","Human review & overrides","Documented","Translation committees are described; circulated 2023 scheme guidance requires correctness checks by translators/reviewers. Allahabad's separate certification process is local, not universal. Current implementation across all courts is not audited.","https://www.pib.gov.in/PressReleasePage.aspx?PRID=2226283&reg=48&lang=2 | https://www.allahabadhighcourt.in/event/event_16290_18-09-2023.pdf | https://cdnbbsr.s3waas.gov.in/s3ec03ac73001b1d44f4925449ce09d9f5/uploads/2023/09/2023092013.pdf","**Supreme Court and High Court AI Translation Committees** oversee quality and constitutional accuracy. AI use remains assistive, with translations reviewed within judicial frameworks to support access to justice. | After due vetting & corrections, the said Vetters shall return the same, certifying the correctness of the translation. | Care should be taken by verifying the correctness of translation through the translators/reviewers (retired or in-service translators or retired judicial officers).","Translation committee oversight | Allahabad notice, condition 2 | Annexure A, guideline 4","The 2023 Allahabad process is jurisdiction-specific and historical. Do not infer that its remuneration, panel or disclaimer governs every court or every current SUVAS output."
"service-suvas","SUVAS judicial translation","Judicial access","Official use reported","Privacy & retention","Not verified","n.a. Tool-specific retention, confidential-document handling and training-data reuse rules were not verified.","","","","The 2023 Allahabad process is jurisdiction-specific and historical. Do not infer that its remuneration, panel or disclaimer governs every court or every current SUVAS output."
"service-suvas","SUVAS judicial translation","Judicial access","Official use reported","Complaints & appeal","Partial","The notice requires a disclaimer but does not establish a national translation-error appeal route.","https://www.allahabadhighcourt.in/event/event_16290_18-09-2023.pdf","A disclaimer shall be included in the footer of each page of the vetted judgment.","Allahabad notice, condition 4","The 2023 Allahabad process is jurisdiction-specific and historical. Do not infer that its remuneration, panel or disclaimer governs every court or every current SUVAS output."
"service-suvas","SUVAS judicial translation","Judicial access","Official use reported","Public outputs & access","Documented","The official explanation reports translated judgments on e-SCR; the local notice exposes a review mechanism.","https://www.pib.gov.in/PressReleasePage.aspx?PRID=2226283&reg=48&lang=2 | https://www.allahabadhighcourt.in/event/event_16290_18-09-2023.pdf","For this, **SUVAS** **(Supreme Court Vidhik Anuvaad Software)**, an AI-driven translation tool of the Supreme Court, converts English judgments and orders into vernacular languages, enhancing accessibility and regional language use in courts. These translated judgments are hosted on the **e-SCR portal**, significantly expanding public access. | High Court of Judicature at Allahabad invites application from desirous Advocates practising at this High Court to create a panel of Vetters for vetting of software generated translation of its Reportable Judgments from English into Hindi.","Judgment translation section | Allahabad notice, opening","The 2023 Allahabad process is jurisdiction-specific and historical. Do not infer that its remuneration, panel or disclaimer governs every court or every current SUVAS output."
"service-suvas","SUVAS judicial translation","Judicial access","Official use reported","Current-status limits","Partial","The reviewed records support assistive translation use, not perfect equivalence or current uniform governance across courts.","https://www.pib.gov.in/PressReleasePage.aspx?PRID=2226283&reg=48&lang=2","**Supreme Court and High Court AI Translation Committees** oversee quality and constitutional accuracy. AI use remains assistive, with translations reviewed within judicial frameworks to support access to justice.","Translation committee oversight","The 2023 Allahabad process is jurisdiction-specific and historical. Do not infer that its remuneration, panel or disclaimer governs every court or every current SUVAS output."
"service-supace","SUPACE research assistance","Judicial administration","Experimental in reviewed official record","Owner & purpose","Documented","Supreme Court research-assistance system for identifying precedents and case facts.","https://www.pib.gov.in/PressReleasePage.aspx?PRID=2226283&reg=48&lang=2","The **Supreme Court Portal for Assistance in Court Efficiency (SUPACE)** is an AI-based system **designed to help identify relevant precedents and understand the factual matrix of cases**. SUPACE remains in an experimental stage and is not yet deployed for regular judicial use.","SUPACE research-assistance section","The June court-AI instrument is a consultation draft in this corpus, not verified enacted regulation. The February deployment description does not establish October status; no court-registry confirmation was requested."
"service-supace","SUPACE research assistance","Judicial administration","Experimental in reviewed official record","Decision role & affected people","Partial","The stated role is assistance with relevant material, not autonomous adjudication; operational influence on actual cases is unverified.","https://www.pib.gov.in/PressReleasePage.aspx?PRID=2226283&reg=48&lang=2","The **Supreme Court Portal for Assistance in Court Efficiency (SUPACE)** is an AI-based system **designed to help identify relevant precedents and understand the factual matrix of cases**. SUPACE remains in an experimental stage and is not yet deployed for regular judicial use.","SUPACE research-assistance section","The June court-AI instrument is a consultation draft in this corpus, not verified enacted regulation. The February deployment description does not establish October status; no court-registry confirmation was requested."
"service-supace","SUPACE research assistance","Judicial administration","Experimental in reviewed official record","Deployment & date","Documented","The February official source describes experimental status and no regular judicial use, rather than completed deployment.","https://www.pib.gov.in/PressReleasePage.aspx?PRID=2226283&reg=48&lang=2","The **Supreme Court Portal for Assistance in Court Efficiency (SUPACE)** is an AI-based system **designed to help identify relevant precedents and understand the factual matrix of cases**. SUPACE remains in an experimental stage and is not yet deployed for regular judicial use.","SUPACE research-assistance section","The June court-AI instrument is a consultation draft in this corpus, not verified enacted regulation. The February deployment description does not establish October status; no court-registry confirmation was requested."
"service-supace","SUPACE research assistance","Judicial administration","Experimental in reviewed official record","Procurement & supplier","Not verified","n.a. Current supplier, procurement award, GPU/infrastructure contract and production acceptance were not verified.","","","","The June court-AI instrument is a consultation draft in this corpus, not verified enacted regulation. The February deployment description does not establish October status; no court-registry confirmation was requested."
"service-supace","SUPACE research assistance","Judicial administration","Experimental in reviewed official record","Funding & contract","Not verified","n.a. SUPACE-specific budget and expenditure were not verified; an eCourts-wide allocation is not a system budget.","","","","The June court-AI instrument is a consultation draft in this corpus, not verified enacted regulation. The February deployment description does not establish October status; no court-registry confirmation was requested."
"service-supace","SUPACE research assistance","Judicial administration","Experimental in reviewed official record","Data & integration","Partial","The source describes precedent and factual-matrix assistance; actual ingestion, training and access-control configuration are unverified.","https://www.pib.gov.in/PressReleasePage.aspx?PRID=2226283&reg=48&lang=2","The **Supreme Court Portal for Assistance in Court Efficiency (SUPACE)** is an AI-based system **designed to help identify relevant precedents and understand the factual matrix of cases**. SUPACE remains in an experimental stage and is not yet deployed for regular judicial use.","SUPACE research-assistance section","The June court-AI instrument is a consultation draft in this corpus, not verified enacted regulation. The February deployment description does not establish October status; no court-registry confirmation was requested."
"service-supace","SUPACE research assistance","Judicial administration","Experimental in reviewed official record","Evaluation & error rates","Not verified","n.a. Current independent citation, omission and hallucination tests or courtroom outcome evaluations were not verified.","","","","The June court-AI instrument is a consultation draft in this corpus, not verified enacted regulation. The February deployment description does not establish October status; no court-registry confirmation was requested."
"service-supace","SUPACE research assistance","Judicial administration","Experimental in reviewed official record","Human review & overrides","Partial","The June draft proposes assistive operation and human primacy; this proposal is not proof of an enacted or implemented operational SOP.","https://cdnbbsr.s3waas.gov.in/s3ec0490f1f4972d133619a60c30f3559e/uploads/2026/06/2026060342.pdf","(2) Every AI System shall function solely in an assistive capacity and shall not supplant or compromise the independent exercise of judicial authority by a duly appointed judicial officer.","Draft human-primacy provision","The June court-AI instrument is a consultation draft in this corpus, not verified enacted regulation. The February deployment description does not establish October status; no court-registry confirmation was requested."
"service-supace","SUPACE research assistance","Judicial administration","Experimental in reviewed official record","Privacy & retention","Not verified","n.a. System-specific confidential-case handling, data retention and model-provider terms were not verified.","","","","The June court-AI instrument is a consultation draft in this corpus, not verified enacted regulation. The February deployment description does not establish October status; no court-registry confirmation was requested."
"service-supace","SUPACE research assistance","Judicial administration","Experimental in reviewed official record","Complaints & appeal","Not verified","n.a. A system-output correction/objection route was not verified; ordinary judicial remedies are not analysed here.","","","","The June court-AI instrument is a consultation draft in this corpus, not verified enacted regulation. The February deployment description does not establish October status; no court-registry confirmation was requested."
"service-supace","SUPACE research assistance","Judicial administration","Experimental in reviewed official record","Public outputs & access","Partial","Official descriptions and a draft governance instrument are public; no current public operational/test record was verified.","https://www.pib.gov.in/PressReleasePage.aspx?PRID=2226283&reg=48&lang=2 | https://cdnbbsr.s3waas.gov.in/s3ec0490f1f4972d133619a60c30f3559e/uploads/2026/06/2026060342.pdf","The **Supreme Court Portal for Assistance in Court Efficiency (SUPACE)** is an AI-based system **designed to help identify relevant precedents and understand the factual matrix of cases**. SUPACE remains in an experimental stage and is not yet deployed for regular judicial use. | Sub.: Seeking views/suggestions of all stakeholders and the general public on draft ‘Regulations for Use of Artificial Intelligence (AI) in Courts, 2026’.","SUPACE research-assistance section | 3 June consultation notice","The June court-AI instrument is a consultation draft in this corpus, not verified enacted regulation. The February deployment description does not establish October status; no court-registry confirmation was requested."
"service-supace","SUPACE research assistance","Judicial administration","Experimental in reviewed official record","Current-status limits","Not verified","n.a. A later final regulation or routine SUPACE deployment was not verified after recency searches. This is not proof that neither exists.","https://cdnbbsr.s3waas.gov.in/s3ec0490f1f4972d133619a60c30f3559e/uploads/2026/06/2026060342.pdf | https://www.pib.gov.in/PressReleasePage.aspx?PRID=2226283&reg=48&lang=2","Sub.: Seeking views/suggestions of all stakeholders and the general public on draft ‘Regulations for Use of Artificial Intelligence (AI) in Courts, 2026’. | The **Supreme Court Portal for Assistance in Court Efficiency (SUPACE)** is an AI-based system **designed to help identify relevant precedents and understand the factual matrix of cases**. SUPACE remains in an experimental stage and is not yet deployed for regular judicial use.","3 June consultation notice | SUPACE research-assistance section","The June court-AI instrument is a consultation draft in this corpus, not verified enacted regulation. The February deployment description does not establish October status; no court-registry confirmation was requested."
"service-esanjeevani","eSanjeevani clinical support","Public healthcare","Official integration reported","Owner & purpose","Documented","C-DAC Mohali developed the national platform; the parliamentary record describes CDSS functionality.","https://cdac.in/index.aspx?id=product_details&productId=eSanjeevaniNationalTelemedicineService | https://sansad.in/getFile/lsapps/loksabhaquestions/annex/188/AS284_ZZWF4R.pdf?source=lsapps","eSanjeevani is an indigenous, cloud-native telemedicine platform developed by C-DAC Mohali to address critical healthcare accessibility challenges, including the shortage and uneven distribution of healthcare professionals, limited access to specialist care in rural and remote areas, and gaps in continuity of care. | Further, the AI based Clinical Decision Support System (CDSS) available on this platform also enables a systematic capture of the diseases symptoms through a detailed patient assistance form, and identification of possible diseases.","Product brief | Parliamentary CDSS explanation","Not clinical advice. Components are not all established as machine learning. The study abstract was retrieved, but full manuscript access was blocked; no independent numeric accuracy is assigned. March/April integration wording is retained. The undated privacy policy's treatment-output carve-out matters; historical practice guidance is not certification of current compliance."
"service-esanjeevani","eSanjeevani clinical support","Public healthcare","Official integration reported","Decision role & affected people","Documented","Possible diseases and specialist referral support are presented to a doctor at the hub end, affecting patient consultations.","https://sansad.in/getFile/lsapps/loksabhaquestions/annex/188/AS284_ZZWF4R.pdf?source=lsapps | https://sansad.in/getFile/lsapps/loksabhaquestions/annex/188/AS284_ZZWF4R.pdf?source=lsapps","Further, the AI based Clinical Decision Support System (CDSS) available on this platform also enables a systematic capture of the diseases symptoms through a detailed patient assistance form, and identification of possible diseases. | It also makes recommendation of a specialist doctor through a ‘rule engine’ and offers a differential diagnosis of possible diseases to the doctor at the hub end, thus facilitating connect of the patients with specialists as well as aiding consultations.","Parliamentary CDSS explanation | Rule engine and hub-doctor workflow","Not clinical advice. Components are not all established as machine learning. The study abstract was retrieved, but full manuscript access was blocked; no independent numeric accuracy is assigned. March/April integration wording is retained. The undated privacy policy's treatment-output carve-out matters; historical practice guidance is not certification of current compliance."
"service-esanjeevani","eSanjeevani clinical support","Public healthcare","Official integration reported","Deployment & date","Conflicting sources","The parliamentary response dates integration to April 2023 and usage through July 2026; the developer page says March 2023. These descriptions may refer to different components/stages; they are not silently reconciled.","https://sansad.in/getFile/lsapps/loksabhaquestions/annex/188/AS284_ZZWF4R.pdf?source=lsapps | https://www.wadhwaniai.org/impact/healthcare/","Since its integration in April, 2023 till July, 2026, nearly 30.4 crore eSanjeevani consultations across all States/UTs have been benefited from standardized data capture and nearly 2.13 crore AI based differential diagnosis, ensuring consistency across health and wellness centres. | CDSS structures telemedicine patient data via eSanjeevani, suggesting diagnoses and treatments in real time. Integrated since March 2023, it supports 350,000 daily consultations across 31 conditions.","April 2023 integration and July 2026 usage | Developer programme page, March integration claim","Not clinical advice. Components are not all established as machine learning. The study abstract was retrieved, but full manuscript access was blocked; no independent numeric accuracy is assigned. March/April integration wording is retained. The undated privacy policy's treatment-output carve-out matters; historical practice guidance is not certification of current compliance."
"service-esanjeevani","eSanjeevani clinical support","Public healthcare","Official integration reported","Procurement & supplier","Partial","C-DAC is the platform developer; Wadhwani AI describes collaboration on the CDSS in a developer submission. Executed component contracts, production version and full supplier chain were not verified.","https://cdac.in/index.aspx?id=product_details&productId=eSanjeevaniNationalTelemedicineService | https://solve.mit.edu/solutions/73043","eSanjeevani is an indigenous, cloud-native telemedicine platform developed by C-DAC Mohali to address critical healthcare accessibility challenges, including the shortage and uneven distribution of healthcare professionals, limited access to specialist care in rural and remote areas, and gaps in continuity of care. | We also collaborate closely with C-DAC, the technology service provider for the eSanjeevani platform, to ensure that our code is easy to integrate with the existing platform and meets the high standards required for deployment in public healthcare.","Product brief | Developer submission, C-DAC collaboration","Not clinical advice. Components are not all established as machine learning. The study abstract was retrieved, but full manuscript access was blocked; no independent numeric accuracy is assigned. March/April integration wording is retained. The undated privacy policy's treatment-output carve-out matters; historical practice guidance is not certification of current compliance."
"service-esanjeevani","eSanjeevani clinical support","Public healthcare","Official integration reported","Funding & contract","Partial","The retrieved study declares no funding for that study; this is not a zero-cost deployment claim. CDSS-specific contract, licensing, budget and maintenance expenditure remain unverified.","https://doi.org/10.1101/2025.11.22.25340800","This study did not receive any funding.","Research funding declaration, not deployment budget","Not clinical advice. Components are not all established as machine learning. The study abstract was retrieved, but full manuscript access was blocked; no independent numeric accuracy is assigned. March/April integration wording is retained. The undated privacy policy's treatment-output carve-out matters; historical practice guidance is not certification of current compliance."
"service-esanjeevani","eSanjeevani clinical support","Public healthcare","Official integration reported","Data & integration","Documented","Patient assistance forms collect symptoms; the privacy policy identifies a C-DAC-managed server. Developer and study descriptions identify a rule-based/knowledge-based form; all deployed components are not thereby identified.","https://sansad.in/getFile/lsapps/loksabhaquestions/annex/188/AS284_ZZWF4R.pdf?source=lsapps | https://esanjeevani.mohfw.gov.in/assets/guidelines/esanjeevani2.0_Private_Policy.pdf | https://doi.org/10.1101/2025.11.22.25340800 | https://solve.mit.edu/solutions/73043","Further, the AI based Clinical Decision Support System (CDSS) available on this platform also enables a systematic capture of the diseases symptoms through a detailed patient assistance form, and identification of possible diseases. | When the Community Health Officer registers patient on eSanjeevani, the following information besides the users' information is collected from the patient and stored on a server operated and managed by C-DAC Mohali – name, gender, age, address, mobile number, Email ID, health records, etc. | This study, conducted between 2022–2024 by an AI Centre of Excellence of the Government of India, focused on developing, validating, and implementing a knowledge-based CDSS symptom entry Physician Assistance Form (PAF) within eSanjeevani—India’s national teleconsultation platform. | The SIPF uses a rule-based logical workflow to enable the accurate collection of chief complaints by engaging patients with relevant questions.","Parliamentary CDSS explanation | Privacy policy clause 1(a) | Retrieved research abstract, methods | Developer submission, rule-based form","Not clinical advice. Components are not all established as machine learning. The study abstract was retrieved, but full manuscript access was blocked; no independent numeric accuracy is assigned. March/April integration wording is retained. The undated privacy policy's treatment-output carve-out matters; historical practice guidance is not certification of current compliance."
"service-esanjeevani","eSanjeevani clinical support","Public healthcare","Official integration reported","Evaluation & error rates","Partial","A national implementation-study abstract reports expert-clinician validation and implementation, but independent numeric error rates were not established in the retrieved text and full manuscript access was blocked. A separate local 4,401-record study's 90% figure is not the existing national system's score.","https://doi.org/10.1101/2025.11.22.25340800 | https://doi.org/10.1101/2025.11.22.25340800 | https://doi.org/10.1101/2025.11.22.25340800 | https://nihrjodhpur.icmr.org.in/uploads/policybriefs/1782386587_1.PolicyBrief_Telemedicine.pdf","This study, conducted between 2022–2024 by an AI Centre of Excellence of the Government of India, focused on developing, validating, and implementing a knowledge-based CDSS symptom entry Physician Assistance Form (PAF) within eSanjeevani—India’s national teleconsultation platform. | Expert clinicians validated the symptom repository, logic flow, and AI-generated diagnoses. | The validated CDSS was implemented in eSanjeevani 2.0, providing real-time differential diagnosis and departmental recommendations during assisted and non-assisted teleconsultations. | the AI-driven Clinical Decision Support System (AI-CDSS), which has achieved 90% validation accuracy using 4,401 locally sourced patient records, should be integrated into the eSanjeevani platform","Retrieved research abstract, methods | Retrieved research abstract, phase 2 | Retrieved research abstract, phase 3 | Local study recommendation, integration proposal","Not clinical advice. Components are not all established as machine learning. The study abstract was retrieved, but full manuscript access was blocked; no independent numeric accuracy is assigned. March/April integration wording is retained. The undated privacy policy's treatment-output carve-out matters; historical practice guidance is not certification of current compliance."
"service-esanjeevani","eSanjeevani clinical support","Public healthcare","Official integration reported","Human review & overrides","Partial","Differential diagnosis is supplied to a hub doctor. Historical practice guidance reserves final prescribing/counselling to an RMP and prohibits AI/ML platforms from independently doing it; actual override, escalation and safety-monitoring SOPs remain unverified.","https://sansad.in/getFile/lsapps/loksabhaquestions/annex/188/AS284_ZZWF4R.pdf?source=lsapps | https://esanjeevani.mohfw.gov.in/assets/guidelines/Telemedicine_Practice_Guidelines.pdf | https://esanjeevani.mohfw.gov.in/assets/guidelines/Telemedicine_Practice_Guidelines.pdf","It also makes recommendation of a specialist doctor through a ‘rule engine’ and offers a differential diagnosis of possible diseases to the doctor at the hub end, thus facilitating connect of the patients with specialists as well as aiding consultations. | Technology platforms based on Artificial Intelligence/Machine Learning are not allowed to counsel the patients or prescribe any medicines to a patient. | the final prescription or counseling has to be directly delivered by the RMP","Rule engine and hub-doctor workflow | Practice Guidelines section 5.4, AI/ML platforms | Practice Guidelines section 5.4, RMP final delivery","Not clinical advice. Components are not all established as machine learning. The study abstract was retrieved, but full manuscript access was blocked; no independent numeric accuracy is assigned. March/April integration wording is retained. The undated privacy policy's treatment-output carve-out matters; historical practice guidance is not certification of current compliance."
"service-esanjeevani","eSanjeevani clinical support","Public healthcare","Official integration reported","Privacy & retention","Partial","The policy ties some data retention to account existence and further interventions, but excludes medical reports/diagnoses generated in treatment from that clause; no single universal retention period follows.","https://esanjeevani.mohfw.gov.in/assets/guidelines/esanjeevani2.0_Private_Policy.pdf | https://esanjeevani.mohfw.gov.in/assets/guidelines/esanjeevani2.0_Private_Policy.pdf","All personal information collected from you under Clause 1(a) at the time of registration and later will be retained for as long as your account remains in existence and in sync with telemedicine practice guidelines issued by Niti Aayog/Board of Governors MCI and if any academic or medical or public health and administrative interventions have been commenced under Clause 2, for such period thereafter as is required. | Nothing set out herein shall apply to medical reports, diagnoses or other medical information generated by medical professionals in the course of treatment.","Privacy policy clause 3(a) | Privacy policy clause 3(b)","Not clinical advice. Components are not all established as machine learning. The study abstract was retrieved, but full manuscript access was blocked; no independent numeric accuracy is assigned. March/April integration wording is retained. The undated privacy policy's treatment-output carve-out matters; historical practice guidance is not certification of current compliance."
"service-esanjeevani","eSanjeevani clinical support","Public healthcare","Official integration reported","Complaints & appeal","Partial","The privacy policy has a privacy contact, and historical practice guidance calls for platform grievance mechanisms. A functioning current support form or CDSS clinical-error review/remedy procedure was not verified; the platform support page was blocked during this review.","https://esanjeevani.mohfw.gov.in/assets/guidelines/esanjeevani2.0_Private_Policy.pdf | https://esanjeevani.mohfw.gov.in/assets/guidelines/Telemedicine_Practice_Guidelines.pdf","If you have any suggestions, concerns or queries in relation to this Privacy Policy, you may address them at esanjeevaniopd@cdac.in | Technology Platform must ensure that there is a proper mechanism in place to address any queries or grievances that the end-customer may have","Privacy policy clause 10 | Practice Guidelines section 5.6, grievance mechanism","Not clinical advice. Components are not all established as machine learning. The study abstract was retrieved, but full manuscript access was blocked; no independent numeric accuracy is assigned. March/April integration wording is retained. The undated privacy policy's treatment-output carve-out matters; historical practice guidance is not certification of current compliance."
"service-esanjeevani","eSanjeevani clinical support","Public healthcare","Official integration reported","Public outputs & access","Partial","Developer, parliamentary and privacy records and a national implementation-study abstract are public; no complete national CDSS model card or independent validation dossier was verified.","https://cdac.in/index.aspx?id=product_details&productId=eSanjeevaniNationalTelemedicineService | https://sansad.in/getFile/lsapps/loksabhaquestions/annex/188/AS284_ZZWF4R.pdf?source=lsapps | https://esanjeevani.mohfw.gov.in/assets/guidelines/esanjeevani2.0_Private_Policy.pdf | https://doi.org/10.1101/2025.11.22.25340800","eSanjeevani is an indigenous, cloud-native telemedicine platform developed by C-DAC Mohali to address critical healthcare accessibility challenges, including the shortage and uneven distribution of healthcare professionals, limited access to specialist care in rural and remote areas, and gaps in continuity of care. | Since its integration in April, 2023 till July, 2026, nearly 30.4 crore eSanjeevani consultations across all States/UTs have been benefited from standardized data capture and nearly 2.13 crore AI based differential diagnosis, ensuring consistency across health and wellness centres. | If you have any suggestions, concerns or queries in relation to this Privacy Policy, you may address them at esanjeevaniopd@cdac.in | This study, conducted between 2022–2024 by an AI Centre of Excellence of the Government of India, focused on developing, validating, and implementing a knowledge-based CDSS symptom entry Physician Assistance Form (PAF) within eSanjeevani—India’s national teleconsultation platform.","Product brief | April 2023 integration and July 2026 usage | Privacy policy clause 10 | Retrieved research abstract, methods","Not clinical advice. Components are not all established as machine learning. The study abstract was retrieved, but full manuscript access was blocked; no independent numeric accuracy is assigned. March/April integration wording is retained. The undated privacy policy's treatment-output carve-out matters; historical practice guidance is not certification of current compliance."
"service-esanjeevani","eSanjeevani clinical support","Public healthcare","Official integration reported","Current-status limits","Partial","The dated response supports reported integrated use, not independent safety certification or all October operational details. The programme utilisation study raises privacy and access recommendations, but is not a deployed-CDSS accuracy study.","https://sansad.in/getFile/lsapps/loksabhaquestions/annex/188/AS284_ZZWF4R.pdf?source=lsapps | https://www.nhsrcindia.org/sites/default/files/2025-09/Telemedicine%20Final%20Report%202025.pdf","Since its integration in April, 2023 till July, 2026, nearly 30.4 crore eSanjeevani consultations across all States/UTs have been benefited from standardized data capture and nearly 2.13 crore AI based differential diagnosis, ensuring consistency across health and wellness centres. | Efforts should be made to address privacy concerns by implementing robust safeguards, ensuring inclusivity through initiatives by the Government to improve access to technology, and expanding the scope of telemedicine services to cater to a broader range of healthcare needs.","April 2023 integration and July 2026 usage | Programme utilisation study, concluding recommendations","Not clinical advice. Components are not all established as machine learning. The study abstract was retrieved, but full manuscript access was blocked; no independent numeric accuracy is assigned. March/April integration wording is retained. The undated privacy policy's treatment-output carve-out matters; historical practice guidance is not certification of current compliance."
"service-mahacrimeos","MahaCrimeOS investigation support","State policing","Vendor/reporting-supported pilot; scale unverified","Owner & purpose","Partial","Vendor material describes MARVEL adapting CyberEye's CrimeOS with Microsoft technology; the government-authorisation instrument was not verified.","https://www.microsoft.com/en-in/aifirstmovers/FY26CrimeOS","MARVEL worked to adapt CrimeOS AI, developed by CyberEye - Microsoft AI Partner, to finetune it for compliance with state investigation protocols and further configure it in Marathi for easy adoption across the force.","Customer story, supplier and adaptation","The reviewed corpus did not establish a government procurement award, station-wise completed rollout, performance audit or tool-specific redress procedure. Count differences may reflect dates/denominators; do not choose a convenient number."
"service-mahacrimeos","MahaCrimeOS investigation support","State policing","Vendor/reporting-supported pilot; scale unverified","Decision role & affected people","Partial","The reported purpose is complaint processing and investigation assistance; legal consequences and decision boundaries were not verified.","https://news.microsoft.com/source/asia/features/a-race-against-time-maharashtra-police-get-an-ai-copilot-to-fight-cybercrime/","Since April, police there have been using MahaCrimeOS AI, a customized crime investigation platform powered by Microsoft Foundry that helps them process complaints faster and navigate complex data and procedures — all crucial functions for handling cybercrime.","Vendor account, reported pilot use","The reviewed corpus did not establish a government procurement award, station-wise completed rollout, performance audit or tool-specific redress procedure. Count differences may reflect dates/denominators; do not choose a convenient number."
"service-mahacrimeos","MahaCrimeOS investigation support","State policing","Vendor/reporting-supported pilot; scale unverified","Deployment & date","Conflicting sources","Sources describe 23 and 25 pilot stations and an announcement to extend to 1,100; a completed station-wise rollout was not verified.","https://news.microsoft.com/source/asia/features/a-race-against-time-maharashtra-police-get-an-ai-copilot-to-fight-cybercrime/ | https://www.microsoft.com/en-in/aifirstmovers/FY26CrimeOS | https://indianexpress.com/article/explained/mahacrimeos-ai-maharashtra-10418600/","On Dec. 12, 2025, the government of Maharashtra and Microsoft announced that MahaCrimeOS AI will be extended from Nagpur’s 23 police stations to all 1,100 police stations across the state. | This was successfully deployed as a pilot across 25 police stations in Nagpur Rural, including the Cyber Crime Police Station (CCPS). | This was successfully deployed as a pilot across 23 police stations in Nagpur Rural, including the cybercrime police stations (CCPS).","Vendor account, expansion announcement | Customer story, pilot count | News report, pilot count","The reviewed corpus did not establish a government procurement award, station-wise completed rollout, performance audit or tool-specific redress procedure. Count differences may reflect dates/denominators; do not choose a convenient number."
"service-mahacrimeos","MahaCrimeOS investigation support","State policing","Vendor/reporting-supported pilot; scale unverified","Procurement & supplier","Partial","CyberEye/Microsoft/MARVEL are named in vendor material. A named supplier is not a procurement award or proof of the current contract.","https://www.microsoft.com/en-in/aifirstmovers/FY26CrimeOS","MARVEL worked to adapt CrimeOS AI, developed by CyberEye - Microsoft AI Partner, to finetune it for compliance with state investigation protocols and further configure it in Marathi for easy adoption across the force.","Customer story, supplier and adaptation","The reviewed corpus did not establish a government procurement award, station-wise completed rollout, performance audit or tool-specific redress procedure. Count differences may reflect dates/denominators; do not choose a convenient number."
"service-mahacrimeos","MahaCrimeOS investigation support","State policing","Vendor/reporting-supported pilot; scale unverified","Funding & contract","Not verified","n.a. Government contract, licence cost, funding, renewal and procurement evaluation were not verified.","","","","The reviewed corpus did not establish a government procurement award, station-wise completed rollout, performance audit or tool-specific redress procedure. Count differences may reflect dates/denominators; do not choose a convenient number."
"service-mahacrimeos","MahaCrimeOS investigation support","State policing","Vendor/reporting-supported pilot; scale unverified","Data & integration","Partial","Vendor description lists PDFs, audio, handwritten notes and images as inputs, with Marathi adaptation; actual production data flows are not independently verified.","https://www.microsoft.com/en-in/aifirstmovers/FY26CrimeOS | https://www.microsoft.com/en-in/aifirstmovers/FY26CrimeOS","MARVEL worked to adapt CrimeOS AI, developed by CyberEye - Microsoft AI Partner, to finetune it for compliance with state investigation protocols and further configure it in Marathi for easy adoption across the force. | MahaCrimeOS AI ingests complaints in any format such as PDFs, audio, handwritten notes, or images, and then uses multimodal intelligence to extract critical information in any language.","Customer story, supplier and adaptation | Customer story, inputs","The reviewed corpus did not establish a government procurement award, station-wise completed rollout, performance audit or tool-specific redress procedure. Count differences may reflect dates/denominators; do not choose a convenient number."
"service-mahacrimeos","MahaCrimeOS investigation support","State policing","Vendor/reporting-supported pilot; scale unverified","Evaluation & error rates","Not verified","n.a. Independent error, bias, accuracy and workload evaluations were not verified; vendor anecdotes are not benchmarks.","","","","The reviewed corpus did not establish a government procurement award, station-wise completed rollout, performance audit or tool-specific redress procedure. Count differences may reflect dates/denominators; do not choose a convenient number."
"service-mahacrimeos","MahaCrimeOS investigation support","State policing","Vendor/reporting-supported pilot; scale unverified","Human review & overrides","Not verified","n.a. An enforceable officer verification/override SOP and audit trail were not verified.","","","","The reviewed corpus did not establish a government procurement award, station-wise completed rollout, performance audit or tool-specific redress procedure. Count differences may reflect dates/denominators; do not choose a convenient number."
"service-mahacrimeos","MahaCrimeOS investigation support","State policing","Vendor/reporting-supported pilot; scale unverified","Privacy & retention","Not verified","n.a. Tool-specific processor, hosting, model-training use, access, retention and deletion terms were not verified.","","","","The reviewed corpus did not establish a government procurement award, station-wise completed rollout, performance audit or tool-specific redress procedure. Count differences may reflect dates/denominators; do not choose a convenient number."
"service-mahacrimeos","MahaCrimeOS investigation support","State policing","Vendor/reporting-supported pilot; scale unverified","Complaints & appeal","Not verified","n.a. Tool-specific correction, access or complaint mechanisms were not verified; ordinary policing remedies are outside this case's verified scope.","","","","The reviewed corpus did not establish a government procurement award, station-wise completed rollout, performance audit or tool-specific redress procedure. Count differences may reflect dates/denominators; do not choose a convenient number."
"service-mahacrimeos","MahaCrimeOS investigation support","State policing","Vendor/reporting-supported pilot; scale unverified","Public outputs & access","Partial","Public vendor descriptions and reporting exist. Authoritative station-wise deployment, procurement and audit artefacts were not verified.","https://news.microsoft.com/source/asia/features/a-race-against-time-maharashtra-police-get-an-ai-copilot-to-fight-cybercrime/ | https://www.microsoft.com/en-in/aifirstmovers/FY26CrimeOS | https://indianexpress.com/article/explained/mahacrimeos-ai-maharashtra-10418600/","Since April, police there have been using MahaCrimeOS AI, a customized crime investigation platform powered by Microsoft Foundry that helps them process complaints faster and navigate complex data and procedures — all crucial functions for handling cybercrime. | MARVEL worked to adapt CrimeOS AI, developed by CyberEye - Microsoft AI Partner, to finetune it for compliance with state investigation protocols and further configure it in Marathi for easy adoption across the force. | This was successfully deployed as a pilot across 23 police stations in Nagpur Rural, including the cybercrime police stations (CCPS).","Vendor account, reported pilot use | Customer story, supplier and adaptation | News report, pilot count","The reviewed corpus did not establish a government procurement award, station-wise completed rollout, performance audit or tool-specific redress procedure. Count differences may reflect dates/denominators; do not choose a convenient number."
"service-mahacrimeos","MahaCrimeOS investigation support","State policing","Vendor/reporting-supported pilot; scale unverified","Current-status limits","Not verified","n.a. A current government-confirmed rollout inventory and operational audit were not obtained. This is not proof of non-use.","https://news.microsoft.com/source/asia/features/a-race-against-time-maharashtra-police-get-an-ai-copilot-to-fight-cybercrime/ | https://www.microsoft.com/en-in/aifirstmovers/FY26CrimeOS","On Dec. 12, 2025, the government of Maharashtra and Microsoft announced that MahaCrimeOS AI will be extended from Nagpur’s 23 police stations to all 1,100 police stations across the state. | This was successfully deployed as a pilot across 25 police stations in Nagpur Rural, including the Cyber Crime Police Station (CCPS).","Vendor account, expansion announcement | Customer story, pilot count","The reviewed corpus did not establish a government procurement award, station-wise completed rollout, performance audit or tool-specific redress procedure. Count differences may reflect dates/denominators; do not choose a convenient number."